temp_c,ligand,cat_loading,time_s,dG_OA,dG_TM,G_OA_TS,G_TM_TS,dG_boron_hydrolysis,G_Substrate,G_boron_species,k_OA,k_TM,dG_PdLArOH,G_precatalyst
30,PCy3,0.5,60,4.4530532620847225,15.885117047233507,-1181197.4428872638,-1399273.0812285552,0.0,-444179.0608992771,-459272.7749729833,3892468690.0232854,22.32095324514046,11.430260799825191,-1478584.075
30,PCy3,0.5,150,4.4530532620847225,15.885117047233507,-1181197.4428872638,-1399273.0812285552,0.0,-444179.0608992771,-459272.7749729833,3892468690.0232854,22.32095324514046,11.430260799825191,-1478584.075
30,PCy3,0.5,300,4.4530532620847225,15.885117047233507,-1181197.4428872638,-1399273.0812285552,0.0,-444179.0608992771,-459272.7749729833,3892468690.0232854,22.32095324514046,11.430260799825191,-1478584.075
30,PCy3,0.5,600,4.4530532620847225,15.885117047233507,-1181197.4428872638,-1399273.0812285552,0.0,-444179.0608992771,-459272.7749729833,3892468690.0232854,22.32095324514046,11.430260799825191,-1478584.075
30,PCy3,0.5,900,4.4530532620847225,15.885117047233507,-1181197.4428872638,-1399273.0812285552,0.0,-444179.0608992771,-459272.7749729833,3892468690.0232854,22.32095324514046,11.430260799825191,-1478584.075
30,PCy3,1.25,60,4.4530532620847225,15.885117047233507,-1181197.4428872638,-1399273.0812285552,0.0,-444179.0608992771,-459272.7749729833,3892468690.0232854,22.32095324514046,11.430260799825191,-1478584.075
30,PCy3,1.25,150,4.4530532620847225,15.885117047233507,-1181197.4428872638,-1399273.0812285552,0.0,-444179.0608992771,-459272.7749729833,3892468690.0232854,22.32095324514046,11.430260799825191,-1478584.075
30,PCy3,1.25,300,4.4530532620847225,15.885117047233507,-1181197.4428872638,-1399273.0812285552,0.0,-444179.0608992771,-459272.7749729833,3892468690.0232854,22.32095324514046,11.430260799825191,-1478584.075
30,PCy3,1.25,600,4.4530532620847225,15.885117047233507,-1181197.4428872638,-1399273.0812285552,0.0,-444179.0608992771,-459272.7749729833,3892468690.0232854,22.32095324514046,11.430260799825191,-1478584.075
30,PCy3,1.25,900,4.4530532620847225,15.885117047233507,-1181197.4428872638,-1399273.0812285552,0.0,-444179.0608992771,-459272.7749729833,3892468690.0232854,22.32095324514046,11.430260799825191,-1478584.075
30,PCy3,2.5,60,4.4530532620847225,15.885117047233507,-1181197.4428872638,-1399273.0812285552,0.0,-444179.0608992771,-459272.7749729833,3892468690.0232854,22.32095324514046,11.430260799825191,-1478584.075
30,PCy3,2.5,150,4.4530532620847225,15.885117047233507,-1181197.4428872638,-1399273.0812285552,0.0,-444179.0608992771,-459272.7749729833,3892468690.0232854,22.32095324514046,11.430260799825191,-1478584.075
30,PCy3,2.5,300,4.4530532620847225,15.885117047233507,-1181197.4428872638,-1399273.0812285552,0.0,-444179.0608992771,-459272.7749729833,3892468690.0232854,22.32095324514046,11.430260799825191,-1478584.075
30,PCy3,2.5,600,4.4530532620847225,15.885117047233507,-1181197.4428872638,-1399273.0812285552,0.0,-444179.0608992771,-459272.7749729833,3892468690.0232854,22.32095324514046,11.430260799825191,-1478584.075
30,PCy3,2.5,900,4.4530532620847225,15.885117047233507,-1181197.4428872638,-1399273.0812285552,0.0,-444179.0608992771,-459272.7749729833,3892468690.0232854,22.32095324514046,11.430260799825191,-1478584.075
30,PCy3,5.0,60,4.4530532620847225,15.885117047233507,-1181197.4428872638,-1399273.0812285552,0.0,-444179.0608992771,-459272.7749729833,3892468690.0232854,22.32095324514046,11.430260799825191,-1478584.075
30,PCy3,5.0,150,4.4530532620847225,15.885117047233507,-1181197.4428872638,-1399273.0812285552,0.0,-444179.0608992771,-459272.7749729833,3892468690.0232854,22.32095324514046,11.430260799825191,-1478584.075
30,PCy3,5.0,300,4.4530532620847225,15.885117047233507,-1181197.4428872638,-1399273.0812285552,0.0,-444179.0608992771,-459272.7749729833,3892468690.0232854,22.32095324514046,11.430260799825191,-1478584.075
30,PCy3,5.0,600,4.4530532620847225,15.885117047233507,-1181197.4428872638,-1399273.0812285552,0.0,-444179.0608992771,-459272.7749729833,3892468690.0232854,22.32095324514046,11.430260799825191,-1478584.075
30,PCy3,5.0,900,4.4530532620847225,15.885117047233507,-1181197.4428872638,-1399273.0812285552,0.0,-444179.0608992771,-459272.7749729833,3892468690.0232854,22.32095324514046,11.430260799825191,-1478584.075
30,PPh3,0.5,60,5.546570197911933,8.663133368827403,-1174558.500460632,-1392639.217443101,0.0,-444179.0608992771,-459272.7749729833,633717362.8033094,3590274.895457588,8.940080769825727,-1471945.331
30,PPh3,0.5,150,5.546570197911933,8.663133368827403,-1174558.500460632,-1392639.217443101,0.0,-444179.0608992771,-459272.7749729833,633717362.8033094,3590274.895457588,8.940080769825727,-1471945.331
30,PPh3,0.5,300,5.546570197911933,8.663133368827403,-1174558.500460632,-1392639.217443101,0.0,-444179.0608992771,-459272.7749729833,633717362.8033094,3590274.895457588,8.940080769825727,-1471945.331
30,PPh3,0.5,600,5.546570197911933,8.663133368827403,-1174558.500460632,-1392639.217443101,0.0,-444179.0608992771,-459272.7749729833,633717362.8033094,3590274.895457588,8.940080769825727,-1471945.331
30,PPh3,0.5,900,5.546570197911933,8.663133368827403,-1174558.500460632,-1392639.217443101,0.0,-444179.0608992771,-459272.7749729833,633717362.8033094,3590274.895457588,8.940080769825727,-1471945.331
30,PPh3,1.25,60,5.546570197911933,8.663133368827403,-1174558.500460632,-1392639.217443101,0.0,-444179.0608992771,-459272.7749729833,633717362.8033094,3590274.895457588,8.940080769825727,-1471945.331
30,PPh3,1.25,150,5.546570197911933,8.663133368827403,-1174558.500460632,-1392639.217443101,0.0,-444179.0608992771,-459272.7749729833,633717362.8033094,3590274.895457588,8.940080769825727,-1471945.331
30,PPh3,1.25,300,5.546570197911933,8.663133368827403,-1174558.500460632,-1392639.217443101,0.0,-444179.0608992771,-459272.7749729833,633717362.8033094,3590274.895457588,8.940080769825727,-1471945.331
30,PPh3,1.25,600,5.546570197911933,8.663133368827403,-1174558.500460632,-1392639.217443101,0.0,-444179.0608992771,-459272.7749729833,633717362.8033094,3590274.895457588,8.940080769825727,-1471945.331
30,PPh3,1.25,900,5.546570197911933,8.663133368827403,-1174558.500460632,-1392639.217443101,0.0,-444179.0608992771,-459272.7749729833,633717362.8033094,3590274.895457588,8.940080769825727,-1471945.331
30,PPh3,2.5,60,5.546570197911933,8.663133368827403,-1174558.500460632,-1392639.217443101,0.0,-444179.0608992771,-459272.7749729833,633717362.8033094,3590274.895457588,8.940080769825727,-1471945.331
30,PPh3,2.5,150,5.546570197911933,8.663133368827403,-1174558.500460632,-1392639.217443101,0.0,-444179.0608992771,-459272.7749729833,633717362.8033094,3590274.895457588,8.940080769825727,-1471945.331
30,PPh3,2.5,300,5.546570197911933,8.663133368827403,-1174558.500460632,-1392639.217443101,0.0,-444179.0608992771,-459272.7749729833,633717362.8033094,3590274.895457588,8.940080769825727,-1471945.331
30,PPh3,2.5,600,5.546570197911933,8.663133368827403,-1174558.500460632,-1392639.217443101,0.0,-444179.0608992771,-459272.7749729833,633717362.8033094,3590274.895457588,8.940080769825727,-1471945.331
30,PPh3,2.5,900,5.546570197911933,8.663133368827403,-1174558.500460632,-1392639.217443101,0.0,-444179.0608992771,-459272.7749729833,633717362.8033094,3590274.895457588,8.940080769825727,-1471945.331
30,PPh3,5.0,60,5.546570197911933,8.663133368827403,-1174558.500460632,-1392639.217443101,0.0,-444179.0608992771,-459272.7749729833,633717362.8033094,3590274.895457588,8.940080769825727,-1471945.331
30,PPh3,5.0,150,5.546570197911933,8.663133368827403,-1174558.500460632,-1392639.217443101,0.0,-444179.0608992771,-459272.7749729833,633717362.8033094,3590274.895457588,8.940080769825727,-1471945.331
30,PPh3,5.0,300,5.546570197911933,8.663133368827403,-1174558.500460632,-1392639.217443101,0.0,-444179.0608992771,-459272.7749729833,633717362.8033094,3590274.895457588,8.940080769825727,-1471945.331
30,PPh3,5.0,600,5.546570197911933,8.663133368827403,-1174558.500460632,-1392639.217443101,0.0,-444179.0608992771,-459272.7749729833,633717362.8033094,3590274.895457588,8.940080769825727,-1471945.331
30,PPh3,5.0,900,5.546570197911933,8.663133368827403,-1174558.500460632,-1392639.217443101,0.0,-444179.0608992771,-459272.7749729833,633717362.8033094,3590274.895457588,8.940080769825727,-1471945.331
30,AmPhos,0.5,60,7.747103866189718,5.87242125114426,-1448645.7249341998,-1666724.7866256689,0.0,-444179.0608992771,-459272.7749729833,16424962.890415384,368965415.2199011,10.014754140051082,-1746024.933
30,AmPhos,0.5,150,7.747103866189718,5.87242125114426,-1448645.7249341998,-1666724.7866256689,0.0,-444179.0608992771,-459272.7749729833,16424962.890415384,368965415.2199011,10.014754140051082,-1746024.933
30,AmPhos,0.5,300,7.747103866189718,5.87242125114426,-1448645.7249341998,-1666724.7866256689,0.0,-444179.0608992771,-459272.7749729833,16424962.890415384,368965415.2199011,10.014754140051082,-1746024.933
30,AmPhos,0.5,600,7.747103866189718,5.87242125114426,-1448645.7249341998,-1666724.7866256689,0.0,-444179.0608992771,-459272.7749729833,16424962.890415384,368965415.2199011,10.014754140051082,-1746024.933
30,AmPhos,0.5,900,7.747103866189718,5.87242125114426,-1448645.7249341998,-1666724.7866256689,0.0,-444179.0608992771,-459272.7749729833,16424962.890415384,368965415.2199011,10.014754140051082,-1746024.933
30,AmPhos,1.25,60,7.747103866189718,5.87242125114426,-1448645.7249341998,-1666724.7866256689,0.0,-444179.0608992771,-459272.7749729833,16424962.890415384,368965415.2199011,10.014754140051082,-1746024.933
30,AmPhos,1.25,150,7.747103866189718,5.87242125114426,-1448645.7249341998,-1666724.7866256689,0.0,-444179.0608992771,-459272.7749729833,16424962.890415384,368965415.2199011,10.014754140051082,-1746024.933
30,AmPhos,1.25,300,7.747103866189718,5.87242125114426,-1448645.7249341998,-1666724.7866256689,0.0,-444179.0608992771,-459272.7749729833,16424962.890415384,368965415.2199011,10.014754140051082,-1746024.933
30,AmPhos,1.25,600,7.747103866189718,5.87242125114426,-1448645.7249341998,-1666724.7866256689,0.0,-444179.0608992771,-459272.7749729833,16424962.890415384,368965415.2199011,10.014754140051082,-1746024.933
30,AmPhos,1.25,900,7.747103866189718,5.87242125114426,-1448645.7249341998,-1666724.7866256689,0.0,-444179.0608992771,-459272.7749729833,16424962.890415384,368965415.2199011,10.014754140051082,-1746024.933
30,AmPhos,2.5,60,7.747103866189718,5.87242125114426,-1448645.7249341998,-1666724.7866256689,0.0,-444179.0608992771,-459272.7749729833,16424962.890415384,368965415.2199011,10.014754140051082,-1746024.933
30,AmPhos,2.5,150,7.747103866189718,5.87242125114426,-1448645.7249341998,-1666724.7866256689,0.0,-444179.0608992771,-459272.7749729833,16424962.890415384,368965415.2199011,10.014754140051082,-1746024.933
30,AmPhos,2.5,300,7.747103866189718,5.87242125114426,-1448645.7249341998,-1666724.7866256689,0.0,-444179.0608992771,-459272.7749729833,16424962.890415384,368965415.2199011,10.014754140051082,-1746024.933
30,AmPhos,2.5,600,7.747103866189718,5.87242125114426,-1448645.7249341998,-1666724.7866256689,0.0,-444179.0608992771,-459272.7749729833,16424962.890415384,368965415.2199011,10.014754140051082,-1746024.933
30,AmPhos,2.5,900,7.747103866189718,5.87242125114426,-1448645.7249341998,-1666724.7866256689,0.0,-444179.0608992771,-459272.7749729833,16424962.890415384,368965415.2199011,10.014754140051082,-1746024.933
30,AmPhos,5.0,60,7.747103866189718,5.87242125114426,-1448645.7249341998,-1666724.7866256689,0.0,-444179.0608992771,-459272.7749729833,16424962.890415384,368965415.2199011,10.014754140051082,-1746024.933
30,AmPhos,5.0,150,7.747103866189718,5.87242125114426,-1448645.7249341998,-1666724.7866256689,0.0,-444179.0608992771,-459272.7749729833,16424962.890415384,368965415.2199011,10.014754140051082,-1746024.933
30,AmPhos,5.0,300,7.747103866189718,5.87242125114426,-1448645.7249341998,-1666724.7866256689,0.0,-444179.0608992771,-459272.7749729833,16424962.890415384,368965415.2199011,10.014754140051082,-1746024.933
30,AmPhos,5.0,600,7.747103866189718,5.87242125114426,-1448645.7249341998,-1666724.7866256689,0.0,-444179.0608992771,-459272.7749729833,16424962.890415384,368965415.2199011,10.014754140051082,-1746024.933
30,AmPhos,5.0,900,7.747103866189718,5.87242125114426,-1448645.7249341998,-1666724.7866256689,0.0,-444179.0608992771,-459272.7749729833,16424962.890415384,368965415.2199011,10.014754140051082,-1746024.933
30,RuPhos,0.5,60,15.535058305133134,15.847831758670509,-1566233.6661690748,-1784314.3483192113,0.0,-444179.0608992771,-459272.7749729833,39.90931729186957,23.74609227495922,10.311576659791172,-1863624.601
30,RuPhos,0.5,150,15.535058305133134,15.847831758670509,-1566233.6661690748,-1784314.3483192113,0.0,-444179.0608992771,-459272.7749729833,39.90931729186957,23.74609227495922,10.311576659791172,-1863624.601
30,RuPhos,0.5,300,15.535058305133134,15.847831758670509,-1566233.6661690748,-1784314.3483192113,0.0,-444179.0608992771,-459272.7749729833,39.90931729186957,23.74609227495922,10.311576659791172,-1863624.601
30,RuPhos,0.5,600,15.535058305133134,15.847831758670509,-1566233.6661690748,-1784314.3483192113,0.0,-444179.0608992771,-459272.7749729833,39.90931729186957,23.74609227495922,10.311576659791172,-1863624.601
30,RuPhos,0.5,900,15.535058305133134,15.847831758670509,-1566233.6661690748,-1784314.3483192113,0.0,-444179.0608992771,-459272.7749729833,39.90931729186957,23.74609227495922,10.311576659791172,-1863624.601
30,RuPhos,1.25,60,15.535058305133134,15.847831758670509,-1566233.6661690748,-1784314.3483192113,0.0,-444179.0608992771,-459272.7749729833,39.90931729186957,23.74609227495922,10.311576659791172,-1863624.601
30,RuPhos,1.25,150,15.535058305133134,15.847831758670509,-1566233.6661690748,-1784314.3483192113,0.0,-444179.0608992771,-459272.7749729833,39.90931729186957,23.74609227495922,10.311576659791172,-1863624.601
30,RuPhos,1.25,300,15.535058305133134,15.847831758670509,-1566233.6661690748,-1784314.3483192113,0.0,-444179.0608992771,-459272.7749729833,39.90931729186957,23.74609227495922,10.311576659791172,-1863624.601
30,RuPhos,1.25,600,15.535058305133134,15.847831758670509,-1566233.6661690748,-1784314.3483192113,0.0,-444179.0608992771,-459272.7749729833,39.90931729186957,23.74609227495922,10.311576659791172,-1863624.601
30,RuPhos,1.25,900,15.535058305133134,15.847831758670509,-1566233.6661690748,-1784314.3483192113,0.0,-444179.0608992771,-459272.7749729833,39.90931729186957,23.74609227495922,10.311576659791172,-1863624.601
30,RuPhos,2.5,60,15.535058305133134,15.847831758670509,-1566233.6661690748,-1784314.3483192113,0.0,-444179.0608992771,-459272.7749729833,39.90931729186957,23.74609227495922,10.311576659791172,-1863624.601
30,RuPhos,2.5,150,15.535058305133134,15.847831758670509,-1566233.6661690748,-1784314.3483192113,0.0,-444179.0608992771,-459272.7749729833,39.90931729186957,23.74609227495922,10.311576659791172,-1863624.601
30,RuPhos,2.5,300,15.535058305133134,15.847831758670509,-1566233.6661690748,-1784314.3483192113,0.0,-444179.0608992771,-459272.7749729833,39.90931729186957,23.74609227495922,10.311576659791172,-1863624.601
30,RuPhos,2.5,600,15.535058305133134,15.847831758670509,-1566233.6661690748,-1784314.3483192113,0.0,-444179.0608992771,-459272.7749729833,39.90931729186957,23.74609227495922,10.311576659791172,-1863624.601
30,RuPhos,2.5,900,15.535058305133134,15.847831758670509,-1566233.6661690748,-1784314.3483192113,0.0,-444179.0608992771,-459272.7749729833,39.90931729186957,23.74609227495922,10.311576659791172,-1863624.601
30,RuPhos,5.0,60,15.535058305133134,15.847831758670509,-1566233.6661690748,-1784314.3483192113,0.0,-444179.0608992771,-459272.7749729833,39.90931729186957,23.74609227495922,10.311576659791172,-1863624.601
30,RuPhos,5.0,150,15.535058305133134,15.847831758670509,-1566233.6661690748,-1784314.3483192113,0.0,-444179.0608992771,-459272.7749729833,39.90931729186957,23.74609227495922,10.311576659791172,-1863624.601
30,RuPhos,5.0,300,15.535058305133134,15.847831758670509,-1566233.6661690748,-1784314.3483192113,0.0,-444179.0608992771,-459272.7749729833,39.90931729186957,23.74609227495922,10.311576659791172,-1863624.601
30,RuPhos,5.0,600,15.535058305133134,15.847831758670509,-1566233.6661690748,-1784314.3483192113,0.0,-444179.0608992771,-459272.7749729833,39.90931729186957,23.74609227495922,10.311576659791172,-1863624.601
30,RuPhos,5.0,900,15.535058305133134,15.847831758670509,-1566233.6661690748,-1784314.3483192113,0.0,-444179.0608992771,-459272.7749729833,39.90931729186957,23.74609227495922,10.311576659791172,-1863624.601
30,SPhos,0.5,60,11.902778218034655,13.066860674181953,-1467633.8615928562,-1685711.1166239858,0.0,-444179.0608992771,-459272.7749729833,16581.687839939757,2401.196382335609,11.213033209787682,-1765022.138
30,SPhos,0.5,150,11.902778218034655,13.066860674181953,-1467633.8615928562,-1685711.1166239858,0.0,-444179.0608992771,-459272.7749729833,16581.687839939757,2401.196382335609,11.213033209787682,-1765022.138
30,SPhos,0.5,300,11.902778218034655,13.066860674181953,-1467633.8615928562,-1685711.1166239858,0.0,-444179.0608992771,-459272.7749729833,16581.687839939757,2401.196382335609,11.213033209787682,-1765022.138
30,SPhos,0.5,600,11.902778218034655,13.066860674181953,-1467633.8615928562,-1685711.1166239858,0.0,-444179.0608992771,-459272.7749729833,16581.687839939757,2401.196382335609,11.213033209787682,-1765022.138
30,SPhos,0.5,900,11.902778218034655,13.066860674181953,-1467633.8615928562,-1685711.1166239858,0.0,-444179.0608992771,-459272.7749729833,16581.687839939757,2401.196382335609,11.213033209787682,-1765022.138
30,SPhos,1.25,60,11.902778218034655,13.066860674181953,-1467633.8615928562,-1685711.1166239858,0.0,-444179.0608992771,-459272.7749729833,16581.687839939757,2401.196382335609,11.213033209787682,-1765022.138
30,SPhos,1.25,150,11.902778218034655,13.066860674181953,-1467633.8615928562,-1685711.1166239858,0.0,-444179.0608992771,-459272.7749729833,16581.687839939757,2401.196382335609,11.213033209787682,-1765022.138
30,SPhos,1.25,300,11.902778218034655,13.066860674181953,-1467633.8615928562,-1685711.1166239858,0.0,-444179.0608992771,-459272.7749729833,16581.687839939757,2401.196382335609,11.213033209787682,-1765022.138
30,SPhos,1.25,600,11.902778218034655,13.066860674181953,-1467633.8615928562,-1685711.1166239858,0.0,-444179.0608992771,-459272.7749729833,16581.687839939757,2401.196382335609,11.213033209787682,-1765022.138
30,SPhos,1.25,900,11.902778218034655,13.066860674181953,-1467633.8615928562,-1685711.1166239858,0.0,-444179.0608992771,-459272.7749729833,16581.687839939757,2401.196382335609,11.213033209787682,-1765022.138
30,SPhos,2.5,60,11.902778218034655,13.066860674181953,-1467633.8615928562,-1685711.1166239858,0.0,-444179.0608992771,-459272.7749729833,16581.687839939757,2401.196382335609,11.213033209787682,-1765022.138
30,SPhos,2.5,150,11.902778218034655,13.066860674181953,-1467633.8615928562,-1685711.1166239858,0.0,-444179.0608992771,-459272.7749729833,16581.687839939757,2401.196382335609,11.213033209787682,-1765022.138
30,SPhos,2.5,300,11.902778218034655,13.066860674181953,-1467633.8615928562,-1685711.1166239858,0.0,-444179.0608992771,-459272.7749729833,16581.687839939757,2401.196382335609,11.213033209787682,-1765022.138
30,SPhos,2.5,600,11.902778218034655,13.066860674181953,-1467633.8615928562,-1685711.1166239858,0.0,-444179.0608992771,-459272.7749729833,16581.687839939757,2401.196382335609,11.213033209787682,-1765022.138
30,SPhos,2.5,900,11.902778218034655,13.066860674181953,-1467633.8615928562,-1685711.1166239858,0.0,-444179.0608992771,-459272.7749729833,16581.687839939757,2401.196382335609,11.213033209787682,-1765022.138
30,SPhos,5.0,60,11.902778218034655,13.066860674181953,-1467633.8615928562,-1685711.1166239858,0.0,-444179.0608992771,-459272.7749729833,16581.687839939757,2401.196382335609,11.213033209787682,-1765022.138
30,SPhos,5.0,150,11.902778218034655,13.066860674181953,-1467633.8615928562,-1685711.1166239858,0.0,-444179.0608992771,-459272.7749729833,16581.687839939757,2401.196382335609,11.213033209787682,-1765022.138
30,SPhos,5.0,300,11.902778218034655,13.066860674181953,-1467633.8615928562,-1685711.1166239858,0.0,-444179.0608992771,-459272.7749729833,16581.687839939757,2401.196382335609,11.213033209787682,-1765022.138
30,SPhos,5.0,600,11.902778218034655,13.066860674181953,-1467633.8615928562,-1685711.1166239858,0.0,-444179.0608992771,-459272.7749729833,16581.687839939757,2401.196382335609,11.213033209787682,-1765022.138
30,SPhos,5.0,900,11.902778218034655,13.066860674181953,-1467633.8615928562,-1685711.1166239858,0.0,-444179.0608992771,-459272.7749729833,16581.687839939757,2401.196382335609,11.213033209787682,-1765022.138
30,tBu3,0.5,60,6.147649810183793,2.265690451487899,-1035497.4480321554,-1253573.5515742365,0.0,-444179.0608992771,-459272.7749729833,233652309.75449052,146933663595.88953,10.171022860333323,-1332873.912
30,tBu3,0.5,150,6.147649810183793,2.265690451487899,-1035497.4480321554,-1253573.5515742365,0.0,-444179.0608992771,-459272.7749729833,233652309.75449052,146933663595.88953,10.171022860333323,-1332873.912
30,tBu3,0.5,300,6.147649810183793,2.265690451487899,-1035497.4480321554,-1253573.5515742365,0.0,-444179.0608992771,-459272.7749729833,233652309.75449052,146933663595.88953,10.171022860333323,-1332873.912
30,tBu3,0.5,600,6.147649810183793,2.265690451487899,-1035497.4480321554,-1253573.5515742365,0.0,-444179.0608992771,-459272.7749729833,233652309.75449052,146933663595.88953,10.171022860333323,-1332873.912
30,tBu3,0.5,900,6.147649810183793,2.265690451487899,-1035497.4480321554,-1253573.5515742365,0.0,-444179.0608992771,-459272.7749729833,233652309.75449052,146933663595.88953,10.171022860333323,-1332873.912
30,tBu3,1.25,60,6.147649810183793,2.265690451487899,-1035497.4480321554,-1253573.5515742365,0.0,-444179.0608992771,-459272.7749729833,233652309.75449052,146933663595.88953,10.171022860333323,-1332873.912
30,tBu3,1.25,150,6.147649810183793,2.265690451487899,-1035497.4480321554,-1253573.5515742365,0.0,-444179.0608992771,-459272.7749729833,233652309.75449052,146933663595.88953,10.171022860333323,-1332873.912
30,tBu3,1.25,300,6.147649810183793,2.265690451487899,-1035497.4480321554,-1253573.5515742365,0.0,-444179.0608992771,-459272.7749729833,233652309.75449052,146933663595.88953,10.171022860333323,-1332873.912
30,tBu3,1.25,600,6.147649810183793,2.265690451487899,-1035497.4480321554,-1253573.5515742365,0.0,-444179.0608992771,-459272.7749729833,233652309.75449052,146933663595.88953,10.171022860333323,-1332873.912
30,tBu3,1.25,900,6.147649810183793,2.265690451487899,-1035497.4480321554,-1253573.5515742365,0.0,-444179.0608992771,-459272.7749729833,233652309.75449052,146933663595.88953,10.171022860333323,-1332873.912
30,tBu3,2.5,60,6.147649810183793,2.265690451487899,-1035497.4480321554,-1253573.5515742365,0.0,-444179.0608992771,-459272.7749729833,233652309.75449052,146933663595.88953,10.171022860333323,-1332873.912
30,tBu3,2.5,150,6.147649810183793,2.265690451487899,-1035497.4480321554,-1253573.5515742365,0.0,-444179.0608992771,-459272.7749729833,233652309.75449052,146933663595.88953,10.171022860333323,-1332873.912
30,tBu3,2.5,300,6.147649810183793,2.265690451487899,-1035497.4480321554,-1253573.5515742365,0.0,-444179.0608992771,-459272.7749729833,233652309.75449052,146933663595.88953,10.171022860333323,-1332873.912
30,tBu3,2.5,600,6.147649810183793,2.265690451487899,-1035497.4480321554,-1253573.5515742365,0.0,-444179.0608992771,-459272.7749729833,233652309.75449052,146933663595.88953,10.171022860333323,-1332873.912
30,tBu3,2.5,900,6.147649810183793,2.265690451487899,-1035497.4480321554,-1253573.5515742365,0.0,-444179.0608992771,-459272.7749729833,233652309.75449052,146933663595.88953,10.171022860333323,-1332873.912
30,tBu3,5.0,60,6.147649810183793,2.265690451487899,-1035497.4480321554,-1253573.5515742365,0.0,-444179.0608992771,-459272.7749729833,233652309.75449052,146933663595.88953,10.171022860333323,-1332873.912
30,tBu3,5.0,150,6.147649810183793,2.265690451487899,-1035497.4480321554,-1253573.5515742365,0.0,-444179.0608992771,-459272.7749729833,233652309.75449052,146933663595.88953,10.171022860333323,-1332873.912
30,tBu3,5.0,300,6.147649810183793,2.265690451487899,-1035497.4480321554,-1253573.5515742365,0.0,-444179.0608992771,-459272.7749729833,233652309.75449052,146933663595.88953,10.171022860333323,-1332873.912
30,tBu3,5.0,600,6.147649810183793,2.265690451487899,-1035497.4480321554,-1253573.5515742365,0.0,-444179.0608992771,-459272.7749729833,233652309.75449052,146933663595.88953,10.171022860333323,-1332873.912
30,tBu3,5.0,900,6.147649810183793,2.265690451487899,-1035497.4480321554,-1253573.5515742365,0.0,-444179.0608992771,-459272.7749729833,233652309.75449052,146933663595.88953,10.171022860333323,-1332873.912
30,XPhos,0.5,60,6.959117609541863,10.523091319017112,-1545773.373035411,-1763856.482803141,0.0,-444179.0608992771,-459272.7749729833,60753761.84242585,163780.2869910142,10.609905860153958,-1843158.462
30,XPhos,0.5,150,6.959117609541863,10.523091319017112,-1545773.373035411,-1763856.482803141,0.0,-444179.0608992771,-459272.7749729833,60753761.84242585,163780.2869910142,10.609905860153958,-1843158.462
30,XPhos,0.5,300,6.959117609541863,10.523091319017112,-1545773.373035411,-1763856.482803141,0.0,-444179.0608992771,-459272.7749729833,60753761.84242585,163780.2869910142,10.609905860153958,-1843158.462
30,XPhos,0.5,600,6.959117609541863,10.523091319017112,-1545773.373035411,-1763856.482803141,0.0,-444179.0608992771,-459272.7749729833,60753761.84242585,163780.2869910142,10.609905860153958,-1843158.462
30,XPhos,0.5,900,6.959117609541863,10.523091319017112,-1545773.373035411,-1763856.482803141,0.0,-444179.0608992771,-459272.7749729833,60753761.84242585,163780.2869910142,10.609905860153958,-1843158.462
30,XPhos,1.25,60,6.959117609541863,10.523091319017112,-1545773.373035411,-1763856.482803141,0.0,-444179.0608992771,-459272.7749729833,60753761.84242585,163780.2869910142,10.609905860153958,-1843158.462
30,XPhos,1.25,150,6.959117609541863,10.523091319017112,-1545773.373035411,-1763856.482803141,0.0,-444179.0608992771,-459272.7749729833,60753761.84242585,163780.2869910142,10.609905860153958,-1843158.462
30,XPhos,1.25,300,6.959117609541863,10.523091319017112,-1545773.373035411,-1763856.482803141,0.0,-444179.0608992771,-459272.7749729833,60753761.84242585,163780.2869910142,10.609905860153958,-1843158.462
30,XPhos,1.25,600,6.959117609541863,10.523091319017112,-1545773.373035411,-1763856.482803141,0.0,-444179.0608992771,-459272.7749729833,60753761.84242585,163780.2869910142,10.609905860153958,-1843158.462
30,XPhos,1.25,900,6.959117609541863,10.523091319017112,-1545773.373035411,-1763856.482803141,0.0,-444179.0608992771,-459272.7749729833,60753761.84242585,163780.2869910142,10.609905860153958,-1843158.462
30,XPhos,2.5,60,6.959117609541863,10.523091319017112,-1545773.373035411,-1763856.482803141,0.0,-444179.0608992771,-459272.7749729833,60753761.84242585,163780.2869910142,10.609905860153958,-1843158.462
30,XPhos,2.5,150,6.959117609541863,10.523091319017112,-1545773.373035411,-1763856.482803141,0.0,-444179.0608992771,-459272.7749729833,60753761.84242585,163780.2869910142,10.609905860153958,-1843158.462
30,XPhos,2.5,300,6.959117609541863,10.523091319017112,-1545773.373035411,-1763856.482803141,0.0,-444179.0608992771,-459272.7749729833,60753761.84242585,163780.2869910142,10.609905860153958,-1843158.462
30,XPhos,2.5,600,6.959117609541863,10.523091319017112,-1545773.373035411,-1763856.482803141,0.0,-444179.0608992771,-459272.7749729833,60753761.84242585,163780.2869910142,10.609905860153958,-1843158.462
30,XPhos,2.5,900,6.959117609541863,10.523091319017112,-1545773.373035411,-1763856.482803141,0.0,-444179.0608992771,-459272.7749729833,60753761.84242585,163780.2869910142,10.609905860153958,-1843158.462
30,XPhos,5.0,60,6.959117609541863,10.523091319017112,-1545773.373035411,-1763856.482803141,0.0,-444179.0608992771,-459272.7749729833,60753761.84242585,163780.2869910142,10.609905860153958,-1843158.462
30,XPhos,5.0,150,6.959117609541863,10.523091319017112,-1545773.373035411,-1763856.482803141,0.0,-444179.0608992771,-459272.7749729833,60753761.84242585,163780.2869910142,10.609905860153958,-1843158.462
30,XPhos,5.0,300,6.959117609541863,10.523091319017112,-1545773.373035411,-1763856.482803141,0.0,-444179.0608992771,-459272.7749729833,60753761.84242585,163780.2869910142,10.609905860153958,-1843158.462
30,XPhos,5.0,600,6.959117609541863,10.523091319017112,-1545773.373035411,-1763856.482803141,0.0,-444179.0608992771,-459272.7749729833,60753761.84242585,163780.2869910142,10.609905860153958,-1843158.462
30,XPhos,5.0,900,6.959117609541863,10.523091319017112,-1545773.373035411,-1763856.482803141,0.0,-444179.0608992771,-459272.7749729833,60753761.84242585,163780.2869910142,10.609905860153958,-1843158.462
35,PCy3,0.5,60,4.686560082016513,15.864020887063816,-1181198.357802244,-1399274.3517942752,0.0,-444179.4442134271,-459273.4054358833,3046579497.204595,36.02416633009954,11.440260799834505,-1478585.187
35,PCy3,0.5,150,4.686560082016513,15.864020887063816,-1181198.357802244,-1399274.3517942752,0.0,-444179.4442134271,-459273.4054358833,3046579497.204595,36.02416633009954,11.440260799834505,-1478585.187
35,PCy3,0.5,300,4.686560082016513,15.864020887063816,-1181198.357802244,-1399274.3517942752,0.0,-444179.4442134271,-459273.4054358833,3046579497.204595,36.02416633009954,11.440260799834505,-1478585.187
35,PCy3,0.5,600,4.686560082016513,15.864020887063816,-1181198.357802244,-1399274.3517942752,0.0,-444179.4442134271,-459273.4054358833,3046579497.204595,36.02416633009954,11.440260799834505,-1478585.187
35,PCy3,0.5,900,4.686560082016513,15.864020887063816,-1181198.357802244,-1399274.3517942752,0.0,-444179.4442134271,-459273.4054358833,3046579497.204595,36.02416633009954,11.440260799834505,-1478585.187
35,PCy3,1.25,60,4.686560082016513,15.864020887063816,-1181198.357802244,-1399274.3517942752,0.0,-444179.4442134271,-459273.4054358833,3046579497.204595,36.02416633009954,11.440260799834505,-1478585.187
35,PCy3,1.25,150,4.686560082016513,15.864020887063816,-1181198.357802244,-1399274.3517942752,0.0,-444179.4442134271,-459273.4054358833,3046579497.204595,36.02416633009954,11.440260799834505,-1478585.187
35,PCy3,1.25,300,4.686560082016513,15.864020887063816,-1181198.357802244,-1399274.3517942752,0.0,-444179.4442134271,-459273.4054358833,3046579497.204595,36.02416633009954,11.440260799834505,-1478585.187
35,PCy3,1.25,600,4.686560082016513,15.864020887063816,-1181198.357802244,-1399274.3517942752,0.0,-444179.4442134271,-459273.4054358833,3046579497.204595,36.02416633009954,11.440260799834505,-1478585.187
35,PCy3,1.25,900,4.686560082016513,15.864020887063816,-1181198.357802244,-1399274.3517942752,0.0,-444179.4442134271,-459273.4054358833,3046579497.204595,36.02416633009954,11.440260799834505,-1478585.187
35,PCy3,2.5,60,4.686560082016513,15.864020887063816,-1181198.357802244,-1399274.3517942752,0.0,-444179.4442134271,-459273.4054358833,3046579497.204595,36.02416633009954,11.440260799834505,-1478585.187
35,PCy3,2.5,150,4.686560082016513,15.864020887063816,-1181198.357802244,-1399274.3517942752,0.0,-444179.4442134271,-459273.4054358833,3046579497.204595,36.02416633009954,11.440260799834505,-1478585.187
35,PCy3,2.5,300,4.686560082016513,15.864020887063816,-1181198.357802244,-1399274.3517942752,0.0,-444179.4442134271,-459273.4054358833,3046579497.204595,36.02416633009954,11.440260799834505,-1478585.187
35,PCy3,2.5,600,4.686560082016513,15.864020887063816,-1181198.357802244,-1399274.3517942752,0.0,-444179.4442134271,-459273.4054358833,3046579497.204595,36.02416633009954,11.440260799834505,-1478585.187
35,PCy3,2.5,900,4.686560082016513,15.864020887063816,-1181198.357802244,-1399274.3517942752,0.0,-444179.4442134271,-459273.4054358833,3046579497.204595,36.02416633009954,11.440260799834505,-1478585.187
35,PCy3,5.0,60,4.686560082016513,15.864020887063816,-1181198.357802244,-1399274.3517942752,0.0,-444179.4442134271,-459273.4054358833,3046579497.204595,36.02416633009954,11.440260799834505,-1478585.187
35,PCy3,5.0,150,4.686560082016513,15.864020887063816,-1181198.357802244,-1399274.3517942752,0.0,-444179.4442134271,-459273.4054358833,3046579497.204595,36.02416633009954,11.440260799834505,-1478585.187
35,PCy3,5.0,300,4.686560082016513,15.864020887063816,-1181198.357802244,-1399274.3517942752,0.0,-444179.4442134271,-459273.4054358833,3046579497.204595,36.02416633009954,11.440260799834505,-1478585.187
35,PCy3,5.0,600,4.686560082016513,15.864020887063816,-1181198.357802244,-1399274.3517942752,0.0,-444179.4442134271,-459273.4054358833,3046579497.204595,36.02416633009954,11.440260799834505,-1478585.187
35,PCy3,5.0,900,4.686560082016513,15.864020887063816,-1181198.357802244,-1399274.3517942752,0.0,-444179.4442134271,-459273.4054358833,3046579497.204595,36.02416633009954,11.440260799834505,-1478585.187
35,PPh3,0.5,60,5.540505847893655,8.657299769110978,-1174559.3601562318,-1392640.419130761,0.0,-444179.4442134271,-459273.4054358833,755408202.733524,4652709.00782714,8.930080770049244,-1471946.401
35,PPh3,0.5,150,5.540505847893655,8.657299769110978,-1174559.3601562318,-1392640.419130761,0.0,-444179.4442134271,-459273.4054358833,755408202.733524,4652709.00782714,8.930080770049244,-1471946.401
35,PPh3,0.5,300,5.540505847893655,8.657299769110978,-1174559.3601562318,-1392640.419130761,0.0,-444179.4442134271,-459273.4054358833,755408202.733524,4652709.00782714,8.930080770049244,-1471946.401
35,PPh3,0.5,600,5.540505847893655,8.657299769110978,-1174559.3601562318,-1392640.419130761,0.0,-444179.4442134271,-459273.4054358833,755408202.733524,4652709.00782714,8.930080770049244,-1471946.401
35,PPh3,0.5,900,5.540505847893655,8.657299769110978,-1174559.3601562318,-1392640.419130761,0.0,-444179.4442134271,-459273.4054358833,755408202.733524,4652709.00782714,8.930080770049244,-1471946.401
35,PPh3,1.25,60,5.540505847893655,8.657299769110978,-1174559.3601562318,-1392640.419130761,0.0,-444179.4442134271,-459273.4054358833,755408202.733524,4652709.00782714,8.930080770049244,-1471946.401
35,PPh3,1.25,150,5.540505847893655,8.657299769110978,-1174559.3601562318,-1392640.419130761,0.0,-444179.4442134271,-459273.4054358833,755408202.733524,4652709.00782714,8.930080770049244,-1471946.401
35,PPh3,1.25,300,5.540505847893655,8.657299769110978,-1174559.3601562318,-1392640.419130761,0.0,-444179.4442134271,-459273.4054358833,755408202.733524,4652709.00782714,8.930080770049244,-1471946.401
35,PPh3,1.25,600,5.540505847893655,8.657299769110978,-1174559.3601562318,-1392640.419130761,0.0,-444179.4442134271,-459273.4054358833,755408202.733524,4652709.00782714,8.930080770049244,-1471946.401
35,PPh3,1.25,900,5.540505847893655,8.657299769110978,-1174559.3601562318,-1392640.419130761,0.0,-444179.4442134271,-459273.4054358833,755408202.733524,4652709.00782714,8.930080770049244,-1471946.401
35,PPh3,2.5,60,5.540505847893655,8.657299769110978,-1174559.3601562318,-1392640.419130761,0.0,-444179.4442134271,-459273.4054358833,755408202.733524,4652709.00782714,8.930080770049244,-1471946.401
35,PPh3,2.5,150,5.540505847893655,8.657299769110978,-1174559.3601562318,-1392640.419130761,0.0,-444179.4442134271,-459273.4054358833,755408202.733524,4652709.00782714,8.930080770049244,-1471946.401
35,PPh3,2.5,300,5.540505847893655,8.657299769110978,-1174559.3601562318,-1392640.419130761,0.0,-444179.4442134271,-459273.4054358833,755408202.733524,4652709.00782714,8.930080770049244,-1471946.401
35,PPh3,2.5,600,5.540505847893655,8.657299769110978,-1174559.3601562318,-1392640.419130761,0.0,-444179.4442134271,-459273.4054358833,755408202.733524,4652709.00782714,8.930080770049244,-1471946.401
35,PPh3,2.5,900,5.540505847893655,8.657299769110978,-1174559.3601562318,-1392640.419130761,0.0,-444179.4442134271,-459273.4054358833,755408202.733524,4652709.00782714,8.930080770049244,-1471946.401
35,PPh3,5.0,60,5.540505847893655,8.657299769110978,-1174559.3601562318,-1392640.419130761,0.0,-444179.4442134271,-459273.4054358833,755408202.733524,4652709.00782714,8.930080770049244,-1471946.401
35,PPh3,5.0,150,5.540505847893655,8.657299769110978,-1174559.3601562318,-1392640.419130761,0.0,-444179.4442134271,-459273.4054358833,755408202.733524,4652709.00782714,8.930080770049244,-1471946.401
35,PPh3,5.0,300,5.540505847893655,8.657299769110978,-1174559.3601562318,-1392640.419130761,0.0,-444179.4442134271,-459273.4054358833,755408202.733524,4652709.00782714,8.930080770049244,-1471946.401
35,PPh3,5.0,600,5.540505847893655,8.657299769110978,-1174559.3601562318,-1392640.419130761,0.0,-444179.4442134271,-459273.4054358833,755408202.733524,4652709.00782714,8.930080770049244,-1471946.401
35,PPh3,5.0,900,5.540505847893655,8.657299769110978,-1174559.3601562318,-1392640.419130761,0.0,-444179.4442134271,-459273.4054358833,755408202.733524,4652709.00782714,8.930080770049244,-1471946.401
35,AmPhos,0.5,60,7.74872154626064,5.87310508126393,-1448646.96733084,-1666726.3670402588,0.0,-444179.4442134271,-459273.4054358833,20515535.01400838,438831160.85585546,10.024754139827564,-1746026.373
35,AmPhos,0.5,150,7.74872154626064,5.87310508126393,-1448646.96733084,-1666726.3670402588,0.0,-444179.4442134271,-459273.4054358833,20515535.01400838,438831160.85585546,10.024754139827564,-1746026.373
35,AmPhos,0.5,300,7.74872154626064,5.87310508126393,-1448646.96733084,-1666726.3670402588,0.0,-444179.4442134271,-459273.4054358833,20515535.01400838,438831160.85585546,10.024754139827564,-1746026.373
35,AmPhos,0.5,600,7.74872154626064,5.87310508126393,-1448646.96733084,-1666726.3670402588,0.0,-444179.4442134271,-459273.4054358833,20515535.01400838,438831160.85585546,10.024754139827564,-1746026.373
35,AmPhos,0.5,900,7.74872154626064,5.87310508126393,-1448646.96733084,-1666726.3670402588,0.0,-444179.4442134271,-459273.4054358833,20515535.01400838,438831160.85585546,10.024754139827564,-1746026.373
35,AmPhos,1.25,60,7.74872154626064,5.87310508126393,-1448646.96733084,-1666726.3670402588,0.0,-444179.4442134271,-459273.4054358833,20515535.01400838,438831160.85585546,10.024754139827564,-1746026.373
35,AmPhos,1.25,150,7.74872154626064,5.87310508126393,-1448646.96733084,-1666726.3670402588,0.0,-444179.4442134271,-459273.4054358833,20515535.01400838,438831160.85585546,10.024754139827564,-1746026.373
35,AmPhos,1.25,300,7.74872154626064,5.87310508126393,-1448646.96733084,-1666726.3670402588,0.0,-444179.4442134271,-459273.4054358833,20515535.01400838,438831160.85585546,10.024754139827564,-1746026.373
35,AmPhos,1.25,600,7.74872154626064,5.87310508126393,-1448646.96733084,-1666726.3670402588,0.0,-444179.4442134271,-459273.4054358833,20515535.01400838,438831160.85585546,10.024754139827564,-1746026.373
35,AmPhos,1.25,900,7.74872154626064,5.87310508126393,-1448646.96733084,-1666726.3670402588,0.0,-444179.4442134271,-459273.4054358833,20515535.01400838,438831160.85585546,10.024754139827564,-1746026.373
35,AmPhos,2.5,60,7.74872154626064,5.87310508126393,-1448646.96733084,-1666726.3670402588,0.0,-444179.4442134271,-459273.4054358833,20515535.01400838,438831160.85585546,10.024754139827564,-1746026.373
35,AmPhos,2.5,150,7.74872154626064,5.87310508126393,-1448646.96733084,-1666726.3670402588,0.0,-444179.4442134271,-459273.4054358833,20515535.01400838,438831160.85585546,10.024754139827564,-1746026.373
35,AmPhos,2.5,300,7.74872154626064,5.87310508126393,-1448646.96733084,-1666726.3670402588,0.0,-444179.4442134271,-459273.4054358833,20515535.01400838,438831160.85585546,10.024754139827564,-1746026.373
35,AmPhos,2.5,600,7.74872154626064,5.87310508126393,-1448646.96733084,-1666726.3670402588,0.0,-444179.4442134271,-459273.4054358833,20515535.01400838,438831160.85585546,10.024754139827564,-1746026.373
35,AmPhos,2.5,900,7.74872154626064,5.87310508126393,-1448646.96733084,-1666726.3670402588,0.0,-444179.4442134271,-459273.4054358833,20515535.01400838,438831160.85585546,10.024754139827564,-1746026.373
35,AmPhos,5.0,60,7.74872154626064,5.87310508126393,-1448646.96733084,-1666726.3670402588,0.0,-444179.4442134271,-459273.4054358833,20515535.01400838,438831160.85585546,10.024754139827564,-1746026.373
35,AmPhos,5.0,150,7.74872154626064,5.87310508126393,-1448646.96733084,-1666726.3670402588,0.0,-444179.4442134271,-459273.4054358833,20515535.01400838,438831160.85585546,10.024754139827564,-1746026.373
35,AmPhos,5.0,300,7.74872154626064,5.87310508126393,-1448646.96733084,-1666726.3670402588,0.0,-444179.4442134271,-459273.4054358833,20515535.01400838,438831160.85585546,10.024754139827564,-1746026.373
35,AmPhos,5.0,600,7.74872154626064,5.87310508126393,-1448646.96733084,-1666726.3670402588,0.0,-444179.4442134271,-459273.4054358833,20515535.01400838,438831160.85585546,10.024754139827564,-1746026.373
35,AmPhos,5.0,900,7.74872154626064,5.87310508126393,-1448646.96733084,-1666726.3670402588,0.0,-444179.4442134271,-459273.4054358833,20515535.01400838,438831160.85585546,10.024754139827564,-1746026.373
35,RuPhos,0.5,60,15.778200525091961,15.851720228325576,-1566234.869394785,-1784315.8991876417,0.0,-444179.4442134271,-459273.4054358833,41.443745133651454,36.75511163398157,10.331576659809798,-1863626.021
35,RuPhos,0.5,150,15.778200525091961,15.851720228325576,-1566234.869394785,-1784315.8991876417,0.0,-444179.4442134271,-459273.4054358833,41.443745133651454,36.75511163398157,10.331576659809798,-1863626.021
35,RuPhos,0.5,300,15.778200525091961,15.851720228325576,-1566234.869394785,-1784315.8991876417,0.0,-444179.4442134271,-459273.4054358833,41.443745133651454,36.75511163398157,10.331576659809798,-1863626.021
35,RuPhos,0.5,600,15.778200525091961,15.851720228325576,-1566234.869394785,-1784315.8991876417,0.0,-444179.4442134271,-459273.4054358833,41.443745133651454,36.75511163398157,10.331576659809798,-1863626.021
35,RuPhos,0.5,900,15.778200525091961,15.851720228325576,-1566234.869394785,-1784315.8991876417,0.0,-444179.4442134271,-459273.4054358833,41.443745133651454,36.75511163398157,10.331576659809798,-1863626.021
35,RuPhos,1.25,60,15.778200525091961,15.851720228325576,-1566234.869394785,-1784315.8991876417,0.0,-444179.4442134271,-459273.4054358833,41.443745133651454,36.75511163398157,10.331576659809798,-1863626.021
35,RuPhos,1.25,150,15.778200525091961,15.851720228325576,-1566234.869394785,-1784315.8991876417,0.0,-444179.4442134271,-459273.4054358833,41.443745133651454,36.75511163398157,10.331576659809798,-1863626.021
35,RuPhos,1.25,300,15.778200525091961,15.851720228325576,-1566234.869394785,-1784315.8991876417,0.0,-444179.4442134271,-459273.4054358833,41.443745133651454,36.75511163398157,10.331576659809798,-1863626.021
35,RuPhos,1.25,600,15.778200525091961,15.851720228325576,-1566234.869394785,-1784315.8991876417,0.0,-444179.4442134271,-459273.4054358833,41.443745133651454,36.75511163398157,10.331576659809798,-1863626.021
35,RuPhos,1.25,900,15.778200525091961,15.851720228325576,-1566234.869394785,-1784315.8991876417,0.0,-444179.4442134271,-459273.4054358833,41.443745133651454,36.75511163398157,10.331576659809798,-1863626.021
35,RuPhos,2.5,60,15.778200525091961,15.851720228325576,-1566234.869394785,-1784315.8991876417,0.0,-444179.4442134271,-459273.4054358833,41.443745133651454,36.75511163398157,10.331576659809798,-1863626.021
35,RuPhos,2.5,150,15.778200525091961,15.851720228325576,-1566234.869394785,-1784315.8991876417,0.0,-444179.4442134271,-459273.4054358833,41.443745133651454,36.75511163398157,10.331576659809798,-1863626.021
35,RuPhos,2.5,300,15.778200525091961,15.851720228325576,-1566234.869394785,-1784315.8991876417,0.0,-444179.4442134271,-459273.4054358833,41.443745133651454,36.75511163398157,10.331576659809798,-1863626.021
35,RuPhos,2.5,600,15.778200525091961,15.851720228325576,-1566234.869394785,-1784315.8991876417,0.0,-444179.4442134271,-459273.4054358833,41.443745133651454,36.75511163398157,10.331576659809798,-1863626.021
35,RuPhos,2.5,900,15.778200525091961,15.851720228325576,-1566234.869394785,-1784315.8991876417,0.0,-444179.4442134271,-459273.4054358833,41.443745133651454,36.75511163398157,10.331576659809798,-1863626.021
35,RuPhos,5.0,60,15.778200525091961,15.851720228325576,-1566234.869394785,-1784315.8991876417,0.0,-444179.4442134271,-459273.4054358833,41.443745133651454,36.75511163398157,10.331576659809798,-1863626.021
35,RuPhos,5.0,150,15.778200525091961,15.851720228325576,-1566234.869394785,-1784315.8991876417,0.0,-444179.4442134271,-459273.4054358833,41.443745133651454,36.75511163398157,10.331576659809798,-1863626.021
35,RuPhos,5.0,300,15.778200525091961,15.851720228325576,-1566234.869394785,-1784315.8991876417,0.0,-444179.4442134271,-459273.4054358833,41.443745133651454,36.75511163398157,10.331576659809798,-1863626.021
35,RuPhos,5.0,600,15.778200525091961,15.851720228325576,-1566234.869394785,-1784315.8991876417,0.0,-444179.4442134271,-459273.4054358833,41.443745133651454,36.75511163398157,10.331576659809798,-1863626.021
35,RuPhos,5.0,900,15.778200525091961,15.851720228325576,-1566234.869394785,-1784315.8991876417,0.0,-444179.4442134271,-459273.4054358833,41.443745133651454,36.75511163398157,10.331576659809798,-1863626.021
35,SPhos,0.5,60,12.115941647673026,13.080015553859994,-1467634.9886390064,-1685712.545169006,0.0,-444179.4442134271,-459273.4054358833,16397.835250945398,3396.653245732802,11.233033209806308,-1765023.437
35,SPhos,0.5,150,12.115941647673026,13.080015553859994,-1467634.9886390064,-1685712.545169006,0.0,-444179.4442134271,-459273.4054358833,16397.835250945398,3396.653245732802,11.233033209806308,-1765023.437
35,SPhos,0.5,300,12.115941647673026,13.080015553859994,-1467634.9886390064,-1685712.545169006,0.0,-444179.4442134271,-459273.4054358833,16397.835250945398,3396.653245732802,11.233033209806308,-1765023.437
35,SPhos,0.5,600,12.115941647673026,13.080015553859994,-1467634.9886390064,-1685712.545169006,0.0,-444179.4442134271,-459273.4054358833,16397.835250945398,3396.653245732802,11.233033209806308,-1765023.437
35,SPhos,0.5,900,12.115941647673026,13.080015553859994,-1467634.9886390064,-1685712.545169006,0.0,-444179.4442134271,-459273.4054358833,16397.835250945398,3396.653245732802,11.233033209806308,-1765023.437
35,SPhos,1.25,60,12.115941647673026,13.080015553859994,-1467634.9886390064,-1685712.545169006,0.0,-444179.4442134271,-459273.4054358833,16397.835250945398,3396.653245732802,11.233033209806308,-1765023.437
35,SPhos,1.25,150,12.115941647673026,13.080015553859994,-1467634.9886390064,-1685712.545169006,0.0,-444179.4442134271,-459273.4054358833,16397.835250945398,3396.653245732802,11.233033209806308,-1765023.437
35,SPhos,1.25,300,12.115941647673026,13.080015553859994,-1467634.9886390064,-1685712.545169006,0.0,-444179.4442134271,-459273.4054358833,16397.835250945398,3396.653245732802,11.233033209806308,-1765023.437
35,SPhos,1.25,600,12.115941647673026,13.080015553859994,-1467634.9886390064,-1685712.545169006,0.0,-444179.4442134271,-459273.4054358833,16397.835250945398,3396.653245732802,11.233033209806308,-1765023.437
35,SPhos,1.25,900,12.115941647673026,13.080015553859994,-1467634.9886390064,-1685712.545169006,0.0,-444179.4442134271,-459273.4054358833,16397.835250945398,3396.653245732802,11.233033209806308,-1765023.437
35,SPhos,2.5,60,12.115941647673026,13.080015553859994,-1467634.9886390064,-1685712.545169006,0.0,-444179.4442134271,-459273.4054358833,16397.835250945398,3396.653245732802,11.233033209806308,-1765023.437
35,SPhos,2.5,150,12.115941647673026,13.080015553859994,-1467634.9886390064,-1685712.545169006,0.0,-444179.4442134271,-459273.4054358833,16397.835250945398,3396.653245732802,11.233033209806308,-1765023.437
35,SPhos,2.5,300,12.115941647673026,13.080015553859994,-1467634.9886390064,-1685712.545169006,0.0,-444179.4442134271,-459273.4054358833,16397.835250945398,3396.653245732802,11.233033209806308,-1765023.437
35,SPhos,2.5,600,12.115941647673026,13.080015553859994,-1467634.9886390064,-1685712.545169006,0.0,-444179.4442134271,-459273.4054358833,16397.835250945398,3396.653245732802,11.233033209806308,-1765023.437
35,SPhos,2.5,900,12.115941647673026,13.080015553859994,-1467634.9886390064,-1685712.545169006,0.0,-444179.4442134271,-459273.4054358833,16397.835250945398,3396.653245732802,11.233033209806308,-1765023.437
35,SPhos,5.0,60,12.115941647673026,13.080015553859994,-1467634.9886390064,-1685712.545169006,0.0,-444179.4442134271,-459273.4054358833,16397.835250945398,3396.653245732802,11.233033209806308,-1765023.437
35,SPhos,5.0,150,12.115941647673026,13.080015553859994,-1467634.9886390064,-1685712.545169006,0.0,-444179.4442134271,-459273.4054358833,16397.835250945398,3396.653245732802,11.233033209806308,-1765023.437
35,SPhos,5.0,300,12.115941647673026,13.080015553859994,-1467634.9886390064,-1685712.545169006,0.0,-444179.4442134271,-459273.4054358833,16397.835250945398,3396.653245732802,11.233033209806308,-1765023.437
35,SPhos,5.0,600,12.115941647673026,13.080015553859994,-1467634.9886390064,-1685712.545169006,0.0,-444179.4442134271,-459273.4054358833,16397.835250945398,3396.653245732802,11.233033209806308,-1765023.437
35,SPhos,5.0,900,12.115941647673026,13.080015553859994,-1467634.9886390064,-1685712.545169006,0.0,-444179.4442134271,-459273.4054358833,16397.835250945398,3396.653245732802,11.233033209806308,-1765023.437
35,tBu3,0.5,60,6.151454170234501,2.2715773314703256,-1035498.2955117354,-1253574.7358108363,0.0,-444179.4442134271,-459273.4054358833,278540413.7586242,157236576653.66492,10.181022860109806,-1332874.97
35,tBu3,0.5,150,6.151454170234501,2.2715773314703256,-1035498.2955117354,-1253574.7358108363,0.0,-444179.4442134271,-459273.4054358833,278540413.7586242,157236576653.66492,10.181022860109806,-1332874.97
35,tBu3,0.5,300,6.151454170234501,2.2715773314703256,-1035498.2955117354,-1253574.7358108363,0.0,-444179.4442134271,-459273.4054358833,278540413.7586242,157236576653.66492,10.181022860109806,-1332874.97
35,tBu3,0.5,600,6.151454170234501,2.2715773314703256,-1035498.2955117354,-1253574.7358108363,0.0,-444179.4442134271,-459273.4054358833,278540413.7586242,157236576653.66492,10.181022860109806,-1332874.97
35,tBu3,0.5,900,6.151454170234501,2.2715773314703256,-1035498.2955117354,-1253574.7358108363,0.0,-444179.4442134271,-459273.4054358833,278540413.7586242,157236576653.66492,10.181022860109806,-1332874.97
35,tBu3,1.25,60,6.151454170234501,2.2715773314703256,-1035498.2955117354,-1253574.7358108363,0.0,-444179.4442134271,-459273.4054358833,278540413.7586242,157236576653.66492,10.181022860109806,-1332874.97
35,tBu3,1.25,150,6.151454170234501,2.2715773314703256,-1035498.2955117354,-1253574.7358108363,0.0,-444179.4442134271,-459273.4054358833,278540413.7586242,157236576653.66492,10.181022860109806,-1332874.97
35,tBu3,1.25,300,6.151454170234501,2.2715773314703256,-1035498.2955117354,-1253574.7358108363,0.0,-444179.4442134271,-459273.4054358833,278540413.7586242,157236576653.66492,10.181022860109806,-1332874.97
35,tBu3,1.25,600,6.151454170234501,2.2715773314703256,-1035498.2955117354,-1253574.7358108363,0.0,-444179.4442134271,-459273.4054358833,278540413.7586242,157236576653.66492,10.181022860109806,-1332874.97
35,tBu3,1.25,900,6.151454170234501,2.2715773314703256,-1035498.2955117354,-1253574.7358108363,0.0,-444179.4442134271,-459273.4054358833,278540413.7586242,157236576653.66492,10.181022860109806,-1332874.97
35,tBu3,2.5,60,6.151454170234501,2.2715773314703256,-1035498.2955117354,-1253574.7358108363,0.0,-444179.4442134271,-459273.4054358833,278540413.7586242,157236576653.66492,10.181022860109806,-1332874.97
35,tBu3,2.5,150,6.151454170234501,2.2715773314703256,-1035498.2955117354,-1253574.7358108363,0.0,-444179.4442134271,-459273.4054358833,278540413.7586242,157236576653.66492,10.181022860109806,-1332874.97
35,tBu3,2.5,300,6.151454170234501,2.2715773314703256,-1035498.2955117354,-1253574.7358108363,0.0,-444179.4442134271,-459273.4054358833,278540413.7586242,157236576653.66492,10.181022860109806,-1332874.97
35,tBu3,2.5,600,6.151454170234501,2.2715773314703256,-1035498.2955117354,-1253574.7358108363,0.0,-444179.4442134271,-459273.4054358833,278540413.7586242,157236576653.66492,10.181022860109806,-1332874.97
35,tBu3,2.5,900,6.151454170234501,2.2715773314703256,-1035498.2955117354,-1253574.7358108363,0.0,-444179.4442134271,-459273.4054358833,278540413.7586242,157236576653.66492,10.181022860109806,-1332874.97
35,tBu3,5.0,60,6.151454170234501,2.2715773314703256,-1035498.2955117354,-1253574.7358108363,0.0,-444179.4442134271,-459273.4054358833,278540413.7586242,157236576653.66492,10.181022860109806,-1332874.97
35,tBu3,5.0,150,6.151454170234501,2.2715773314703256,-1035498.2955117354,-1253574.7358108363,0.0,-444179.4442134271,-459273.4054358833,278540413.7586242,157236576653.66492,10.181022860109806,-1332874.97
35,tBu3,5.0,300,6.151454170234501,2.2715773314703256,-1035498.2955117354,-1253574.7358108363,0.0,-444179.4442134271,-459273.4054358833,278540413.7586242,157236576653.66492,10.181022860109806,-1332874.97
35,tBu3,5.0,600,6.151454170234501,2.2715773314703256,-1035498.2955117354,-1253574.7358108363,0.0,-444179.4442134271,-459273.4054358833,278540413.7586242,157236576653.66492,10.181022860109806,-1332874.97
35,tBu3,5.0,900,6.151454170234501,2.2715773314703256,-1035498.2955117354,-1253574.7358108363,0.0,-444179.4442134271,-459273.4054358833,278540413.7586242,157236576653.66492,10.181022860109806,-1332874.97
35,XPhos,0.5,60,7.205059269443154,10.535560468910262,-1545774.637870391,-1763858.081225031,0.0,-444179.4442134271,-459273.4054358833,49848957.4961628,216578.80345824358,10.599905860377476,-1843159.935
35,XPhos,0.5,150,7.205059269443154,10.535560468910262,-1545774.637870391,-1763858.081225031,0.0,-444179.4442134271,-459273.4054358833,49848957.4961628,216578.80345824358,10.599905860377476,-1843159.935
35,XPhos,0.5,300,7.205059269443154,10.535560468910262,-1545774.637870391,-1763858.081225031,0.0,-444179.4442134271,-459273.4054358833,49848957.4961628,216578.80345824358,10.599905860377476,-1843159.935
35,XPhos,0.5,600,7.205059269443154,10.535560468910262,-1545774.637870391,-1763858.081225031,0.0,-444179.4442134271,-459273.4054358833,49848957.4961628,216578.80345824358,10.599905860377476,-1843159.935
35,XPhos,0.5,900,7.205059269443154,10.535560468910262,-1545774.637870391,-1763858.081225031,0.0,-444179.4442134271,-459273.4054358833,49848957.4961628,216578.80345824358,10.599905860377476,-1843159.935
35,XPhos,1.25,60,7.205059269443154,10.535560468910262,-1545774.637870391,-1763858.081225031,0.0,-444179.4442134271,-459273.4054358833,49848957.4961628,216578.80345824358,10.599905860377476,-1843159.935
35,XPhos,1.25,150,7.205059269443154,10.535560468910262,-1545774.637870391,-1763858.081225031,0.0,-444179.4442134271,-459273.4054358833,49848957.4961628,216578.80345824358,10.599905860377476,-1843159.935
35,XPhos,1.25,300,7.205059269443154,10.535560468910262,-1545774.637870391,-1763858.081225031,0.0,-444179.4442134271,-459273.4054358833,49848957.4961628,216578.80345824358,10.599905860377476,-1843159.935
35,XPhos,1.25,600,7.205059269443154,10.535560468910262,-1545774.637870391,-1763858.081225031,0.0,-444179.4442134271,-459273.4054358833,49848957.4961628,216578.80345824358,10.599905860377476,-1843159.935
35,XPhos,1.25,900,7.205059269443154,10.535560468910262,-1545774.637870391,-1763858.081225031,0.0,-444179.4442134271,-459273.4054358833,49848957.4961628,216578.80345824358,10.599905860377476,-1843159.935
35,XPhos,2.5,60,7.205059269443154,10.535560468910262,-1545774.637870391,-1763858.081225031,0.0,-444179.4442134271,-459273.4054358833,49848957.4961628,216578.80345824358,10.599905860377476,-1843159.935
35,XPhos,2.5,150,7.205059269443154,10.535560468910262,-1545774.637870391,-1763858.081225031,0.0,-444179.4442134271,-459273.4054358833,49848957.4961628,216578.80345824358,10.599905860377476,-1843159.935
35,XPhos,2.5,300,7.205059269443154,10.535560468910262,-1545774.637870391,-1763858.081225031,0.0,-444179.4442134271,-459273.4054358833,49848957.4961628,216578.80345824358,10.599905860377476,-1843159.935
35,XPhos,2.5,600,7.205059269443154,10.535560468910262,-1545774.637870391,-1763858.081225031,0.0,-444179.4442134271,-459273.4054358833,49848957.4961628,216578.80345824358,10.599905860377476,-1843159.935
35,XPhos,2.5,900,7.205059269443154,10.535560468910262,-1545774.637870391,-1763858.081225031,0.0,-444179.4442134271,-459273.4054358833,49848957.4961628,216578.80345824358,10.599905860377476,-1843159.935
35,XPhos,5.0,60,7.205059269443154,10.535560468910262,-1545774.637870391,-1763858.081225031,0.0,-444179.4442134271,-459273.4054358833,49848957.4961628,216578.80345824358,10.599905860377476,-1843159.935
35,XPhos,5.0,150,7.205059269443154,10.535560468910262,-1545774.637870391,-1763858.081225031,0.0,-444179.4442134271,-459273.4054358833,49848957.4961628,216578.80345824358,10.599905860377476,-1843159.935
35,XPhos,5.0,300,7.205059269443154,10.535560468910262,-1545774.637870391,-1763858.081225031,0.0,-444179.4442134271,-459273.4054358833,49848957.4961628,216578.80345824358,10.599905860377476,-1843159.935
35,XPhos,5.0,600,7.205059269443154,10.535560468910262,-1545774.637870391,-1763858.081225031,0.0,-444179.4442134271,-459273.4054358833,49848957.4961628,216578.80345824358,10.599905860377476,-1843159.935
35,XPhos,5.0,900,7.205059269443154,10.535560468910262,-1545774.637870391,-1763858.081225031,0.0,-444179.4442134271,-459273.4054358833,49848957.4961628,216578.80345824358,10.599905860377476,-1843159.935
40,PCy3,0.5,60,4.919990771915764,15.842780746985227,-1181199.281804224,-1399275.6368391253,0.0,-444179.8293960271,-459274.0409944233,2404161775.521523,57.28616532257743,11.450260799843818,-1478586.312
40,PCy3,0.5,150,4.919990771915764,15.842780746985227,-1181199.281804224,-1399275.6368391253,0.0,-444179.8293960271,-459274.0409944233,2404161775.521523,57.28616532257743,11.450260799843818,-1478586.312
40,PCy3,0.5,300,4.919990771915764,15.842780746985227,-1181199.281804224,-1399275.6368391253,0.0,-444179.8293960271,-459274.0409944233,2404161775.521523,57.28616532257743,11.450260799843818,-1478586.312
40,PCy3,0.5,600,4.919990771915764,15.842780746985227,-1181199.281804224,-1399275.6368391253,0.0,-444179.8293960271,-459274.0409944233,2404161775.521523,57.28616532257743,11.450260799843818,-1478586.312
40,PCy3,0.5,900,4.919990771915764,15.842780746985227,-1181199.281804224,-1399275.6368391253,0.0,-444179.8293960271,-459274.0409944233,2404161775.521523,57.28616532257743,11.450260799843818,-1478586.312
40,PCy3,1.25,60,4.919990771915764,15.842780746985227,-1181199.281804224,-1399275.6368391253,0.0,-444179.8293960271,-459274.0409944233,2404161775.521523,57.28616532257743,11.450260799843818,-1478586.312
40,PCy3,1.25,150,4.919990771915764,15.842780746985227,-1181199.281804224,-1399275.6368391253,0.0,-444179.8293960271,-459274.0409944233,2404161775.521523,57.28616532257743,11.450260799843818,-1478586.312
40,PCy3,1.25,300,4.919990771915764,15.842780746985227,-1181199.281804224,-1399275.6368391253,0.0,-444179.8293960271,-459274.0409944233,2404161775.521523,57.28616532257743,11.450260799843818,-1478586.312
40,PCy3,1.25,600,4.919990771915764,15.842780746985227,-1181199.281804224,-1399275.6368391253,0.0,-444179.8293960271,-459274.0409944233,2404161775.521523,57.28616532257743,11.450260799843818,-1478586.312
40,PCy3,1.25,900,4.919990771915764,15.842780746985227,-1181199.281804224,-1399275.6368391253,0.0,-444179.8293960271,-459274.0409944233,2404161775.521523,57.28616532257743,11.450260799843818,-1478586.312
40,PCy3,2.5,60,4.919990771915764,15.842780746985227,-1181199.281804224,-1399275.6368391253,0.0,-444179.8293960271,-459274.0409944233,2404161775.521523,57.28616532257743,11.450260799843818,-1478586.312
40,PCy3,2.5,150,4.919990771915764,15.842780746985227,-1181199.281804224,-1399275.6368391253,0.0,-444179.8293960271,-459274.0409944233,2404161775.521523,57.28616532257743,11.450260799843818,-1478586.312
40,PCy3,2.5,300,4.919990771915764,15.842780746985227,-1181199.281804224,-1399275.6368391253,0.0,-444179.8293960271,-459274.0409944233,2404161775.521523,57.28616532257743,11.450260799843818,-1478586.312
40,PCy3,2.5,600,4.919990771915764,15.842780746985227,-1181199.281804224,-1399275.6368391253,0.0,-444179.8293960271,-459274.0409944233,2404161775.521523,57.28616532257743,11.450260799843818,-1478586.312
40,PCy3,2.5,900,4.919990771915764,15.842780746985227,-1181199.281804224,-1399275.6368391253,0.0,-444179.8293960271,-459274.0409944233,2404161775.521523,57.28616532257743,11.450260799843818,-1478586.312
40,PCy3,5.0,60,4.919990771915764,15.842780746985227,-1181199.281804224,-1399275.6368391253,0.0,-444179.8293960271,-459274.0409944233,2404161775.521523,57.28616532257743,11.450260799843818,-1478586.312
40,PCy3,5.0,150,4.919990771915764,15.842780746985227,-1181199.281804224,-1399275.6368391253,0.0,-444179.8293960271,-459274.0409944233,2404161775.521523,57.28616532257743,11.450260799843818,-1478586.312
40,PCy3,5.0,300,4.919990771915764,15.842780746985227,-1181199.281804224,-1399275.6368391253,0.0,-444179.8293960271,-459274.0409944233,2404161775.521523,57.28616532257743,11.450260799843818,-1478586.312
40,PCy3,5.0,600,4.919990771915764,15.842780746985227,-1181199.281804224,-1399275.6368391253,0.0,-444179.8293960271,-459274.0409944233,2404161775.521523,57.28616532257743,11.450260799843818,-1478586.312
40,PCy3,5.0,900,4.919990771915764,15.842780746985227,-1181199.281804224,-1399275.6368391253,0.0,-444179.8293960271,-459274.0409944233,2404161775.521523,57.28616532257743,11.450260799843818,-1478586.312
40,PPh3,0.5,60,5.53451706818305,8.651304949074984,-1174560.227596782,-1392641.634014321,0.0,-444179.8293960271,-459274.0409944233,895553382.6856965,5982932.32201439,8.92008076957427,-1471947.483
40,PPh3,0.5,150,5.53451706818305,8.651304949074984,-1174560.227596782,-1392641.634014321,0.0,-444179.8293960271,-459274.0409944233,895553382.6856965,5982932.32201439,8.92008076957427,-1471947.483
40,PPh3,0.5,300,5.53451706818305,8.651304949074984,-1174560.227596782,-1392641.634014321,0.0,-444179.8293960271,-459274.0409944233,895553382.6856965,5982932.32201439,8.92008076957427,-1471947.483
40,PPh3,0.5,600,5.53451706818305,8.651304949074984,-1174560.227596782,-1392641.634014321,0.0,-444179.8293960271,-459274.0409944233,895553382.6856965,5982932.32201439,8.92008076957427,-1471947.483
40,PPh3,0.5,900,5.53451706818305,8.651304949074984,-1174560.227596782,-1392641.634014321,0.0,-444179.8293960271,-459274.0409944233,895553382.6856965,5982932.32201439,8.92008076957427,-1471947.483
40,PPh3,1.25,60,5.53451706818305,8.651304949074984,-1174560.227596782,-1392641.634014321,0.0,-444179.8293960271,-459274.0409944233,895553382.6856965,5982932.32201439,8.92008076957427,-1471947.483
40,PPh3,1.25,150,5.53451706818305,8.651304949074984,-1174560.227596782,-1392641.634014321,0.0,-444179.8293960271,-459274.0409944233,895553382.6856965,5982932.32201439,8.92008076957427,-1471947.483
40,PPh3,1.25,300,5.53451706818305,8.651304949074984,-1174560.227596782,-1392641.634014321,0.0,-444179.8293960271,-459274.0409944233,895553382.6856965,5982932.32201439,8.92008076957427,-1471947.483
40,PPh3,1.25,600,5.53451706818305,8.651304949074984,-1174560.227596782,-1392641.634014321,0.0,-444179.8293960271,-459274.0409944233,895553382.6856965,5982932.32201439,8.92008076957427,-1471947.483
40,PPh3,1.25,900,5.53451706818305,8.651304949074984,-1174560.227596782,-1392641.634014321,0.0,-444179.8293960271,-459274.0409944233,895553382.6856965,5982932.32201439,8.92008076957427,-1471947.483
40,PPh3,2.5,60,5.53451706818305,8.651304949074984,-1174560.227596782,-1392641.634014321,0.0,-444179.8293960271,-459274.0409944233,895553382.6856965,5982932.32201439,8.92008076957427,-1471947.483
40,PPh3,2.5,150,5.53451706818305,8.651304949074984,-1174560.227596782,-1392641.634014321,0.0,-444179.8293960271,-459274.0409944233,895553382.6856965,5982932.32201439,8.92008076957427,-1471947.483
40,PPh3,2.5,300,5.53451706818305,8.651304949074984,-1174560.227596782,-1392641.634014321,0.0,-444179.8293960271,-459274.0409944233,895553382.6856965,5982932.32201439,8.92008076957427,-1471947.483
40,PPh3,2.5,600,5.53451706818305,8.651304949074984,-1174560.227596782,-1392641.634014321,0.0,-444179.8293960271,-459274.0409944233,895553382.6856965,5982932.32201439,8.92008076957427,-1471947.483
40,PPh3,2.5,900,5.53451706818305,8.651304949074984,-1174560.227596782,-1392641.634014321,0.0,-444179.8293960271,-459274.0409944233,895553382.6856965,5982932.32201439,8.92008076957427,-1471947.483
40,PPh3,5.0,60,5.53451706818305,8.651304949074984,-1174560.227596782,-1392641.634014321,0.0,-444179.8293960271,-459274.0409944233,895553382.6856965,5982932.32201439,8.92008076957427,-1471947.483
40,PPh3,5.0,150,5.53451706818305,8.651304949074984,-1174560.227596782,-1392641.634014321,0.0,-444179.8293960271,-459274.0409944233,895553382.6856965,5982932.32201439,8.92008076957427,-1471947.483
40,PPh3,5.0,300,5.53451706818305,8.651304949074984,-1174560.227596782,-1392641.634014321,0.0,-444179.8293960271,-459274.0409944233,895553382.6856965,5982932.32201439,8.92008076957427,-1471947.483
40,PPh3,5.0,600,5.53451706818305,8.651304949074984,-1174560.227596782,-1392641.634014321,0.0,-444179.8293960271,-459274.0409944233,895553382.6856965,5982932.32201439,8.92008076957427,-1471947.483
40,PPh3,5.0,900,5.53451706818305,8.651304949074984,-1174560.227596782,-1392641.634014321,0.0,-444179.8293960271,-459274.0409944233,895553382.6856965,5982932.32201439,8.92008076957427,-1471947.483
40,AmPhos,0.5,60,7.7504360063467175,5.87376865115948,-1448648.2235122398,-1666727.9666996289,0.0,-444179.8293960271,-459274.0409944233,25446155.673661835,519195526.3150639,10.04475414007902,-1746027.829
40,AmPhos,0.5,150,7.7504360063467175,5.87376865115948,-1448648.2235122398,-1666727.9666996289,0.0,-444179.8293960271,-459274.0409944233,25446155.673661835,519195526.3150639,10.04475414007902,-1746027.829
40,AmPhos,0.5,300,7.7504360063467175,5.87376865115948,-1448648.2235122398,-1666727.9666996289,0.0,-444179.8293960271,-459274.0409944233,25446155.673661835,519195526.3150639,10.04475414007902,-1746027.829
40,AmPhos,0.5,600,7.7504360063467175,5.87376865115948,-1448648.2235122398,-1666727.9666996289,0.0,-444179.8293960271,-459274.0409944233,25446155.673661835,519195526.3150639,10.04475414007902,-1746027.829
40,AmPhos,0.5,900,7.7504360063467175,5.87376865115948,-1448648.2235122398,-1666727.9666996289,0.0,-444179.8293960271,-459274.0409944233,25446155.673661835,519195526.3150639,10.04475414007902,-1746027.829
40,AmPhos,1.25,60,7.7504360063467175,5.87376865115948,-1448648.2235122398,-1666727.9666996289,0.0,-444179.8293960271,-459274.0409944233,25446155.673661835,519195526.3150639,10.04475414007902,-1746027.829
40,AmPhos,1.25,150,7.7504360063467175,5.87376865115948,-1448648.2235122398,-1666727.9666996289,0.0,-444179.8293960271,-459274.0409944233,25446155.673661835,519195526.3150639,10.04475414007902,-1746027.829
40,AmPhos,1.25,300,7.7504360063467175,5.87376865115948,-1448648.2235122398,-1666727.9666996289,0.0,-444179.8293960271,-459274.0409944233,25446155.673661835,519195526.3150639,10.04475414007902,-1746027.829
40,AmPhos,1.25,600,7.7504360063467175,5.87376865115948,-1448648.2235122398,-1666727.9666996289,0.0,-444179.8293960271,-459274.0409944233,25446155.673661835,519195526.3150639,10.04475414007902,-1746027.829
40,AmPhos,1.25,900,7.7504360063467175,5.87376865115948,-1448648.2235122398,-1666727.9666996289,0.0,-444179.8293960271,-459274.0409944233,25446155.673661835,519195526.3150639,10.04475414007902,-1746027.829
40,AmPhos,2.5,60,7.7504360063467175,5.87376865115948,-1448648.2235122398,-1666727.9666996289,0.0,-444179.8293960271,-459274.0409944233,25446155.673661835,519195526.3150639,10.04475414007902,-1746027.829
40,AmPhos,2.5,150,7.7504360063467175,5.87376865115948,-1448648.2235122398,-1666727.9666996289,0.0,-444179.8293960271,-459274.0409944233,25446155.673661835,519195526.3150639,10.04475414007902,-1746027.829
40,AmPhos,2.5,300,7.7504360063467175,5.87376865115948,-1448648.2235122398,-1666727.9666996289,0.0,-444179.8293960271,-459274.0409944233,25446155.673661835,519195526.3150639,10.04475414007902,-1746027.829
40,AmPhos,2.5,600,7.7504360063467175,5.87376865115948,-1448648.2235122398,-1666727.9666996289,0.0,-444179.8293960271,-459274.0409944233,25446155.673661835,519195526.3150639,10.04475414007902,-1746027.829
40,AmPhos,2.5,900,7.7504360063467175,5.87376865115948,-1448648.2235122398,-1666727.9666996289,0.0,-444179.8293960271,-459274.0409944233,25446155.673661835,519195526.3150639,10.04475414007902,-1746027.829
40,AmPhos,5.0,60,7.7504360063467175,5.87376865115948,-1448648.2235122398,-1666727.9666996289,0.0,-444179.8293960271,-459274.0409944233,25446155.673661835,519195526.3150639,10.04475414007902,-1746027.829
40,AmPhos,5.0,150,7.7504360063467175,5.87376865115948,-1448648.2235122398,-1666727.9666996289,0.0,-444179.8293960271,-459274.0409944233,25446155.673661835,519195526.3150639,10.04475414007902,-1746027.829
40,AmPhos,5.0,300,7.7504360063467175,5.87376865115948,-1448648.2235122398,-1666727.9666996289,0.0,-444179.8293960271,-459274.0409944233,25446155.673661835,519195526.3150639,10.04475414007902,-1746027.829
40,AmPhos,5.0,600,7.7504360063467175,5.87376865115948,-1448648.2235122398,-1666727.9666996289,0.0,-444179.8293960271,-459274.0409944233,25446155.673661835,519195526.3150639,10.04475414007902,-1746027.829
40,AmPhos,5.0,900,7.7504360063467175,5.87376865115948,-1448648.2235122398,-1666727.9666996289,0.0,-444179.8293960271,-459274.0409944233,25446155.673661835,519195526.3150639,10.04475414007902,-1746027.829
40,RuPhos,0.5,60,16.0212803252507,15.855729078873992,-1566236.086157585,-1784317.468846921,0.0,-444179.8293960271,-459274.0409944233,43.00080143800542,56.10650690572396,10.321576659800485,-1863627.457
40,RuPhos,0.5,150,16.0212803252507,15.855729078873992,-1566236.086157585,-1784317.468846921,0.0,-444179.8293960271,-459274.0409944233,43.00080143800542,56.10650690572396,10.321576659800485,-1863627.457
40,RuPhos,0.5,300,16.0212803252507,15.855729078873992,-1566236.086157585,-1784317.468846921,0.0,-444179.8293960271,-459274.0409944233,43.00080143800542,56.10650690572396,10.321576659800485,-1863627.457
40,RuPhos,0.5,600,16.0212803252507,15.855729078873992,-1566236.086157585,-1784317.468846921,0.0,-444179.8293960271,-459274.0409944233,43.00080143800542,56.10650690572396,10.321576659800485,-1863627.457
40,RuPhos,0.5,900,16.0212803252507,15.855729078873992,-1566236.086157585,-1784317.468846921,0.0,-444179.8293960271,-459274.0409944233,43.00080143800542,56.10650690572396,10.321576659800485,-1863627.457
40,RuPhos,1.25,60,16.0212803252507,15.855729078873992,-1566236.086157585,-1784317.468846921,0.0,-444179.8293960271,-459274.0409944233,43.00080143800542,56.10650690572396,10.321576659800485,-1863627.457
40,RuPhos,1.25,150,16.0212803252507,15.855729078873992,-1566236.086157585,-1784317.468846921,0.0,-444179.8293960271,-459274.0409944233,43.00080143800542,56.10650690572396,10.321576659800485,-1863627.457
40,RuPhos,1.25,300,16.0212803252507,15.855729078873992,-1566236.086157585,-1784317.468846921,0.0,-444179.8293960271,-459274.0409944233,43.00080143800542,56.10650690572396,10.321576659800485,-1863627.457
40,RuPhos,1.25,600,16.0212803252507,15.855729078873992,-1566236.086157585,-1784317.468846921,0.0,-444179.8293960271,-459274.0409944233,43.00080143800542,56.10650690572396,10.321576659800485,-1863627.457
40,RuPhos,1.25,900,16.0212803252507,15.855729078873992,-1566236.086157585,-1784317.468846921,0.0,-444179.8293960271,-459274.0409944233,43.00080143800542,56.10650690572396,10.321576659800485,-1863627.457
40,RuPhos,2.5,60,16.0212803252507,15.855729078873992,-1566236.086157585,-1784317.468846921,0.0,-444179.8293960271,-459274.0409944233,43.00080143800542,56.10650690572396,10.321576659800485,-1863627.457
40,RuPhos,2.5,150,16.0212803252507,15.855729078873992,-1566236.086157585,-1784317.468846921,0.0,-444179.8293960271,-459274.0409944233,43.00080143800542,56.10650690572396,10.321576659800485,-1863627.457
40,RuPhos,2.5,300,16.0212803252507,15.855729078873992,-1566236.086157585,-1784317.468846921,0.0,-444179.8293960271,-459274.0409944233,43.00080143800542,56.10650690572396,10.321576659800485,-1863627.457
40,RuPhos,2.5,600,16.0212803252507,15.855729078873992,-1566236.086157585,-1784317.468846921,0.0,-444179.8293960271,-459274.0409944233,43.00080143800542,56.10650690572396,10.321576659800485,-1863627.457
40,RuPhos,2.5,900,16.0212803252507,15.855729078873992,-1566236.086157585,-1784317.468846921,0.0,-444179.8293960271,-459274.0409944233,43.00080143800542,56.10650690572396,10.321576659800485,-1863627.457
40,RuPhos,5.0,60,16.0212803252507,15.855729078873992,-1566236.086157585,-1784317.468846921,0.0,-444179.8293960271,-459274.0409944233,43.00080143800542,56.10650690572396,10.321576659800485,-1863627.457
40,RuPhos,5.0,150,16.0212803252507,15.855729078873992,-1566236.086157585,-1784317.468846921,0.0,-444179.8293960271,-459274.0409944233,43.00080143800542,56.10650690572396,10.321576659800485,-1863627.457
40,RuPhos,5.0,300,16.0212803252507,15.855729078873992,-1566236.086157585,-1784317.468846921,0.0,-444179.8293960271,-459274.0409944233,43.00080143800542,56.10650690572396,10.321576659800485,-1863627.457
40,RuPhos,5.0,600,16.0212803252507,15.855729078873992,-1566236.086157585,-1784317.468846921,0.0,-444179.8293960271,-459274.0409944233,43.00080143800542,56.10650690572396,10.321576659800485,-1863627.457
40,RuPhos,5.0,900,16.0212803252507,15.855729078873992,-1566236.086157585,-1784317.468846921,0.0,-444179.8293960271,-459274.0409944233,43.00080143800542,56.10650690572396,10.321576659800485,-1863627.457
40,SPhos,0.5,60,12.329091337975115,13.093037704238668,-1467636.1274611563,-1685713.9907695658,0.0,-444179.8293960271,-459274.0409944233,16226.357496488905,4754.117903615619,11.233033209806308,-1765024.75
40,SPhos,0.5,150,12.329091337975115,13.093037704238668,-1467636.1274611563,-1685713.9907695658,0.0,-444179.8293960271,-459274.0409944233,16226.357496488905,4754.117903615619,11.233033209806308,-1765024.75
40,SPhos,0.5,300,12.329091337975115,13.093037704238668,-1467636.1274611563,-1685713.9907695658,0.0,-444179.8293960271,-459274.0409944233,16226.357496488905,4754.117903615619,11.233033209806308,-1765024.75
40,SPhos,0.5,600,12.329091337975115,13.093037704238668,-1467636.1274611563,-1685713.9907695658,0.0,-444179.8293960271,-459274.0409944233,16226.357496488905,4754.117903615619,11.233033209806308,-1765024.75
40,SPhos,0.5,900,12.329091337975115,13.093037704238668,-1467636.1274611563,-1685713.9907695658,0.0,-444179.8293960271,-459274.0409944233,16226.357496488905,4754.117903615619,11.233033209806308,-1765024.75
40,SPhos,1.25,60,12.329091337975115,13.093037704238668,-1467636.1274611563,-1685713.9907695658,0.0,-444179.8293960271,-459274.0409944233,16226.357496488905,4754.117903615619,11.233033209806308,-1765024.75
40,SPhos,1.25,150,12.329091337975115,13.093037704238668,-1467636.1274611563,-1685713.9907695658,0.0,-444179.8293960271,-459274.0409944233,16226.357496488905,4754.117903615619,11.233033209806308,-1765024.75
40,SPhos,1.25,300,12.329091337975115,13.093037704238668,-1467636.1274611563,-1685713.9907695658,0.0,-444179.8293960271,-459274.0409944233,16226.357496488905,4754.117903615619,11.233033209806308,-1765024.75
40,SPhos,1.25,600,12.329091337975115,13.093037704238668,-1467636.1274611563,-1685713.9907695658,0.0,-444179.8293960271,-459274.0409944233,16226.357496488905,4754.117903615619,11.233033209806308,-1765024.75
40,SPhos,1.25,900,12.329091337975115,13.093037704238668,-1467636.1274611563,-1685713.9907695658,0.0,-444179.8293960271,-459274.0409944233,16226.357496488905,4754.117903615619,11.233033209806308,-1765024.75
40,SPhos,2.5,60,12.329091337975115,13.093037704238668,-1467636.1274611563,-1685713.9907695658,0.0,-444179.8293960271,-459274.0409944233,16226.357496488905,4754.117903615619,11.233033209806308,-1765024.75
40,SPhos,2.5,150,12.329091337975115,13.093037704238668,-1467636.1274611563,-1685713.9907695658,0.0,-444179.8293960271,-459274.0409944233,16226.357496488905,4754.117903615619,11.233033209806308,-1765024.75
40,SPhos,2.5,300,12.329091337975115,13.093037704238668,-1467636.1274611563,-1685713.9907695658,0.0,-444179.8293960271,-459274.0409944233,16226.357496488905,4754.117903615619,11.233033209806308,-1765024.75
40,SPhos,2.5,600,12.329091337975115,13.093037704238668,-1467636.1274611563,-1685713.9907695658,0.0,-444179.8293960271,-459274.0409944233,16226.357496488905,4754.117903615619,11.233033209806308,-1765024.75
40,SPhos,2.5,900,12.329091337975115,13.093037704238668,-1467636.1274611563,-1685713.9907695658,0.0,-444179.8293960271,-459274.0409944233,16226.357496488905,4754.117903615619,11.233033209806308,-1765024.75
40,SPhos,5.0,60,12.329091337975115,13.093037704238668,-1467636.1274611563,-1685713.9907695658,0.0,-444179.8293960271,-459274.0409944233,16226.357496488905,4754.117903615619,11.233033209806308,-1765024.75
40,SPhos,5.0,150,12.329091337975115,13.093037704238668,-1467636.1274611563,-1685713.9907695658,0.0,-444179.8293960271,-459274.0409944233,16226.357496488905,4754.117903615619,11.233033209806308,-1765024.75
40,SPhos,5.0,300,12.329091337975115,13.093037704238668,-1467636.1274611563,-1685713.9907695658,0.0,-444179.8293960271,-459274.0409944233,16226.357496488905,4754.117903615619,11.233033209806308,-1765024.75
40,SPhos,5.0,600,12.329091337975115,13.093037704238668,-1467636.1274611563,-1685713.9907695658,0.0,-444179.8293960271,-459274.0409944233,16226.357496488905,4754.117903615619,11.233033209806308,-1765024.75
40,SPhos,5.0,900,12.329091337975115,13.093037704238668,-1467636.1274611563,-1685713.9907695658,0.0,-444179.8293960271,-459274.0409944233,16226.357496488905,4754.117903615619,11.233033209806308,-1765024.75
40,tBu3,0.5,60,6.155320030171424,2.277546701254323,-1035499.1514032354,-1253575.9338558966,0.0,-444179.8293960271,-459274.0409944233,330246970.6527969,167919419980.16046,10.19102286011912,-1332876.039
40,tBu3,0.5,150,6.155320030171424,2.277546701254323,-1035499.1514032354,-1253575.9338558966,0.0,-444179.8293960271,-459274.0409944233,330246970.6527969,167919419980.16046,10.19102286011912,-1332876.039
40,tBu3,0.5,300,6.155320030171424,2.277546701254323,-1035499.1514032354,-1253575.9338558966,0.0,-444179.8293960271,-459274.0409944233,330246970.6527969,167919419980.16046,10.19102286011912,-1332876.039
40,tBu3,0.5,600,6.155320030171424,2.277546701254323,-1035499.1514032354,-1253575.9338558966,0.0,-444179.8293960271,-459274.0409944233,330246970.6527969,167919419980.16046,10.19102286011912,-1332876.039
40,tBu3,0.5,900,6.155320030171424,2.277546701254323,-1035499.1514032354,-1253575.9338558966,0.0,-444179.8293960271,-459274.0409944233,330246970.6527969,167919419980.16046,10.19102286011912,-1332876.039
40,tBu3,1.25,60,6.155320030171424,2.277546701254323,-1035499.1514032354,-1253575.9338558966,0.0,-444179.8293960271,-459274.0409944233,330246970.6527969,167919419980.16046,10.19102286011912,-1332876.039
40,tBu3,1.25,150,6.155320030171424,2.277546701254323,-1035499.1514032354,-1253575.9338558966,0.0,-444179.8293960271,-459274.0409944233,330246970.6527969,167919419980.16046,10.19102286011912,-1332876.039
40,tBu3,1.25,300,6.155320030171424,2.277546701254323,-1035499.1514032354,-1253575.9338558966,0.0,-444179.8293960271,-459274.0409944233,330246970.6527969,167919419980.16046,10.19102286011912,-1332876.039
40,tBu3,1.25,600,6.155320030171424,2.277546701254323,-1035499.1514032354,-1253575.9338558966,0.0,-444179.8293960271,-459274.0409944233,330246970.6527969,167919419980.16046,10.19102286011912,-1332876.039
40,tBu3,1.25,900,6.155320030171424,2.277546701254323,-1035499.1514032354,-1253575.9338558966,0.0,-444179.8293960271,-459274.0409944233,330246970.6527969,167919419980.16046,10.19102286011912,-1332876.039
40,tBu3,2.5,60,6.155320030171424,2.277546701254323,-1035499.1514032354,-1253575.9338558966,0.0,-444179.8293960271,-459274.0409944233,330246970.6527969,167919419980.16046,10.19102286011912,-1332876.039
40,tBu3,2.5,150,6.155320030171424,2.277546701254323,-1035499.1514032354,-1253575.9338558966,0.0,-444179.8293960271,-459274.0409944233,330246970.6527969,167919419980.16046,10.19102286011912,-1332876.039
40,tBu3,2.5,300,6.155320030171424,2.277546701254323,-1035499.1514032354,-1253575.9338558966,0.0,-444179.8293960271,-459274.0409944233,330246970.6527969,167919419980.16046,10.19102286011912,-1332876.039
40,tBu3,2.5,600,6.155320030171424,2.277546701254323,-1035499.1514032354,-1253575.9338558966,0.0,-444179.8293960271,-459274.0409944233,330246970.6527969,167919419980.16046,10.19102286011912,-1332876.039
40,tBu3,2.5,900,6.155320030171424,2.277546701254323,-1035499.1514032354,-1253575.9338558966,0.0,-444179.8293960271,-459274.0409944233,330246970.6527969,167919419980.16046,10.19102286011912,-1332876.039
40,tBu3,5.0,60,6.155320030171424,2.277546701254323,-1035499.1514032354,-1253575.9338558966,0.0,-444179.8293960271,-459274.0409944233,330246970.6527969,167919419980.16046,10.19102286011912,-1332876.039
40,tBu3,5.0,150,6.155320030171424,2.277546701254323,-1035499.1514032354,-1253575.9338558966,0.0,-444179.8293960271,-459274.0409944233,330246970.6527969,167919419980.16046,10.19102286011912,-1332876.039
40,tBu3,5.0,300,6.155320030171424,2.277546701254323,-1035499.1514032354,-1253575.9338558966,0.0,-444179.8293960271,-459274.0409944233,330246970.6527969,167919419980.16046,10.19102286011912,-1332876.039
40,tBu3,5.0,600,6.155320030171424,2.277546701254323,-1035499.1514032354,-1253575.9338558966,0.0,-444179.8293960271,-459274.0409944233,330246970.6527969,167919419980.16046,10.19102286011912,-1332876.039
40,tBu3,5.0,900,6.155320030171424,2.277546701254323,-1035499.1514032354,-1253575.9338558966,0.0,-444179.8293960271,-459274.0409944233,330246970.6527969,167919419980.16046,10.19102286011912,-1332876.039
40,XPhos,0.5,60,7.450894719455391,10.547870988957584,-1545775.9168041209,-1763859.699289771,0.0,-444179.8293960271,-459274.0409944233,41178381.13198226,283999.92187293305,10.609905859921128,-1843161.426
40,XPhos,0.5,150,7.450894719455391,10.547870988957584,-1545775.9168041209,-1763859.699289771,0.0,-444179.8293960271,-459274.0409944233,41178381.13198226,283999.92187293305,10.609905859921128,-1843161.426
40,XPhos,0.5,300,7.450894719455391,10.547870988957584,-1545775.9168041209,-1763859.699289771,0.0,-444179.8293960271,-459274.0409944233,41178381.13198226,283999.92187293305,10.609905859921128,-1843161.426
40,XPhos,0.5,600,7.450894719455391,10.547870988957584,-1545775.9168041209,-1763859.699289771,0.0,-444179.8293960271,-459274.0409944233,41178381.13198226,283999.92187293305,10.609905859921128,-1843161.426
40,XPhos,0.5,900,7.450894719455391,10.547870988957584,-1545775.9168041209,-1763859.699289771,0.0,-444179.8293960271,-459274.0409944233,41178381.13198226,283999.92187293305,10.609905859921128,-1843161.426
40,XPhos,1.25,60,7.450894719455391,10.547870988957584,-1545775.9168041209,-1763859.699289771,0.0,-444179.8293960271,-459274.0409944233,41178381.13198226,283999.92187293305,10.609905859921128,-1843161.426
40,XPhos,1.25,150,7.450894719455391,10.547870988957584,-1545775.9168041209,-1763859.699289771,0.0,-444179.8293960271,-459274.0409944233,41178381.13198226,283999.92187293305,10.609905859921128,-1843161.426
40,XPhos,1.25,300,7.450894719455391,10.547870988957584,-1545775.9168041209,-1763859.699289771,0.0,-444179.8293960271,-459274.0409944233,41178381.13198226,283999.92187293305,10.609905859921128,-1843161.426
40,XPhos,1.25,600,7.450894719455391,10.547870988957584,-1545775.9168041209,-1763859.699289771,0.0,-444179.8293960271,-459274.0409944233,41178381.13198226,283999.92187293305,10.609905859921128,-1843161.426
40,XPhos,1.25,900,7.450894719455391,10.547870988957584,-1545775.9168041209,-1763859.699289771,0.0,-444179.8293960271,-459274.0409944233,41178381.13198226,283999.92187293305,10.609905859921128,-1843161.426
40,XPhos,2.5,60,7.450894719455391,10.547870988957584,-1545775.9168041209,-1763859.699289771,0.0,-444179.8293960271,-459274.0409944233,41178381.13198226,283999.92187293305,10.609905859921128,-1843161.426
40,XPhos,2.5,150,7.450894719455391,10.547870988957584,-1545775.9168041209,-1763859.699289771,0.0,-444179.8293960271,-459274.0409944233,41178381.13198226,283999.92187293305,10.609905859921128,-1843161.426
40,XPhos,2.5,300,7.450894719455391,10.547870988957584,-1545775.9168041209,-1763859.699289771,0.0,-444179.8293960271,-459274.0409944233,41178381.13198226,283999.92187293305,10.609905859921128,-1843161.426
40,XPhos,2.5,600,7.450894719455391,10.547870988957584,-1545775.9168041209,-1763859.699289771,0.0,-444179.8293960271,-459274.0409944233,41178381.13198226,283999.92187293305,10.609905859921128,-1843161.426
40,XPhos,2.5,900,7.450894719455391,10.547870988957584,-1545775.9168041209,-1763859.699289771,0.0,-444179.8293960271,-459274.0409944233,41178381.13198226,283999.92187293305,10.609905859921128,-1843161.426
40,XPhos,5.0,60,7.450894719455391,10.547870988957584,-1545775.9168041209,-1763859.699289771,0.0,-444179.8293960271,-459274.0409944233,41178381.13198226,283999.92187293305,10.609905859921128,-1843161.426
40,XPhos,5.0,150,7.450894719455391,10.547870988957584,-1545775.9168041209,-1763859.699289771,0.0,-444179.8293960271,-459274.0409944233,41178381.13198226,283999.92187293305,10.609905859921128,-1843161.426
40,XPhos,5.0,300,7.450894719455391,10.547870988957584,-1545775.9168041209,-1763859.699289771,0.0,-444179.8293960271,-459274.0409944233,41178381.13198226,283999.92187293305,10.609905859921128,-1843161.426
40,XPhos,5.0,600,7.450894719455391,10.547870988957584,-1545775.9168041209,-1763859.699289771,0.0,-444179.8293960271,-459274.0409944233,41178381.13198226,283999.92187293305,10.609905859921128,-1843161.426
40,XPhos,5.0,900,7.450894719455391,10.547870988957584,-1545775.9168041209,-1763859.699289771,0.0,-444179.8293960271,-459274.0409944233,41178381.13198226,283999.92187293305,10.609905859921128,-1843161.426
45,PCy3,0.5,60,5.153346881968901,15.821401657303795,-1181200.214892354,-1399276.9363482052,0.0,-444180.2164438071,-459274.68163209327,1912087618.2914307,89.821001633762,11.460260800085962,-1478587.449
45,PCy3,0.5,150,5.153346881968901,15.821401657303795,-1181200.214892354,-1399276.9363482052,0.0,-444180.2164438071,-459274.68163209327,1912087618.2914307,89.821001633762,11.460260800085962,-1478587.449
45,PCy3,0.5,300,5.153346881968901,15.821401657303795,-1181200.214892354,-1399276.9363482052,0.0,-444180.2164438071,-459274.68163209327,1912087618.2914307,89.821001633762,11.460260800085962,-1478587.449
45,PCy3,0.5,600,5.153346881968901,15.821401657303795,-1181200.214892354,-1399276.9363482052,0.0,-444180.2164438071,-459274.68163209327,1912087618.2914307,89.821001633762,11.460260800085962,-1478587.449
45,PCy3,0.5,900,5.153346881968901,15.821401657303795,-1181200.214892354,-1399276.9363482052,0.0,-444180.2164438071,-459274.68163209327,1912087618.2914307,89.821001633762,11.460260800085962,-1478587.449
45,PCy3,1.25,60,5.153346881968901,15.821401657303795,-1181200.214892354,-1399276.9363482052,0.0,-444180.2164438071,-459274.68163209327,1912087618.2914307,89.821001633762,11.460260800085962,-1478587.449
45,PCy3,1.25,150,5.153346881968901,15.821401657303795,-1181200.214892354,-1399276.9363482052,0.0,-444180.2164438071,-459274.68163209327,1912087618.2914307,89.821001633762,11.460260800085962,-1478587.449
45,PCy3,1.25,300,5.153346881968901,15.821401657303795,-1181200.214892354,-1399276.9363482052,0.0,-444180.2164438071,-459274.68163209327,1912087618.2914307,89.821001633762,11.460260800085962,-1478587.449
45,PCy3,1.25,600,5.153346881968901,15.821401657303795,-1181200.214892354,-1399276.9363482052,0.0,-444180.2164438071,-459274.68163209327,1912087618.2914307,89.821001633762,11.460260800085962,-1478587.449
45,PCy3,1.25,900,5.153346881968901,15.821401657303795,-1181200.214892354,-1399276.9363482052,0.0,-444180.2164438071,-459274.68163209327,1912087618.2914307,89.821001633762,11.460260800085962,-1478587.449
45,PCy3,2.5,60,5.153346881968901,15.821401657303795,-1181200.214892354,-1399276.9363482052,0.0,-444180.2164438071,-459274.68163209327,1912087618.2914307,89.821001633762,11.460260800085962,-1478587.449
45,PCy3,2.5,150,5.153346881968901,15.821401657303795,-1181200.214892354,-1399276.9363482052,0.0,-444180.2164438071,-459274.68163209327,1912087618.2914307,89.821001633762,11.460260800085962,-1478587.449
45,PCy3,2.5,300,5.153346881968901,15.821401657303795,-1181200.214892354,-1399276.9363482052,0.0,-444180.2164438071,-459274.68163209327,1912087618.2914307,89.821001633762,11.460260800085962,-1478587.449
45,PCy3,2.5,600,5.153346881968901,15.821401657303795,-1181200.214892354,-1399276.9363482052,0.0,-444180.2164438071,-459274.68163209327,1912087618.2914307,89.821001633762,11.460260800085962,-1478587.449
45,PCy3,2.5,900,5.153346881968901,15.821401657303795,-1181200.214892354,-1399276.9363482052,0.0,-444180.2164438071,-459274.68163209327,1912087618.2914307,89.821001633762,11.460260800085962,-1478587.449
45,PCy3,5.0,60,5.153346881968901,15.821401657303795,-1181200.214892354,-1399276.9363482052,0.0,-444180.2164438071,-459274.68163209327,1912087618.2914307,89.821001633762,11.460260800085962,-1478587.449
45,PCy3,5.0,150,5.153346881968901,15.821401657303795,-1181200.214892354,-1399276.9363482052,0.0,-444180.2164438071,-459274.68163209327,1912087618.2914307,89.821001633762,11.460260800085962,-1478587.449
45,PCy3,5.0,300,5.153346881968901,15.821401657303795,-1181200.214892354,-1399276.9363482052,0.0,-444180.2164438071,-459274.68163209327,1912087618.2914307,89.821001633762,11.460260800085962,-1478587.449
45,PCy3,5.0,600,5.153346881968901,15.821401657303795,-1181200.214892354,-1399276.9363482052,0.0,-444180.2164438071,-459274.68163209327,1912087618.2914307,89.821001633762,11.460260800085962,-1478587.449
45,PCy3,5.0,900,5.153346881968901,15.821401657303795,-1181200.214892354,-1399276.9363482052,0.0,-444180.2164438071,-459274.68163209327,1912087618.2914307,89.821001633762,11.460260800085962,-1478587.449
45,PPh3,0.5,60,5.528604427585378,8.645154149038717,-1174561.102773392,-1392642.862070221,0.0,-444180.2164438071,-459274.68163209327,1056172440.5549848,7636701.529295807,8.910080770263448,-1471948.576
45,PPh3,0.5,150,5.528604427585378,8.645154149038717,-1174561.102773392,-1392642.862070221,0.0,-444180.2164438071,-459274.68163209327,1056172440.5549848,7636701.529295807,8.910080770263448,-1471948.576
45,PPh3,0.5,300,5.528604427585378,8.645154149038717,-1174561.102773392,-1392642.862070221,0.0,-444180.2164438071,-459274.68163209327,1056172440.5549848,7636701.529295807,8.910080770263448,-1471948.576
45,PPh3,0.5,600,5.528604427585378,8.645154149038717,-1174561.102773392,-1392642.862070221,0.0,-444180.2164438071,-459274.68163209327,1056172440.5549848,7636701.529295807,8.910080770263448,-1471948.576
45,PPh3,0.5,900,5.528604427585378,8.645154149038717,-1174561.102773392,-1392642.862070221,0.0,-444180.2164438071,-459274.68163209327,1056172440.5549848,7636701.529295807,8.910080770263448,-1471948.576
45,PPh3,1.25,60,5.528604427585378,8.645154149038717,-1174561.102773392,-1392642.862070221,0.0,-444180.2164438071,-459274.68163209327,1056172440.5549848,7636701.529295807,8.910080770263448,-1471948.576
45,PPh3,1.25,150,5.528604427585378,8.645154149038717,-1174561.102773392,-1392642.862070221,0.0,-444180.2164438071,-459274.68163209327,1056172440.5549848,7636701.529295807,8.910080770263448,-1471948.576
45,PPh3,1.25,300,5.528604427585378,8.645154149038717,-1174561.102773392,-1392642.862070221,0.0,-444180.2164438071,-459274.68163209327,1056172440.5549848,7636701.529295807,8.910080770263448,-1471948.576
45,PPh3,1.25,600,5.528604427585378,8.645154149038717,-1174561.102773392,-1392642.862070221,0.0,-444180.2164438071,-459274.68163209327,1056172440.5549848,7636701.529295807,8.910080770263448,-1471948.576
45,PPh3,1.25,900,5.528604427585378,8.645154149038717,-1174561.102773392,-1392642.862070221,0.0,-444180.2164438071,-459274.68163209327,1056172440.5549848,7636701.529295807,8.910080770263448,-1471948.576
45,PPh3,2.5,60,5.528604427585378,8.645154149038717,-1174561.102773392,-1392642.862070221,0.0,-444180.2164438071,-459274.68163209327,1056172440.5549848,7636701.529295807,8.910080770263448,-1471948.576
45,PPh3,2.5,150,5.528604427585378,8.645154149038717,-1174561.102773392,-1392642.862070221,0.0,-444180.2164438071,-459274.68163209327,1056172440.5549848,7636701.529295807,8.910080770263448,-1471948.576
45,PPh3,2.5,300,5.528604427585378,8.645154149038717,-1174561.102773392,-1392642.862070221,0.0,-444180.2164438071,-459274.68163209327,1056172440.5549848,7636701.529295807,8.910080770263448,-1471948.576
45,PPh3,2.5,600,5.528604427585378,8.645154149038717,-1174561.102773392,-1392642.862070221,0.0,-444180.2164438071,-459274.68163209327,1056172440.5549848,7636701.529295807,8.910080770263448,-1471948.576
45,PPh3,2.5,900,5.528604427585378,8.645154149038717,-1174561.102773392,-1392642.862070221,0.0,-444180.2164438071,-459274.68163209327,1056172440.5549848,7636701.529295807,8.910080770263448,-1471948.576
45,PPh3,5.0,60,5.528604427585378,8.645154149038717,-1174561.102773392,-1392642.862070221,0.0,-444180.2164438071,-459274.68163209327,1056172440.5549848,7636701.529295807,8.910080770263448,-1471948.576
45,PPh3,5.0,150,5.528604427585378,8.645154149038717,-1174561.102773392,-1392642.862070221,0.0,-444180.2164438071,-459274.68163209327,1056172440.5549848,7636701.529295807,8.910080770263448,-1471948.576
45,PPh3,5.0,300,5.528604427585378,8.645154149038717,-1174561.102773392,-1392642.862070221,0.0,-444180.2164438071,-459274.68163209327,1056172440.5549848,7636701.529295807,8.910080770263448,-1471948.576
45,PPh3,5.0,600,5.528604427585378,8.645154149038717,-1174561.102773392,-1392642.862070221,0.0,-444180.2164438071,-459274.68163209327,1056172440.5549848,7636701.529295807,8.910080770263448,-1471948.576
45,PPh3,5.0,900,5.528604427585378,8.645154149038717,-1174561.102773392,-1392642.862070221,0.0,-444180.2164438071,-459274.68163209327,1056172440.5549848,7636701.529295807,8.910080770263448,-1471948.576
45,AmPhos,0.5,60,7.752247695811093,5.874414881225675,-1448649.49344555,-1666729.5855557488,0.0,-444180.2164438071,-459274.68163209327,31351881.181920238,611209014.8253787,10.044754140311852,-1746029.303
45,AmPhos,0.5,150,7.752247695811093,5.874414881225675,-1448649.49344555,-1666729.5855557488,0.0,-444180.2164438071,-459274.68163209327,31351881.181920238,611209014.8253787,10.044754140311852,-1746029.303
45,AmPhos,0.5,300,7.752247695811093,5.874414881225675,-1448649.49344555,-1666729.5855557488,0.0,-444180.2164438071,-459274.68163209327,31351881.181920238,611209014.8253787,10.044754140311852,-1746029.303
45,AmPhos,0.5,600,7.752247695811093,5.874414881225675,-1448649.49344555,-1666729.5855557488,0.0,-444180.2164438071,-459274.68163209327,31351881.181920238,611209014.8253787,10.044754140311852,-1746029.303
45,AmPhos,0.5,900,7.752247695811093,5.874414881225675,-1448649.49344555,-1666729.5855557488,0.0,-444180.2164438071,-459274.68163209327,31351881.181920238,611209014.8253787,10.044754140311852,-1746029.303
45,AmPhos,1.25,60,7.752247695811093,5.874414881225675,-1448649.49344555,-1666729.5855557488,0.0,-444180.2164438071,-459274.68163209327,31351881.181920238,611209014.8253787,10.044754140311852,-1746029.303
45,AmPhos,1.25,150,7.752247695811093,5.874414881225675,-1448649.49344555,-1666729.5855557488,0.0,-444180.2164438071,-459274.68163209327,31351881.181920238,611209014.8253787,10.044754140311852,-1746029.303
45,AmPhos,1.25,300,7.752247695811093,5.874414881225675,-1448649.49344555,-1666729.5855557488,0.0,-444180.2164438071,-459274.68163209327,31351881.181920238,611209014.8253787,10.044754140311852,-1746029.303
45,AmPhos,1.25,600,7.752247695811093,5.874414881225675,-1448649.49344555,-1666729.5855557488,0.0,-444180.2164438071,-459274.68163209327,31351881.181920238,611209014.8253787,10.044754140311852,-1746029.303
45,AmPhos,1.25,900,7.752247695811093,5.874414881225675,-1448649.49344555,-1666729.5855557488,0.0,-444180.2164438071,-459274.68163209327,31351881.181920238,611209014.8253787,10.044754140311852,-1746029.303
45,AmPhos,2.5,60,7.752247695811093,5.874414881225675,-1448649.49344555,-1666729.5855557488,0.0,-444180.2164438071,-459274.68163209327,31351881.181920238,611209014.8253787,10.044754140311852,-1746029.303
45,AmPhos,2.5,150,7.752247695811093,5.874414881225675,-1448649.49344555,-1666729.5855557488,0.0,-444180.2164438071,-459274.68163209327,31351881.181920238,611209014.8253787,10.044754140311852,-1746029.303
45,AmPhos,2.5,300,7.752247695811093,5.874414881225675,-1448649.49344555,-1666729.5855557488,0.0,-444180.2164438071,-459274.68163209327,31351881.181920238,611209014.8253787,10.044754140311852,-1746029.303
45,AmPhos,2.5,600,7.752247695811093,5.874414881225675,-1448649.49344555,-1666729.5855557488,0.0,-444180.2164438071,-459274.68163209327,31351881.181920238,611209014.8253787,10.044754140311852,-1746029.303
45,AmPhos,2.5,900,7.752247695811093,5.874414881225675,-1448649.49344555,-1666729.5855557488,0.0,-444180.2164438071,-459274.68163209327,31351881.181920238,611209014.8253787,10.044754140311852,-1746029.303
45,AmPhos,5.0,60,7.752247695811093,5.874414881225675,-1448649.49344555,-1666729.5855557488,0.0,-444180.2164438071,-459274.68163209327,31351881.181920238,611209014.8253787,10.044754140311852,-1746029.303
45,AmPhos,5.0,150,7.752247695811093,5.874414881225675,-1448649.49344555,-1666729.5855557488,0.0,-444180.2164438071,-459274.68163209327,31351881.181920238,611209014.8253787,10.044754140311852,-1746029.303
45,AmPhos,5.0,300,7.752247695811093,5.874414881225675,-1448649.49344555,-1666729.5855557488,0.0,-444180.2164438071,-459274.68163209327,31351881.181920238,611209014.8253787,10.044754140311852,-1746029.303
45,AmPhos,5.0,600,7.752247695811093,5.874414881225675,-1448649.49344555,-1666729.5855557488,0.0,-444180.2164438071,-459274.68163209327,31351881.181920238,611209014.8253787,10.044754140311852,-1746029.303
45,AmPhos,5.0,900,7.752247695811093,5.874414881225675,-1448649.49344555,-1666729.5855557488,0.0,-444180.2164438071,-459274.68163209327,31351881.181920238,611209014.8253787,10.044754140311852,-1746029.303
45,RuPhos,0.5,60,16.26429867511615,15.859859028831124,-1566237.316443875,-1784319.057271141,0.0,-444180.2164438071,-459274.68163209327,44.58018238049175,84.52022587669069,10.341576659819111,-1863628.911
45,RuPhos,0.5,150,16.26429867511615,15.859859028831124,-1566237.316443875,-1784319.057271141,0.0,-444180.2164438071,-459274.68163209327,44.58018238049175,84.52022587669069,10.341576659819111,-1863628.911
45,RuPhos,0.5,300,16.26429867511615,15.859859028831124,-1566237.316443875,-1784319.057271141,0.0,-444180.2164438071,-459274.68163209327,44.58018238049175,84.52022587669069,10.341576659819111,-1863628.911
45,RuPhos,0.5,600,16.26429867511615,15.859859028831124,-1566237.316443875,-1784319.057271141,0.0,-444180.2164438071,-459274.68163209327,44.58018238049175,84.52022587669069,10.341576659819111,-1863628.911
45,RuPhos,0.5,900,16.26429867511615,15.859859028831124,-1566237.316443875,-1784319.057271141,0.0,-444180.2164438071,-459274.68163209327,44.58018238049175,84.52022587669069,10.341576659819111,-1863628.911
45,RuPhos,1.25,60,16.26429867511615,15.859859028831124,-1566237.316443875,-1784319.057271141,0.0,-444180.2164438071,-459274.68163209327,44.58018238049175,84.52022587669069,10.341576659819111,-1863628.911
45,RuPhos,1.25,150,16.26429867511615,15.859859028831124,-1566237.316443875,-1784319.057271141,0.0,-444180.2164438071,-459274.68163209327,44.58018238049175,84.52022587669069,10.341576659819111,-1863628.911
45,RuPhos,1.25,300,16.26429867511615,15.859859028831124,-1566237.316443875,-1784319.057271141,0.0,-444180.2164438071,-459274.68163209327,44.58018238049175,84.52022587669069,10.341576659819111,-1863628.911
45,RuPhos,1.25,600,16.26429867511615,15.859859028831124,-1566237.316443875,-1784319.057271141,0.0,-444180.2164438071,-459274.68163209327,44.58018238049175,84.52022587669069,10.341576659819111,-1863628.911
45,RuPhos,1.25,900,16.26429867511615,15.859859028831124,-1566237.316443875,-1784319.057271141,0.0,-444180.2164438071,-459274.68163209327,44.58018238049175,84.52022587669069,10.341576659819111,-1863628.911
45,RuPhos,2.5,60,16.26429867511615,15.859859028831124,-1566237.316443875,-1784319.057271141,0.0,-444180.2164438071,-459274.68163209327,44.58018238049175,84.52022587669069,10.341576659819111,-1863628.911
45,RuPhos,2.5,150,16.26429867511615,15.859859028831124,-1566237.316443875,-1784319.057271141,0.0,-444180.2164438071,-459274.68163209327,44.58018238049175,84.52022587669069,10.341576659819111,-1863628.911
45,RuPhos,2.5,300,16.26429867511615,15.859859028831124,-1566237.316443875,-1784319.057271141,0.0,-444180.2164438071,-459274.68163209327,44.58018238049175,84.52022587669069,10.341576659819111,-1863628.911
45,RuPhos,2.5,600,16.26429867511615,15.859859028831124,-1566237.316443875,-1784319.057271141,0.0,-444180.2164438071,-459274.68163209327,44.58018238049175,84.52022587669069,10.341576659819111,-1863628.911
45,RuPhos,2.5,900,16.26429867511615,15.859859028831124,-1566237.316443875,-1784319.057271141,0.0,-444180.2164438071,-459274.68163209327,44.58018238049175,84.52022587669069,10.341576659819111,-1863628.911
45,RuPhos,5.0,60,16.26429867511615,15.859859028831124,-1566237.316443875,-1784319.057271141,0.0,-444180.2164438071,-459274.68163209327,44.58018238049175,84.52022587669069,10.341576659819111,-1863628.911
45,RuPhos,5.0,150,16.26429867511615,15.859859028831124,-1566237.316443875,-1784319.057271141,0.0,-444180.2164438071,-459274.68163209327,44.58018238049175,84.52022587669069,10.341576659819111,-1863628.911
45,RuPhos,5.0,300,16.26429867511615,15.859859028831124,-1566237.316443875,-1784319.057271141,0.0,-444180.2164438071,-459274.68163209327,44.58018238049175,84.52022587669069,10.341576659819111,-1863628.911
45,RuPhos,5.0,600,16.26429867511615,15.859859028831124,-1566237.316443875,-1784319.057271141,0.0,-444180.2164438071,-459274.68163209327,44.58018238049175,84.52022587669069,10.341576659819111,-1863628.911
45,RuPhos,5.0,900,16.26429867511615,15.859859028831124,-1566237.316443875,-1784319.057271141,0.0,-444180.2164438071,-459274.68163209327,44.58018238049175,84.52022587669069,10.341576659819111,-1863628.911
45,SPhos,0.5,60,12.542228757869452,13.105931923957542,-1467637.2780460464,-1685715.453401906,0.0,-444180.2164438071,-459274.68163209327,16066.322263283877,6587.1253088950925,11.24303320958279,-1765026.079
45,SPhos,0.5,150,12.542228757869452,13.105931923957542,-1467637.2780460464,-1685715.453401906,0.0,-444180.2164438071,-459274.68163209327,16066.322263283877,6587.1253088950925,11.24303320958279,-1765026.079
45,SPhos,0.5,300,12.542228757869452,13.105931923957542,-1467637.2780460464,-1685715.453401906,0.0,-444180.2164438071,-459274.68163209327,16066.322263283877,6587.1253088950925,11.24303320958279,-1765026.079
45,SPhos,0.5,600,12.542228757869452,13.105931923957542,-1467637.2780460464,-1685715.453401906,0.0,-444180.2164438071,-459274.68163209327,16066.322263283877,6587.1253088950925,11.24303320958279,-1765026.079
45,SPhos,0.5,900,12.542228757869452,13.105931923957542,-1467637.2780460464,-1685715.453401906,0.0,-444180.2164438071,-459274.68163209327,16066.322263283877,6587.1253088950925,11.24303320958279,-1765026.079
45,SPhos,1.25,60,12.542228757869452,13.105931923957542,-1467637.2780460464,-1685715.453401906,0.0,-444180.2164438071,-459274.68163209327,16066.322263283877,6587.1253088950925,11.24303320958279,-1765026.079
45,SPhos,1.25,150,12.542228757869452,13.105931923957542,-1467637.2780460464,-1685715.453401906,0.0,-444180.2164438071,-459274.68163209327,16066.322263283877,6587.1253088950925,11.24303320958279,-1765026.079
45,SPhos,1.25,300,12.542228757869452,13.105931923957542,-1467637.2780460464,-1685715.453401906,0.0,-444180.2164438071,-459274.68163209327,16066.322263283877,6587.1253088950925,11.24303320958279,-1765026.079
45,SPhos,1.25,600,12.542228757869452,13.105931923957542,-1467637.2780460464,-1685715.453401906,0.0,-444180.2164438071,-459274.68163209327,16066.322263283877,6587.1253088950925,11.24303320958279,-1765026.079
45,SPhos,1.25,900,12.542228757869452,13.105931923957542,-1467637.2780460464,-1685715.453401906,0.0,-444180.2164438071,-459274.68163209327,16066.322263283877,6587.1253088950925,11.24303320958279,-1765026.079
45,SPhos,2.5,60,12.542228757869452,13.105931923957542,-1467637.2780460464,-1685715.453401906,0.0,-444180.2164438071,-459274.68163209327,16066.322263283877,6587.1253088950925,11.24303320958279,-1765026.079
45,SPhos,2.5,150,12.542228757869452,13.105931923957542,-1467637.2780460464,-1685715.453401906,0.0,-444180.2164438071,-459274.68163209327,16066.322263283877,6587.1253088950925,11.24303320958279,-1765026.079
45,SPhos,2.5,300,12.542228757869452,13.105931923957542,-1467637.2780460464,-1685715.453401906,0.0,-444180.2164438071,-459274.68163209327,16066.322263283877,6587.1253088950925,11.24303320958279,-1765026.079
45,SPhos,2.5,600,12.542228757869452,13.105931923957542,-1467637.2780460464,-1685715.453401906,0.0,-444180.2164438071,-459274.68163209327,16066.322263283877,6587.1253088950925,11.24303320958279,-1765026.079
45,SPhos,2.5,900,12.542228757869452,13.105931923957542,-1467637.2780460464,-1685715.453401906,0.0,-444180.2164438071,-459274.68163209327,16066.322263283877,6587.1253088950925,11.24303320958279,-1765026.079
45,SPhos,5.0,60,12.542228757869452,13.105931923957542,-1467637.2780460464,-1685715.453401906,0.0,-444180.2164438071,-459274.68163209327,16066.322263283877,6587.1253088950925,11.24303320958279,-1765026.079
45,SPhos,5.0,150,12.542228757869452,13.105931923957542,-1467637.2780460464,-1685715.453401906,0.0,-444180.2164438071,-459274.68163209327,16066.322263283877,6587.1253088950925,11.24303320958279,-1765026.079
45,SPhos,5.0,300,12.542228757869452,13.105931923957542,-1467637.2780460464,-1685715.453401906,0.0,-444180.2164438071,-459274.68163209327,16066.322263283877,6587.1253088950925,11.24303320958279,-1765026.079
45,SPhos,5.0,600,12.542228757869452,13.105931923957542,-1467637.2780460464,-1685715.453401906,0.0,-444180.2164438071,-459274.68163209327,16066.322263283877,6587.1253088950925,11.24303320958279,-1765026.079
45,SPhos,5.0,900,12.542228757869452,13.105931923957542,-1467637.2780460464,-1685715.453401906,0.0,-444180.2164438071,-459274.68163209327,16066.322263283877,6587.1253088950925,11.24303320958279,-1765026.079
45,tBu3,0.5,60,6.15924774040468,2.283598941517994,-1035500.0156799252,-1253577.1456686163,0.0,-444180.2164438071,-459274.68163209327,389521622.2397609,178979395272.5775,10.19102286011912,-1332877.121
45,tBu3,0.5,150,6.15924774040468,2.283598941517994,-1035500.0156799252,-1253577.1456686163,0.0,-444180.2164438071,-459274.68163209327,389521622.2397609,178979395272.5775,10.19102286011912,-1332877.121
45,tBu3,0.5,300,6.15924774040468,2.283598941517994,-1035500.0156799252,-1253577.1456686163,0.0,-444180.2164438071,-459274.68163209327,389521622.2397609,178979395272.5775,10.19102286011912,-1332877.121
45,tBu3,0.5,600,6.15924774040468,2.283598941517994,-1035500.0156799252,-1253577.1456686163,0.0,-444180.2164438071,-459274.68163209327,389521622.2397609,178979395272.5775,10.19102286011912,-1332877.121
45,tBu3,0.5,900,6.15924774040468,2.283598941517994,-1035500.0156799252,-1253577.1456686163,0.0,-444180.2164438071,-459274.68163209327,389521622.2397609,178979395272.5775,10.19102286011912,-1332877.121
45,tBu3,1.25,60,6.15924774040468,2.283598941517994,-1035500.0156799252,-1253577.1456686163,0.0,-444180.2164438071,-459274.68163209327,389521622.2397609,178979395272.5775,10.19102286011912,-1332877.121
45,tBu3,1.25,150,6.15924774040468,2.283598941517994,-1035500.0156799252,-1253577.1456686163,0.0,-444180.2164438071,-459274.68163209327,389521622.2397609,178979395272.5775,10.19102286011912,-1332877.121
45,tBu3,1.25,300,6.15924774040468,2.283598941517994,-1035500.0156799252,-1253577.1456686163,0.0,-444180.2164438071,-459274.68163209327,389521622.2397609,178979395272.5775,10.19102286011912,-1332877.121
45,tBu3,1.25,600,6.15924774040468,2.283598941517994,-1035500.0156799252,-1253577.1456686163,0.0,-444180.2164438071,-459274.68163209327,389521622.2397609,178979395272.5775,10.19102286011912,-1332877.121
45,tBu3,1.25,900,6.15924774040468,2.283598941517994,-1035500.0156799252,-1253577.1456686163,0.0,-444180.2164438071,-459274.68163209327,389521622.2397609,178979395272.5775,10.19102286011912,-1332877.121
45,tBu3,2.5,60,6.15924774040468,2.283598941517994,-1035500.0156799252,-1253577.1456686163,0.0,-444180.2164438071,-459274.68163209327,389521622.2397609,178979395272.5775,10.19102286011912,-1332877.121
45,tBu3,2.5,150,6.15924774040468,2.283598941517994,-1035500.0156799252,-1253577.1456686163,0.0,-444180.2164438071,-459274.68163209327,389521622.2397609,178979395272.5775,10.19102286011912,-1332877.121
45,tBu3,2.5,300,6.15924774040468,2.283598941517994,-1035500.0156799252,-1253577.1456686163,0.0,-444180.2164438071,-459274.68163209327,389521622.2397609,178979395272.5775,10.19102286011912,-1332877.121
45,tBu3,2.5,600,6.15924774040468,2.283598941517994,-1035500.0156799252,-1253577.1456686163,0.0,-444180.2164438071,-459274.68163209327,389521622.2397609,178979395272.5775,10.19102286011912,-1332877.121
45,tBu3,2.5,900,6.15924774040468,2.283598941517994,-1035500.0156799252,-1253577.1456686163,0.0,-444180.2164438071,-459274.68163209327,389521622.2397609,178979395272.5775,10.19102286011912,-1332877.121
45,tBu3,5.0,60,6.15924774040468,2.283598941517994,-1035500.0156799252,-1253577.1456686163,0.0,-444180.2164438071,-459274.68163209327,389521622.2397609,178979395272.5775,10.19102286011912,-1332877.121
45,tBu3,5.0,150,6.15924774040468,2.283598941517994,-1035500.0156799252,-1253577.1456686163,0.0,-444180.2164438071,-459274.68163209327,389521622.2397609,178979395272.5775,10.19102286011912,-1332877.121
45,tBu3,5.0,300,6.15924774040468,2.283598941517994,-1035500.0156799252,-1253577.1456686163,0.0,-444180.2164438071,-459274.68163209327,389521622.2397609,178979395272.5775,10.19102286011912,-1332877.121
45,tBu3,5.0,600,6.15924774040468,2.283598941517994,-1035500.0156799252,-1253577.1456686163,0.0,-444180.2164438071,-459274.68163209327,389521622.2397609,178979395272.5775,10.19102286011912,-1332877.121
45,tBu3,5.0,900,6.15924774040468,2.283598941517994,-1035500.0156799252,-1253577.1456686163,0.0,-444180.2164438071,-459274.68163209327,389521622.2397609,178979395272.5775,10.19102286011912,-1332877.121
45,XPhos,0.5,60,7.69662566925399,10.560027488740161,-1545777.209824261,-1763861.3369689411,0.0,-444180.2164438071,-459274.68163209327,34235103.24672241,369433.0027578095,10.609905860153958,-1843162.934
45,XPhos,0.5,150,7.69662566925399,10.560027488740161,-1545777.209824261,-1763861.3369689411,0.0,-444180.2164438071,-459274.68163209327,34235103.24672241,369433.0027578095,10.609905860153958,-1843162.934
45,XPhos,0.5,300,7.69662566925399,10.560027488740161,-1545777.209824261,-1763861.3369689411,0.0,-444180.2164438071,-459274.68163209327,34235103.24672241,369433.0027578095,10.609905860153958,-1843162.934
45,XPhos,0.5,600,7.69662566925399,10.560027488740161,-1545777.209824261,-1763861.3369689411,0.0,-444180.2164438071,-459274.68163209327,34235103.24672241,369433.0027578095,10.609905860153958,-1843162.934
45,XPhos,0.5,900,7.69662566925399,10.560027488740161,-1545777.209824261,-1763861.3369689411,0.0,-444180.2164438071,-459274.68163209327,34235103.24672241,369433.0027578095,10.609905860153958,-1843162.934
45,XPhos,1.25,60,7.69662566925399,10.560027488740161,-1545777.209824261,-1763861.3369689411,0.0,-444180.2164438071,-459274.68163209327,34235103.24672241,369433.0027578095,10.609905860153958,-1843162.934
45,XPhos,1.25,150,7.69662566925399,10.560027488740161,-1545777.209824261,-1763861.3369689411,0.0,-444180.2164438071,-459274.68163209327,34235103.24672241,369433.0027578095,10.609905860153958,-1843162.934
45,XPhos,1.25,300,7.69662566925399,10.560027488740161,-1545777.209824261,-1763861.3369689411,0.0,-444180.2164438071,-459274.68163209327,34235103.24672241,369433.0027578095,10.609905860153958,-1843162.934
45,XPhos,1.25,600,7.69662566925399,10.560027488740161,-1545777.209824261,-1763861.3369689411,0.0,-444180.2164438071,-459274.68163209327,34235103.24672241,369433.0027578095,10.609905860153958,-1843162.934
45,XPhos,1.25,900,7.69662566925399,10.560027488740161,-1545777.209824261,-1763861.3369689411,0.0,-444180.2164438071,-459274.68163209327,34235103.24672241,369433.0027578095,10.609905860153958,-1843162.934
45,XPhos,2.5,60,7.69662566925399,10.560027488740161,-1545777.209824261,-1763861.3369689411,0.0,-444180.2164438071,-459274.68163209327,34235103.24672241,369433.0027578095,10.609905860153958,-1843162.934
45,XPhos,2.5,150,7.69662566925399,10.560027488740161,-1545777.209824261,-1763861.3369689411,0.0,-444180.2164438071,-459274.68163209327,34235103.24672241,369433.0027578095,10.609905860153958,-1843162.934
45,XPhos,2.5,300,7.69662566925399,10.560027488740161,-1545777.209824261,-1763861.3369689411,0.0,-444180.2164438071,-459274.68163209327,34235103.24672241,369433.0027578095,10.609905860153958,-1843162.934
45,XPhos,2.5,600,7.69662566925399,10.560027488740161,-1545777.209824261,-1763861.3369689411,0.0,-444180.2164438071,-459274.68163209327,34235103.24672241,369433.0027578095,10.609905860153958,-1843162.934
45,XPhos,2.5,900,7.69662566925399,10.560027488740161,-1545777.209824261,-1763861.3369689411,0.0,-444180.2164438071,-459274.68163209327,34235103.24672241,369433.0027578095,10.609905860153958,-1843162.934
45,XPhos,5.0,60,7.69662566925399,10.560027488740161,-1545777.209824261,-1763861.3369689411,0.0,-444180.2164438071,-459274.68163209327,34235103.24672241,369433.0027578095,10.609905860153958,-1843162.934
45,XPhos,5.0,150,7.69662566925399,10.560027488740161,-1545777.209824261,-1763861.3369689411,0.0,-444180.2164438071,-459274.68163209327,34235103.24672241,369433.0027578095,10.609905860153958,-1843162.934
45,XPhos,5.0,300,7.69662566925399,10.560027488740161,-1545777.209824261,-1763861.3369689411,0.0,-444180.2164438071,-459274.68163209327,34235103.24672241,369433.0027578095,10.609905860153958,-1843162.934
45,XPhos,5.0,600,7.69662566925399,10.560027488740161,-1545777.209824261,-1763861.3369689411,0.0,-444180.2164438071,-459274.68163209327,34235103.24672241,369433.0027578095,10.609905860153958,-1843162.934
45,XPhos,5.0,900,7.69662566925399,10.560027488740161,-1545777.209824261,-1763861.3369689411,0.0,-444180.2164438071,-459274.68163209327,34235103.24672241,369433.0027578095,10.609905860153958,-1843162.934
50,PCy3,0.5,60,5.386629912303761,15.799888427136466,-1181201.1570659538,-1399278.250306785,0.0,-444180.6053534971,-459275.3273325533,1532091224.1574798,138.94977900613742,11.470260799862444,-1478588.598
50,PCy3,0.5,150,5.386629912303761,15.799888427136466,-1181201.1570659538,-1399278.250306785,0.0,-444180.6053534971,-459275.3273325533,1532091224.1574798,138.94977900613742,11.470260799862444,-1478588.598
50,PCy3,0.5,300,5.386629912303761,15.799888427136466,-1181201.1570659538,-1399278.250306785,0.0,-444180.6053534971,-459275.3273325533,1532091224.1574798,138.94977900613742,11.470260799862444,-1478588.598
50,PCy3,0.5,600,5.386629912303761,15.799888427136466,-1181201.1570659538,-1399278.250306785,0.0,-444180.6053534971,-459275.3273325533,1532091224.1574798,138.94977900613742,11.470260799862444,-1478588.598
50,PCy3,0.5,900,5.386629912303761,15.799888427136466,-1181201.1570659538,-1399278.250306785,0.0,-444180.6053534971,-459275.3273325533,1532091224.1574798,138.94977900613742,11.470260799862444,-1478588.598
50,PCy3,1.25,60,5.386629912303761,15.799888427136466,-1181201.1570659538,-1399278.250306785,0.0,-444180.6053534971,-459275.3273325533,1532091224.1574798,138.94977900613742,11.470260799862444,-1478588.598
50,PCy3,1.25,150,5.386629912303761,15.799888427136466,-1181201.1570659538,-1399278.250306785,0.0,-444180.6053534971,-459275.3273325533,1532091224.1574798,138.94977900613742,11.470260799862444,-1478588.598
50,PCy3,1.25,300,5.386629912303761,15.799888427136466,-1181201.1570659538,-1399278.250306785,0.0,-444180.6053534971,-459275.3273325533,1532091224.1574798,138.94977900613742,11.470260799862444,-1478588.598
50,PCy3,1.25,600,5.386629912303761,15.799888427136466,-1181201.1570659538,-1399278.250306785,0.0,-444180.6053534971,-459275.3273325533,1532091224.1574798,138.94977900613742,11.470260799862444,-1478588.598
50,PCy3,1.25,900,5.386629912303761,15.799888427136466,-1181201.1570659538,-1399278.250306785,0.0,-444180.6053534971,-459275.3273325533,1532091224.1574798,138.94977900613742,11.470260799862444,-1478588.598
50,PCy3,2.5,60,5.386629912303761,15.799888427136466,-1181201.1570659538,-1399278.250306785,0.0,-444180.6053534971,-459275.3273325533,1532091224.1574798,138.94977900613742,11.470260799862444,-1478588.598
50,PCy3,2.5,150,5.386629912303761,15.799888427136466,-1181201.1570659538,-1399278.250306785,0.0,-444180.6053534971,-459275.3273325533,1532091224.1574798,138.94977900613742,11.470260799862444,-1478588.598
50,PCy3,2.5,300,5.386629912303761,15.799888427136466,-1181201.1570659538,-1399278.250306785,0.0,-444180.6053534971,-459275.3273325533,1532091224.1574798,138.94977900613742,11.470260799862444,-1478588.598
50,PCy3,2.5,600,5.386629912303761,15.799888427136466,-1181201.1570659538,-1399278.250306785,0.0,-444180.6053534971,-459275.3273325533,1532091224.1574798,138.94977900613742,11.470260799862444,-1478588.598
50,PCy3,2.5,900,5.386629912303761,15.799888427136466,-1181201.1570659538,-1399278.250306785,0.0,-444180.6053534971,-459275.3273325533,1532091224.1574798,138.94977900613742,11.470260799862444,-1478588.598
50,PCy3,5.0,60,5.386629912303761,15.799888427136466,-1181201.1570659538,-1399278.250306785,0.0,-444180.6053534971,-459275.3273325533,1532091224.1574798,138.94977900613742,11.470260799862444,-1478588.598
50,PCy3,5.0,150,5.386629912303761,15.799888427136466,-1181201.1570659538,-1399278.250306785,0.0,-444180.6053534971,-459275.3273325533,1532091224.1574798,138.94977900613742,11.470260799862444,-1478588.598
50,PCy3,5.0,300,5.386629912303761,15.799888427136466,-1181201.1570659538,-1399278.250306785,0.0,-444180.6053534971,-459275.3273325533,1532091224.1574798,138.94977900613742,11.470260799862444,-1478588.598
50,PCy3,5.0,600,5.386629912303761,15.799888427136466,-1181201.1570659538,-1399278.250306785,0.0,-444180.6053534971,-459275.3273325533,1532091224.1574798,138.94977900613742,11.470260799862444,-1478588.598
50,PCy3,5.0,900,5.386629912303761,15.799888427136466,-1181201.1570659538,-1399278.250306785,0.0,-444180.6053534971,-459275.3273325533,1532091224.1574798,138.94977900613742,11.470260799862444,-1478588.598
50,PPh3,0.5,60,5.592035913607106,8.638852349016815,-1174561.985676912,-1392644.103274711,0.0,-444180.6053534971,-459275.3273325533,1112678584.0380094,9678884.787019413,8.89008076977916,-1471949.68
50,PPh3,0.5,150,5.592035913607106,8.638852349016815,-1174561.985676912,-1392644.103274711,0.0,-444180.6053534971,-459275.3273325533,1112678584.0380094,9678884.787019413,8.89008076977916,-1471949.68
50,PPh3,0.5,300,5.592035913607106,8.638852349016815,-1174561.985676912,-1392644.103274711,0.0,-444180.6053534971,-459275.3273325533,1112678584.0380094,9678884.787019413,8.89008076977916,-1471949.68
50,PPh3,0.5,600,5.592035913607106,8.638852349016815,-1174561.985676912,-1392644.103274711,0.0,-444180.6053534971,-459275.3273325533,1112678584.0380094,9678884.787019413,8.89008076977916,-1471949.68
50,PPh3,0.5,900,5.592035913607106,8.638852349016815,-1174561.985676912,-1392644.103274711,0.0,-444180.6053534971,-459275.3273325533,1112678584.0380094,9678884.787019413,8.89008076977916,-1471949.68
50,PPh3,1.25,60,5.592035913607106,8.638852349016815,-1174561.985676912,-1392644.103274711,0.0,-444180.6053534971,-459275.3273325533,1112678584.0380094,9678884.787019413,8.89008076977916,-1471949.68
50,PPh3,1.25,150,5.592035913607106,8.638852349016815,-1174561.985676912,-1392644.103274711,0.0,-444180.6053534971,-459275.3273325533,1112678584.0380094,9678884.787019413,8.89008076977916,-1471949.68
50,PPh3,1.25,300,5.592035913607106,8.638852349016815,-1174561.985676912,-1392644.103274711,0.0,-444180.6053534971,-459275.3273325533,1112678584.0380094,9678884.787019413,8.89008076977916,-1471949.68
50,PPh3,1.25,600,5.592035913607106,8.638852349016815,-1174561.985676912,-1392644.103274711,0.0,-444180.6053534971,-459275.3273325533,1112678584.0380094,9678884.787019413,8.89008076977916,-1471949.68
50,PPh3,1.25,900,5.592035913607106,8.638852349016815,-1174561.985676912,-1392644.103274711,0.0,-444180.6053534971,-459275.3273325533,1112678584.0380094,9678884.787019413,8.89008076977916,-1471949.68
50,PPh3,2.5,60,5.592035913607106,8.638852349016815,-1174561.985676912,-1392644.103274711,0.0,-444180.6053534971,-459275.3273325533,1112678584.0380094,9678884.787019413,8.89008076977916,-1471949.68
50,PPh3,2.5,150,5.592035913607106,8.638852349016815,-1174561.985676912,-1392644.103274711,0.0,-444180.6053534971,-459275.3273325533,1112678584.0380094,9678884.787019413,8.89008076977916,-1471949.68
50,PPh3,2.5,300,5.592035913607106,8.638852349016815,-1174561.985676912,-1392644.103274711,0.0,-444180.6053534971,-459275.3273325533,1112678584.0380094,9678884.787019413,8.89008076977916,-1471949.68
50,PPh3,2.5,600,5.592035913607106,8.638852349016815,-1174561.985676912,-1392644.103274711,0.0,-444180.6053534971,-459275.3273325533,1112678584.0380094,9678884.787019413,8.89008076977916,-1471949.68
50,PPh3,2.5,900,5.592035913607106,8.638852349016815,-1174561.985676912,-1392644.103274711,0.0,-444180.6053534971,-459275.3273325533,1112678584.0380094,9678884.787019413,8.89008076977916,-1471949.68
50,PPh3,5.0,60,5.592035913607106,8.638852349016815,-1174561.985676912,-1392644.103274711,0.0,-444180.6053534971,-459275.3273325533,1112678584.0380094,9678884.787019413,8.89008076977916,-1471949.68
50,PPh3,5.0,150,5.592035913607106,8.638852349016815,-1174561.985676912,-1392644.103274711,0.0,-444180.6053534971,-459275.3273325533,1112678584.0380094,9678884.787019413,8.89008076977916,-1471949.68
50,PPh3,5.0,300,5.592035913607106,8.638852349016815,-1174561.985676912,-1392644.103274711,0.0,-444180.6053534971,-459275.3273325533,1112678584.0380094,9678884.787019413,8.89008076977916,-1471949.68
50,PPh3,5.0,600,5.592035913607106,8.638852349016815,-1174561.985676912,-1392644.103274711,0.0,-444180.6053534971,-459275.3273325533,1112678584.0380094,9678884.787019413,8.89008076977916,-1471949.68
50,PPh3,5.0,900,5.592035913607106,8.638852349016815,-1174561.985676912,-1392644.103274711,0.0,-444180.6053534971,-459275.3273325533,1112678584.0380094,9678884.787019413,8.89008076977916,-1471949.68
50,AmPhos,0.5,60,7.754156986018643,5.875046501168981,-1448650.77709863,-1666731.2235613689,0.0,-444180.6053534971,-459275.3273325533,38383069.23278182,716096083.7670836,10.04475413984619,-1746030.794
50,AmPhos,0.5,150,7.754156986018643,5.875046501168981,-1448650.77709863,-1666731.2235613689,0.0,-444180.6053534971,-459275.3273325533,38383069.23278182,716096083.7670836,10.04475413984619,-1746030.794
50,AmPhos,0.5,300,7.754156986018643,5.875046501168981,-1448650.77709863,-1666731.2235613689,0.0,-444180.6053534971,-459275.3273325533,38383069.23278182,716096083.7670836,10.04475413984619,-1746030.794
50,AmPhos,0.5,600,7.754156986018643,5.875046501168981,-1448650.77709863,-1666731.2235613689,0.0,-444180.6053534971,-459275.3273325533,38383069.23278182,716096083.7670836,10.04475413984619,-1746030.794
50,AmPhos,0.5,900,7.754156986018643,5.875046501168981,-1448650.77709863,-1666731.2235613689,0.0,-444180.6053534971,-459275.3273325533,38383069.23278182,716096083.7670836,10.04475413984619,-1746030.794
50,AmPhos,1.25,60,7.754156986018643,5.875046501168981,-1448650.77709863,-1666731.2235613689,0.0,-444180.6053534971,-459275.3273325533,38383069.23278182,716096083.7670836,10.04475413984619,-1746030.794
50,AmPhos,1.25,150,7.754156986018643,5.875046501168981,-1448650.77709863,-1666731.2235613689,0.0,-444180.6053534971,-459275.3273325533,38383069.23278182,716096083.7670836,10.04475413984619,-1746030.794
50,AmPhos,1.25,300,7.754156986018643,5.875046501168981,-1448650.77709863,-1666731.2235613689,0.0,-444180.6053534971,-459275.3273325533,38383069.23278182,716096083.7670836,10.04475413984619,-1746030.794
50,AmPhos,1.25,600,7.754156986018643,5.875046501168981,-1448650.77709863,-1666731.2235613689,0.0,-444180.6053534971,-459275.3273325533,38383069.23278182,716096083.7670836,10.04475413984619,-1746030.794
50,AmPhos,1.25,900,7.754156986018643,5.875046501168981,-1448650.77709863,-1666731.2235613689,0.0,-444180.6053534971,-459275.3273325533,38383069.23278182,716096083.7670836,10.04475413984619,-1746030.794
50,AmPhos,2.5,60,7.754156986018643,5.875046501168981,-1448650.77709863,-1666731.2235613689,0.0,-444180.6053534971,-459275.3273325533,38383069.23278182,716096083.7670836,10.04475413984619,-1746030.794
50,AmPhos,2.5,150,7.754156986018643,5.875046501168981,-1448650.77709863,-1666731.2235613689,0.0,-444180.6053534971,-459275.3273325533,38383069.23278182,716096083.7670836,10.04475413984619,-1746030.794
50,AmPhos,2.5,300,7.754156986018643,5.875046501168981,-1448650.77709863,-1666731.2235613689,0.0,-444180.6053534971,-459275.3273325533,38383069.23278182,716096083.7670836,10.04475413984619,-1746030.794
50,AmPhos,2.5,600,7.754156986018643,5.875046501168981,-1448650.77709863,-1666731.2235613689,0.0,-444180.6053534971,-459275.3273325533,38383069.23278182,716096083.7670836,10.04475413984619,-1746030.794
50,AmPhos,2.5,900,7.754156986018643,5.875046501168981,-1448650.77709863,-1666731.2235613689,0.0,-444180.6053534971,-459275.3273325533,38383069.23278182,716096083.7670836,10.04475413984619,-1746030.794
50,AmPhos,5.0,60,7.754156986018643,5.875046501168981,-1448650.77709863,-1666731.2235613689,0.0,-444180.6053534971,-459275.3273325533,38383069.23278182,716096083.7670836,10.04475413984619,-1746030.794
50,AmPhos,5.0,150,7.754156986018643,5.875046501168981,-1448650.77709863,-1666731.2235613689,0.0,-444180.6053534971,-459275.3273325533,38383069.23278182,716096083.7670836,10.04475413984619,-1746030.794
50,AmPhos,5.0,300,7.754156986018643,5.875046501168981,-1448650.77709863,-1666731.2235613689,0.0,-444180.6053534971,-459275.3273325533,38383069.23278182,716096083.7670836,10.04475413984619,-1746030.794
50,AmPhos,5.0,600,7.754156986018643,5.875046501168981,-1448650.77709863,-1666731.2235613689,0.0,-444180.6053534971,-459275.3273325533,38383069.23278182,716096083.7670836,10.04475413984619,-1746030.794
50,AmPhos,5.0,900,7.754156986018643,5.875046501168981,-1448650.77709863,-1666731.2235613689,0.0,-444180.6053534971,-459275.3273325533,38383069.23278182,716096083.7670836,10.04475413984619,-1746030.794
50,RuPhos,0.5,60,16.50725653511472,15.86411072826013,-1566238.560240255,-1784320.6644345317,0.0,-444180.6053534971,-459275.3273325533,46.18159014203549,125.72588112976483,10.34157665935345,-1863630.382
50,RuPhos,0.5,150,16.50725653511472,15.86411072826013,-1566238.560240255,-1784320.6644345317,0.0,-444180.6053534971,-459275.3273325533,46.18159014203549,125.72588112976483,10.34157665935345,-1863630.382
50,RuPhos,0.5,300,16.50725653511472,15.86411072826013,-1566238.560240255,-1784320.6644345317,0.0,-444180.6053534971,-459275.3273325533,46.18159014203549,125.72588112976483,10.34157665935345,-1863630.382
50,RuPhos,0.5,600,16.50725653511472,15.86411072826013,-1566238.560240255,-1784320.6644345317,0.0,-444180.6053534971,-459275.3273325533,46.18159014203549,125.72588112976483,10.34157665935345,-1863630.382
50,RuPhos,0.5,900,16.50725653511472,15.86411072826013,-1566238.560240255,-1784320.6644345317,0.0,-444180.6053534971,-459275.3273325533,46.18159014203549,125.72588112976483,10.34157665935345,-1863630.382
50,RuPhos,1.25,60,16.50725653511472,15.86411072826013,-1566238.560240255,-1784320.6644345317,0.0,-444180.6053534971,-459275.3273325533,46.18159014203549,125.72588112976483,10.34157665935345,-1863630.382
50,RuPhos,1.25,150,16.50725653511472,15.86411072826013,-1566238.560240255,-1784320.6644345317,0.0,-444180.6053534971,-459275.3273325533,46.18159014203549,125.72588112976483,10.34157665935345,-1863630.382
50,RuPhos,1.25,300,16.50725653511472,15.86411072826013,-1566238.560240255,-1784320.6644345317,0.0,-444180.6053534971,-459275.3273325533,46.18159014203549,125.72588112976483,10.34157665935345,-1863630.382
50,RuPhos,1.25,600,16.50725653511472,15.86411072826013,-1566238.560240255,-1784320.6644345317,0.0,-444180.6053534971,-459275.3273325533,46.18159014203549,125.72588112976483,10.34157665935345,-1863630.382
50,RuPhos,1.25,900,16.50725653511472,15.86411072826013,-1566238.560240255,-1784320.6644345317,0.0,-444180.6053534971,-459275.3273325533,46.18159014203549,125.72588112976483,10.34157665935345,-1863630.382
50,RuPhos,2.5,60,16.50725653511472,15.86411072826013,-1566238.560240255,-1784320.6644345317,0.0,-444180.6053534971,-459275.3273325533,46.18159014203549,125.72588112976483,10.34157665935345,-1863630.382
50,RuPhos,2.5,150,16.50725653511472,15.86411072826013,-1566238.560240255,-1784320.6644345317,0.0,-444180.6053534971,-459275.3273325533,46.18159014203549,125.72588112976483,10.34157665935345,-1863630.382
50,RuPhos,2.5,300,16.50725653511472,15.86411072826013,-1566238.560240255,-1784320.6644345317,0.0,-444180.6053534971,-459275.3273325533,46.18159014203549,125.72588112976483,10.34157665935345,-1863630.382
50,RuPhos,2.5,600,16.50725653511472,15.86411072826013,-1566238.560240255,-1784320.6644345317,0.0,-444180.6053534971,-459275.3273325533,46.18159014203549,125.72588112976483,10.34157665935345,-1863630.382
50,RuPhos,2.5,900,16.50725653511472,15.86411072826013,-1566238.560240255,-1784320.6644345317,0.0,-444180.6053534971,-459275.3273325533,46.18159014203549,125.72588112976483,10.34157665935345,-1863630.382
50,RuPhos,5.0,60,16.50725653511472,15.86411072826013,-1566238.560240255,-1784320.6644345317,0.0,-444180.6053534971,-459275.3273325533,46.18159014203549,125.72588112976483,10.34157665935345,-1863630.382
50,RuPhos,5.0,150,16.50725653511472,15.86411072826013,-1566238.560240255,-1784320.6644345317,0.0,-444180.6053534971,-459275.3273325533,46.18159014203549,125.72588112976483,10.34157665935345,-1863630.382
50,RuPhos,5.0,300,16.50725653511472,15.86411072826013,-1566238.560240255,-1784320.6644345317,0.0,-444180.6053534971,-459275.3273325533,46.18159014203549,125.72588112976483,10.34157665935345,-1863630.382
50,RuPhos,5.0,600,16.50725653511472,15.86411072826013,-1566238.560240255,-1784320.6644345317,0.0,-444180.6053534971,-459275.3273325533,46.18159014203549,125.72588112976483,10.34157665935345,-1863630.382
50,RuPhos,5.0,900,16.50725653511472,15.86411072826013,-1566238.560240255,-1784320.6644345317,0.0,-444180.6053534971,-459275.3273325533,46.18159014203549,125.72588112976483,10.34157665935345,-1863630.382
50,SPhos,0.5,60,12.755355317611247,13.118702774168923,-1467638.4403806464,-1685716.9330423558,0.0,-444180.6053534971,-459275.3273325533,15916.88465788931,9039.164224608867,11.253033209824936,-1765027.423
50,SPhos,0.5,150,12.755355317611247,13.118702774168923,-1467638.4403806464,-1685716.9330423558,0.0,-444180.6053534971,-459275.3273325533,15916.88465788931,9039.164224608867,11.253033209824936,-1765027.423
50,SPhos,0.5,300,12.755355317611247,13.118702774168923,-1467638.4403806464,-1685716.9330423558,0.0,-444180.6053534971,-459275.3273325533,15916.88465788931,9039.164224608867,11.253033209824936,-1765027.423
50,SPhos,0.5,600,12.755355317611247,13.118702774168923,-1467638.4403806464,-1685716.9330423558,0.0,-444180.6053534971,-459275.3273325533,15916.88465788931,9039.164224608867,11.253033209824936,-1765027.423
50,SPhos,0.5,900,12.755355317611247,13.118702774168923,-1467638.4403806464,-1685716.9330423558,0.0,-444180.6053534971,-459275.3273325533,15916.88465788931,9039.164224608867,11.253033209824936,-1765027.423
50,SPhos,1.25,60,12.755355317611247,13.118702774168923,-1467638.4403806464,-1685716.9330423558,0.0,-444180.6053534971,-459275.3273325533,15916.88465788931,9039.164224608867,11.253033209824936,-1765027.423
50,SPhos,1.25,150,12.755355317611247,13.118702774168923,-1467638.4403806464,-1685716.9330423558,0.0,-444180.6053534971,-459275.3273325533,15916.88465788931,9039.164224608867,11.253033209824936,-1765027.423
50,SPhos,1.25,300,12.755355317611247,13.118702774168923,-1467638.4403806464,-1685716.9330423558,0.0,-444180.6053534971,-459275.3273325533,15916.88465788931,9039.164224608867,11.253033209824936,-1765027.423
50,SPhos,1.25,600,12.755355317611247,13.118702774168923,-1467638.4403806464,-1685716.9330423558,0.0,-444180.6053534971,-459275.3273325533,15916.88465788931,9039.164224608867,11.253033209824936,-1765027.423
50,SPhos,1.25,900,12.755355317611247,13.118702774168923,-1467638.4403806464,-1685716.9330423558,0.0,-444180.6053534971,-459275.3273325533,15916.88465788931,9039.164224608867,11.253033209824936,-1765027.423
50,SPhos,2.5,60,12.755355317611247,13.118702774168923,-1467638.4403806464,-1685716.9330423558,0.0,-444180.6053534971,-459275.3273325533,15916.88465788931,9039.164224608867,11.253033209824936,-1765027.423
50,SPhos,2.5,150,12.755355317611247,13.118702774168923,-1467638.4403806464,-1685716.9330423558,0.0,-444180.6053534971,-459275.3273325533,15916.88465788931,9039.164224608867,11.253033209824936,-1765027.423
50,SPhos,2.5,300,12.755355317611247,13.118702774168923,-1467638.4403806464,-1685716.9330423558,0.0,-444180.6053534971,-459275.3273325533,15916.88465788931,9039.164224608867,11.253033209824936,-1765027.423
50,SPhos,2.5,600,12.755355317611247,13.118702774168923,-1467638.4403806464,-1685716.9330423558,0.0,-444180.6053534971,-459275.3273325533,15916.88465788931,9039.164224608867,11.253033209824936,-1765027.423
50,SPhos,2.5,900,12.755355317611247,13.118702774168923,-1467638.4403806464,-1685716.9330423558,0.0,-444180.6053534971,-459275.3273325533,15916.88465788931,9039.164224608867,11.253033209824936,-1765027.423
50,SPhos,5.0,60,12.755355317611247,13.118702774168923,-1467638.4403806464,-1685716.9330423558,0.0,-444180.6053534971,-459275.3273325533,15916.88465788931,9039.164224608867,11.253033209824936,-1765027.423
50,SPhos,5.0,150,12.755355317611247,13.118702774168923,-1467638.4403806464,-1685716.9330423558,0.0,-444180.6053534971,-459275.3273325533,15916.88465788931,9039.164224608867,11.253033209824936,-1765027.423
50,SPhos,5.0,300,12.755355317611247,13.118702774168923,-1467638.4403806464,-1685716.9330423558,0.0,-444180.6053534971,-459275.3273325533,15916.88465788931,9039.164224608867,11.253033209824936,-1765027.423
50,SPhos,5.0,600,12.755355317611247,13.118702774168923,-1467638.4403806464,-1685716.9330423558,0.0,-444180.6053534971,-459275.3273325533,15916.88465788931,9039.164224608867,11.253033209824936,-1765027.423
50,SPhos,5.0,900,12.755355317611247,13.118702774168923,-1467638.4403806464,-1685716.9330423558,0.0,-444180.6053534971,-459275.3273325533,15916.88465788931,9039.164224608867,11.253033209824936,-1765027.423
50,tBu3,0.5,60,6.16323757043574,2.2897344515658915,-1035500.8883155952,-1253578.3712087064,0.0,-444180.6053534971,-459275.3273325533,457161172.77260697,190413260782.13626,10.201022860128433,-1332878.214
50,tBu3,0.5,150,6.16323757043574,2.2897344515658915,-1035500.8883155952,-1253578.3712087064,0.0,-444180.6053534971,-459275.3273325533,457161172.77260697,190413260782.13626,10.201022860128433,-1332878.214
50,tBu3,0.5,300,6.16323757043574,2.2897344515658915,-1035500.8883155952,-1253578.3712087064,0.0,-444180.6053534971,-459275.3273325533,457161172.77260697,190413260782.13626,10.201022860128433,-1332878.214
50,tBu3,0.5,600,6.16323757043574,2.2897344515658915,-1035500.8883155952,-1253578.3712087064,0.0,-444180.6053534971,-459275.3273325533,457161172.77260697,190413260782.13626,10.201022860128433,-1332878.214
50,tBu3,0.5,900,6.16323757043574,2.2897344515658915,-1035500.8883155952,-1253578.3712087064,0.0,-444180.6053534971,-459275.3273325533,457161172.77260697,190413260782.13626,10.201022860128433,-1332878.214
50,tBu3,1.25,60,6.16323757043574,2.2897344515658915,-1035500.8883155952,-1253578.3712087064,0.0,-444180.6053534971,-459275.3273325533,457161172.77260697,190413260782.13626,10.201022860128433,-1332878.214
50,tBu3,1.25,150,6.16323757043574,2.2897344515658915,-1035500.8883155952,-1253578.3712087064,0.0,-444180.6053534971,-459275.3273325533,457161172.77260697,190413260782.13626,10.201022860128433,-1332878.214
50,tBu3,1.25,300,6.16323757043574,2.2897344515658915,-1035500.8883155952,-1253578.3712087064,0.0,-444180.6053534971,-459275.3273325533,457161172.77260697,190413260782.13626,10.201022860128433,-1332878.214
50,tBu3,1.25,600,6.16323757043574,2.2897344515658915,-1035500.8883155952,-1253578.3712087064,0.0,-444180.6053534971,-459275.3273325533,457161172.77260697,190413260782.13626,10.201022860128433,-1332878.214
50,tBu3,1.25,900,6.16323757043574,2.2897344515658915,-1035500.8883155952,-1253578.3712087064,0.0,-444180.6053534971,-459275.3273325533,457161172.77260697,190413260782.13626,10.201022860128433,-1332878.214
50,tBu3,2.5,60,6.16323757043574,2.2897344515658915,-1035500.8883155952,-1253578.3712087064,0.0,-444180.6053534971,-459275.3273325533,457161172.77260697,190413260782.13626,10.201022860128433,-1332878.214
50,tBu3,2.5,150,6.16323757043574,2.2897344515658915,-1035500.8883155952,-1253578.3712087064,0.0,-444180.6053534971,-459275.3273325533,457161172.77260697,190413260782.13626,10.201022860128433,-1332878.214
50,tBu3,2.5,300,6.16323757043574,2.2897344515658915,-1035500.8883155952,-1253578.3712087064,0.0,-444180.6053534971,-459275.3273325533,457161172.77260697,190413260782.13626,10.201022860128433,-1332878.214
50,tBu3,2.5,600,6.16323757043574,2.2897344515658915,-1035500.8883155952,-1253578.3712087064,0.0,-444180.6053534971,-459275.3273325533,457161172.77260697,190413260782.13626,10.201022860128433,-1332878.214
50,tBu3,2.5,900,6.16323757043574,2.2897344515658915,-1035500.8883155952,-1253578.3712087064,0.0,-444180.6053534971,-459275.3273325533,457161172.77260697,190413260782.13626,10.201022860128433,-1332878.214
50,tBu3,5.0,60,6.16323757043574,2.2897344515658915,-1035500.8883155952,-1253578.3712087064,0.0,-444180.6053534971,-459275.3273325533,457161172.77260697,190413260782.13626,10.201022860128433,-1332878.214
50,tBu3,5.0,150,6.16323757043574,2.2897344515658915,-1035500.8883155952,-1253578.3712087064,0.0,-444180.6053534971,-459275.3273325533,457161172.77260697,190413260782.13626,10.201022860128433,-1332878.214
50,tBu3,5.0,300,6.16323757043574,2.2897344515658915,-1035500.8883155952,-1253578.3712087064,0.0,-444180.6053534971,-459275.3273325533,457161172.77260697,190413260782.13626,10.201022860128433,-1332878.214
50,tBu3,5.0,600,6.16323757043574,2.2897344515658915,-1035500.8883155952,-1253578.3712087064,0.0,-444180.6053534971,-459275.3273325533,457161172.77260697,190413260782.13626,10.201022860128433,-1332878.214
50,tBu3,5.0,900,6.16323757043574,2.2897344515658915,-1035500.8883155952,-1253578.3712087064,0.0,-444180.6053534971,-459275.3273325533,457161172.77260697,190413260782.13626,10.201022860128433,-1332878.214
50,XPhos,0.5,60,7.942253849236295,10.572034328710288,-1545778.516918801,-1763862.9942345212,0.0,-444180.6053534971,-459275.3273325533,28637221.192870367,476897.9772667636,10.61990585946478,-1843164.459
50,XPhos,0.5,150,7.942253849236295,10.572034328710288,-1545778.516918801,-1763862.9942345212,0.0,-444180.6053534971,-459275.3273325533,28637221.192870367,476897.9772667636,10.61990585946478,-1843164.459
50,XPhos,0.5,300,7.942253849236295,10.572034328710288,-1545778.516918801,-1763862.9942345212,0.0,-444180.6053534971,-459275.3273325533,28637221.192870367,476897.9772667636,10.61990585946478,-1843164.459
50,XPhos,0.5,600,7.942253849236295,10.572034328710288,-1545778.516918801,-1763862.9942345212,0.0,-444180.6053534971,-459275.3273325533,28637221.192870367,476897.9772667636,10.61990585946478,-1843164.459
50,XPhos,0.5,900,7.942253849236295,10.572034328710288,-1545778.516918801,-1763862.9942345212,0.0,-444180.6053534971,-459275.3273325533,28637221.192870367,476897.9772667636,10.61990585946478,-1843164.459
50,XPhos,1.25,60,7.942253849236295,10.572034328710288,-1545778.516918801,-1763862.9942345212,0.0,-444180.6053534971,-459275.3273325533,28637221.192870367,476897.9772667636,10.61990585946478,-1843164.459
50,XPhos,1.25,150,7.942253849236295,10.572034328710288,-1545778.516918801,-1763862.9942345212,0.0,-444180.6053534971,-459275.3273325533,28637221.192870367,476897.9772667636,10.61990585946478,-1843164.459
50,XPhos,1.25,300,7.942253849236295,10.572034328710288,-1545778.516918801,-1763862.9942345212,0.0,-444180.6053534971,-459275.3273325533,28637221.192870367,476897.9772667636,10.61990585946478,-1843164.459
50,XPhos,1.25,600,7.942253849236295,10.572034328710288,-1545778.516918801,-1763862.9942345212,0.0,-444180.6053534971,-459275.3273325533,28637221.192870367,476897.9772667636,10.61990585946478,-1843164.459
50,XPhos,1.25,900,7.942253849236295,10.572034328710288,-1545778.516918801,-1763862.9942345212,0.0,-444180.6053534971,-459275.3273325533,28637221.192870367,476897.9772667636,10.61990585946478,-1843164.459
50,XPhos,2.5,60,7.942253849236295,10.572034328710288,-1545778.516918801,-1763862.9942345212,0.0,-444180.6053534971,-459275.3273325533,28637221.192870367,476897.9772667636,10.61990585946478,-1843164.459
50,XPhos,2.5,150,7.942253849236295,10.572034328710288,-1545778.516918801,-1763862.9942345212,0.0,-444180.6053534971,-459275.3273325533,28637221.192870367,476897.9772667636,10.61990585946478,-1843164.459
50,XPhos,2.5,300,7.942253849236295,10.572034328710288,-1545778.516918801,-1763862.9942345212,0.0,-444180.6053534971,-459275.3273325533,28637221.192870367,476897.9772667636,10.61990585946478,-1843164.459
50,XPhos,2.5,600,7.942253849236295,10.572034328710288,-1545778.516918801,-1763862.9942345212,0.0,-444180.6053534971,-459275.3273325533,28637221.192870367,476897.9772667636,10.61990585946478,-1843164.459
50,XPhos,2.5,900,7.942253849236295,10.572034328710288,-1545778.516918801,-1763862.9942345212,0.0,-444180.6053534971,-459275.3273325533,28637221.192870367,476897.9772667636,10.61990585946478,-1843164.459
50,XPhos,5.0,60,7.942253849236295,10.572034328710288,-1545778.516918801,-1763862.9942345212,0.0,-444180.6053534971,-459275.3273325533,28637221.192870367,476897.9772667636,10.61990585946478,-1843164.459
50,XPhos,5.0,150,7.942253849236295,10.572034328710288,-1545778.516918801,-1763862.9942345212,0.0,-444180.6053534971,-459275.3273325533,28637221.192870367,476897.9772667636,10.61990585946478,-1843164.459
50,XPhos,5.0,300,7.942253849236295,10.572034328710288,-1545778.516918801,-1763862.9942345212,0.0,-444180.6053534971,-459275.3273325533,28637221.192870367,476897.9772667636,10.61990585946478,-1843164.459
50,XPhos,5.0,600,7.942253849236295,10.572034328710288,-1545778.516918801,-1763862.9942345212,0.0,-444180.6053534971,-459275.3273325533,28637221.192870367,476897.9772667636,10.61990585946478,-1843164.459
50,XPhos,5.0,900,7.942253849236295,10.572034328710288,-1545778.516918801,-1763862.9942345212,0.0,-444180.6053534971,-459275.3273325533,28637221.192870367,476897.9772667636,10.61990585946478,-1843164.459
55,PCy3,0.5,60,5.619841332081705,15.778245627414435,-1181202.108324434,-1399279.578700225,0.0,-444180.9961217871,-459275.9780797033,1236356841.4585252,212.20339271961348,11.49026079988107,-1478589.761
55,PCy3,0.5,150,5.619841332081705,15.778245627414435,-1181202.108324434,-1399279.578700225,0.0,-444180.9961217871,-459275.9780797033,1236356841.4585252,212.20339271961348,11.49026079988107,-1478589.761
55,PCy3,0.5,300,5.619841332081705,15.778245627414435,-1181202.108324434,-1399279.578700225,0.0,-444180.9961217871,-459275.9780797033,1236356841.4585252,212.20339271961348,11.49026079988107,-1478589.761
55,PCy3,0.5,600,5.619841332081705,15.778245627414435,-1181202.108324434,-1399279.578700225,0.0,-444180.9961217871,-459275.9780797033,1236356841.4585252,212.20339271961348,11.49026079988107,-1478589.761
55,PCy3,0.5,900,5.619841332081705,15.778245627414435,-1181202.108324434,-1399279.578700225,0.0,-444180.9961217871,-459275.9780797033,1236356841.4585252,212.20339271961348,11.49026079988107,-1478589.761
55,PCy3,1.25,60,5.619841332081705,15.778245627414435,-1181202.108324434,-1399279.578700225,0.0,-444180.9961217871,-459275.9780797033,1236356841.4585252,212.20339271961348,11.49026079988107,-1478589.761
55,PCy3,1.25,150,5.619841332081705,15.778245627414435,-1181202.108324434,-1399279.578700225,0.0,-444180.9961217871,-459275.9780797033,1236356841.4585252,212.20339271961348,11.49026079988107,-1478589.761
55,PCy3,1.25,300,5.619841332081705,15.778245627414435,-1181202.108324434,-1399279.578700225,0.0,-444180.9961217871,-459275.9780797033,1236356841.4585252,212.20339271961348,11.49026079988107,-1478589.761
55,PCy3,1.25,600,5.619841332081705,15.778245627414435,-1181202.108324434,-1399279.578700225,0.0,-444180.9961217871,-459275.9780797033,1236356841.4585252,212.20339271961348,11.49026079988107,-1478589.761
55,PCy3,1.25,900,5.619841332081705,15.778245627414435,-1181202.108324434,-1399279.578700225,0.0,-444180.9961217871,-459275.9780797033,1236356841.4585252,212.20339271961348,11.49026079988107,-1478589.761
55,PCy3,2.5,60,5.619841332081705,15.778245627414435,-1181202.108324434,-1399279.578700225,0.0,-444180.9961217871,-459275.9780797033,1236356841.4585252,212.20339271961348,11.49026079988107,-1478589.761
55,PCy3,2.5,150,5.619841332081705,15.778245627414435,-1181202.108324434,-1399279.578700225,0.0,-444180.9961217871,-459275.9780797033,1236356841.4585252,212.20339271961348,11.49026079988107,-1478589.761
55,PCy3,2.5,300,5.619841332081705,15.778245627414435,-1181202.108324434,-1399279.578700225,0.0,-444180.9961217871,-459275.9780797033,1236356841.4585252,212.20339271961348,11.49026079988107,-1478589.761
55,PCy3,2.5,600,5.619841332081705,15.778245627414435,-1181202.108324434,-1399279.578700225,0.0,-444180.9961217871,-459275.9780797033,1236356841.4585252,212.20339271961348,11.49026079988107,-1478589.761
55,PCy3,2.5,900,5.619841332081705,15.778245627414435,-1181202.108324434,-1399279.578700225,0.0,-444180.9961217871,-459275.9780797033,1236356841.4585252,212.20339271961348,11.49026079988107,-1478589.761
55,PCy3,5.0,60,5.619841332081705,15.778245627414435,-1181202.108324434,-1399279.578700225,0.0,-444180.9961217871,-459275.9780797033,1236356841.4585252,212.20339271961348,11.49026079988107,-1478589.761
55,PCy3,5.0,150,5.619841332081705,15.778245627414435,-1181202.108324434,-1399279.578700225,0.0,-444180.9961217871,-459275.9780797033,1236356841.4585252,212.20339271961348,11.49026079988107,-1478589.761
55,PCy3,5.0,300,5.619841332081705,15.778245627414435,-1181202.108324434,-1399279.578700225,0.0,-444180.9961217871,-459275.9780797033,1236356841.4585252,212.20339271961348,11.49026079988107,-1478589.761
55,PCy3,5.0,600,5.619841332081705,15.778245627414435,-1181202.108324434,-1399279.578700225,0.0,-444180.9961217871,-459275.9780797033,1236356841.4585252,212.20339271961348,11.49026079988107,-1478589.761
55,PCy3,5.0,900,5.619841332081705,15.778245627414435,-1181202.108324434,-1399279.578700225,0.0,-444180.9961217871,-459275.9780797033,1236356841.4585252,212.20339271961348,11.49026079988107,-1478589.761
55,PPh3,0.5,60,5.814250693656504,8.632404329022393,-1174562.876297962,-1392645.357603761,0.0,-444180.9961217871,-459275.9780797033,917633426.8703434,12184514.826142734,8.890080770011991,-1471950.795
55,PPh3,0.5,150,5.814250693656504,8.632404329022393,-1174562.876297962,-1392645.357603761,0.0,-444180.9961217871,-459275.9780797033,917633426.8703434,12184514.826142734,8.890080770011991,-1471950.795
55,PPh3,0.5,300,5.814250693656504,8.632404329022393,-1174562.876297962,-1392645.357603761,0.0,-444180.9961217871,-459275.9780797033,917633426.8703434,12184514.826142734,8.890080770011991,-1471950.795
55,PPh3,0.5,600,5.814250693656504,8.632404329022393,-1174562.876297962,-1392645.357603761,0.0,-444180.9961217871,-459275.9780797033,917633426.8703434,12184514.826142734,8.890080770011991,-1471950.795
55,PPh3,0.5,900,5.814250693656504,8.632404329022393,-1174562.876297962,-1392645.357603761,0.0,-444180.9961217871,-459275.9780797033,917633426.8703434,12184514.826142734,8.890080770011991,-1471950.795
55,PPh3,1.25,60,5.814250693656504,8.632404329022393,-1174562.876297962,-1392645.357603761,0.0,-444180.9961217871,-459275.9780797033,917633426.8703434,12184514.826142734,8.890080770011991,-1471950.795
55,PPh3,1.25,150,5.814250693656504,8.632404329022393,-1174562.876297962,-1392645.357603761,0.0,-444180.9961217871,-459275.9780797033,917633426.8703434,12184514.826142734,8.890080770011991,-1471950.795
55,PPh3,1.25,300,5.814250693656504,8.632404329022393,-1174562.876297962,-1392645.357603761,0.0,-444180.9961217871,-459275.9780797033,917633426.8703434,12184514.826142734,8.890080770011991,-1471950.795
55,PPh3,1.25,600,5.814250693656504,8.632404329022393,-1174562.876297962,-1392645.357603761,0.0,-444180.9961217871,-459275.9780797033,917633426.8703434,12184514.826142734,8.890080770011991,-1471950.795
55,PPh3,1.25,900,5.814250693656504,8.632404329022393,-1174562.876297962,-1392645.357603761,0.0,-444180.9961217871,-459275.9780797033,917633426.8703434,12184514.826142734,8.890080770011991,-1471950.795
55,PPh3,2.5,60,5.814250693656504,8.632404329022393,-1174562.876297962,-1392645.357603761,0.0,-444180.9961217871,-459275.9780797033,917633426.8703434,12184514.826142734,8.890080770011991,-1471950.795
55,PPh3,2.5,150,5.814250693656504,8.632404329022393,-1174562.876297962,-1392645.357603761,0.0,-444180.9961217871,-459275.9780797033,917633426.8703434,12184514.826142734,8.890080770011991,-1471950.795
55,PPh3,2.5,300,5.814250693656504,8.632404329022393,-1174562.876297962,-1392645.357603761,0.0,-444180.9961217871,-459275.9780797033,917633426.8703434,12184514.826142734,8.890080770011991,-1471950.795
55,PPh3,2.5,600,5.814250693656504,8.632404329022393,-1174562.876297962,-1392645.357603761,0.0,-444180.9961217871,-459275.9780797033,917633426.8703434,12184514.826142734,8.890080770011991,-1471950.795
55,PPh3,2.5,900,5.814250693656504,8.632404329022393,-1174562.876297962,-1392645.357603761,0.0,-444180.9961217871,-459275.9780797033,917633426.8703434,12184514.826142734,8.890080770011991,-1471950.795
55,PPh3,5.0,60,5.814250693656504,8.632404329022393,-1174562.876297962,-1392645.357603761,0.0,-444180.9961217871,-459275.9780797033,917633426.8703434,12184514.826142734,8.890080770011991,-1471950.795
55,PPh3,5.0,150,5.814250693656504,8.632404329022393,-1174562.876297962,-1392645.357603761,0.0,-444180.9961217871,-459275.9780797033,917633426.8703434,12184514.826142734,8.890080770011991,-1471950.795
55,PPh3,5.0,300,5.814250693656504,8.632404329022393,-1174562.876297962,-1392645.357603761,0.0,-444180.9961217871,-459275.9780797033,917633426.8703434,12184514.826142734,8.890080770011991,-1471950.795
55,PPh3,5.0,600,5.814250693656504,8.632404329022393,-1174562.876297962,-1392645.357603761,0.0,-444180.9961217871,-459275.9780797033,917633426.8703434,12184514.826142734,8.890080770011991,-1471950.795
55,PPh3,5.0,900,5.814250693656504,8.632404329022393,-1174562.876297962,-1392645.357603761,0.0,-444180.9961217871,-459275.9780797033,917633426.8703434,12184514.826142734,8.890080770011991,-1471950.795
55,AmPhos,0.5,60,7.756164186168462,5.8756661312654614,-1448652.0744399698,-1666732.8806698287,0.0,-444180.9961217871,-459275.9780797033,46706255.88842986,835155187.8327554,10.074754140339792,-1746032.302
55,AmPhos,0.5,150,7.756164186168462,5.8756661312654614,-1448652.0744399698,-1666732.8806698287,0.0,-444180.9961217871,-459275.9780797033,46706255.88842986,835155187.8327554,10.074754140339792,-1746032.302
55,AmPhos,0.5,300,7.756164186168462,5.8756661312654614,-1448652.0744399698,-1666732.8806698287,0.0,-444180.9961217871,-459275.9780797033,46706255.88842986,835155187.8327554,10.074754140339792,-1746032.302
55,AmPhos,0.5,600,7.756164186168462,5.8756661312654614,-1448652.0744399698,-1666732.8806698287,0.0,-444180.9961217871,-459275.9780797033,46706255.88842986,835155187.8327554,10.074754140339792,-1746032.302
55,AmPhos,0.5,900,7.756164186168462,5.8756661312654614,-1448652.0744399698,-1666732.8806698287,0.0,-444180.9961217871,-459275.9780797033,46706255.88842986,835155187.8327554,10.074754140339792,-1746032.302
55,AmPhos,1.25,60,7.756164186168462,5.8756661312654614,-1448652.0744399698,-1666732.8806698287,0.0,-444180.9961217871,-459275.9780797033,46706255.88842986,835155187.8327554,10.074754140339792,-1746032.302
55,AmPhos,1.25,150,7.756164186168462,5.8756661312654614,-1448652.0744399698,-1666732.8806698287,0.0,-444180.9961217871,-459275.9780797033,46706255.88842986,835155187.8327554,10.074754140339792,-1746032.302
55,AmPhos,1.25,300,7.756164186168462,5.8756661312654614,-1448652.0744399698,-1666732.8806698287,0.0,-444180.9961217871,-459275.9780797033,46706255.88842986,835155187.8327554,10.074754140339792,-1746032.302
55,AmPhos,1.25,600,7.756164186168462,5.8756661312654614,-1448652.0744399698,-1666732.8806698287,0.0,-444180.9961217871,-459275.9780797033,46706255.88842986,835155187.8327554,10.074754140339792,-1746032.302
55,AmPhos,1.25,900,7.756164186168462,5.8756661312654614,-1448652.0744399698,-1666732.8806698287,0.0,-444180.9961217871,-459275.9780797033,46706255.88842986,835155187.8327554,10.074754140339792,-1746032.302
55,AmPhos,2.5,60,7.756164186168462,5.8756661312654614,-1448652.0744399698,-1666732.8806698287,0.0,-444180.9961217871,-459275.9780797033,46706255.88842986,835155187.8327554,10.074754140339792,-1746032.302
55,AmPhos,2.5,150,7.756164186168462,5.8756661312654614,-1448652.0744399698,-1666732.8806698287,0.0,-444180.9961217871,-459275.9780797033,46706255.88842986,835155187.8327554,10.074754140339792,-1746032.302
55,AmPhos,2.5,300,7.756164186168462,5.8756661312654614,-1448652.0744399698,-1666732.8806698287,0.0,-444180.9961217871,-459275.9780797033,46706255.88842986,835155187.8327554,10.074754140339792,-1746032.302
55,AmPhos,2.5,600,7.756164186168462,5.8756661312654614,-1448652.0744399698,-1666732.8806698287,0.0,-444180.9961217871,-459275.9780797033,46706255.88842986,835155187.8327554,10.074754140339792,-1746032.302
55,AmPhos,2.5,900,7.756164186168462,5.8756661312654614,-1448652.0744399698,-1666732.8806698287,0.0,-444180.9961217871,-459275.9780797033,46706255.88842986,835155187.8327554,10.074754140339792,-1746032.302
55,AmPhos,5.0,60,7.756164186168462,5.8756661312654614,-1448652.0744399698,-1666732.8806698287,0.0,-444180.9961217871,-459275.9780797033,46706255.88842986,835155187.8327554,10.074754140339792,-1746032.302
55,AmPhos,5.0,150,7.756164186168462,5.8756661312654614,-1448652.0744399698,-1666732.8806698287,0.0,-444180.9961217871,-459275.9780797033,46706255.88842986,835155187.8327554,10.074754140339792,-1746032.302
55,AmPhos,5.0,300,7.756164186168462,5.8756661312654614,-1448652.0744399698,-1666732.8806698287,0.0,-444180.9961217871,-459275.9780797033,46706255.88842986,835155187.8327554,10.074754140339792,-1746032.302
55,AmPhos,5.0,600,7.756164186168462,5.8756661312654614,-1448652.0744399698,-1666732.8806698287,0.0,-444180.9961217871,-459275.9780797033,46706255.88842986,835155187.8327554,10.074754140339792,-1746032.302
55,AmPhos,5.0,900,7.756164186168462,5.8756661312654614,-1448652.0744399698,-1666732.8806698287,0.0,-444180.9961217871,-459275.9780797033,46706255.88842986,835155187.8327554,10.074754140339792,-1746032.302
55,RuPhos,0.5,60,16.750154835171998,15.868484718259424,-1566239.817533405,-1784322.2903113817,0.0,-444180.9961217871,-459275.9780797033,47.80473424403478,184.77960228843136,10.361576659604909,-1863631.869
55,RuPhos,0.5,150,16.750154835171998,15.868484718259424,-1566239.817533405,-1784322.2903113817,0.0,-444180.9961217871,-459275.9780797033,47.80473424403478,184.77960228843136,10.361576659604909,-1863631.869
55,RuPhos,0.5,300,16.750154835171998,15.868484718259424,-1566239.817533405,-1784322.2903113817,0.0,-444180.9961217871,-459275.9780797033,47.80473424403478,184.77960228843136,10.361576659604909,-1863631.869
55,RuPhos,0.5,600,16.750154835171998,15.868484718259424,-1566239.817533405,-1784322.2903113817,0.0,-444180.9961217871,-459275.9780797033,47.80473424403478,184.77960228843136,10.361576659604909,-1863631.869
55,RuPhos,0.5,900,16.750154835171998,15.868484718259424,-1566239.817533405,-1784322.2903113817,0.0,-444180.9961217871,-459275.9780797033,47.80473424403478,184.77960228843136,10.361576659604909,-1863631.869
55,RuPhos,1.25,60,16.750154835171998,15.868484718259424,-1566239.817533405,-1784322.2903113817,0.0,-444180.9961217871,-459275.9780797033,47.80473424403478,184.77960228843136,10.361576659604909,-1863631.869
55,RuPhos,1.25,150,16.750154835171998,15.868484718259424,-1566239.817533405,-1784322.2903113817,0.0,-444180.9961217871,-459275.9780797033,47.80473424403478,184.77960228843136,10.361576659604909,-1863631.869
55,RuPhos,1.25,300,16.750154835171998,15.868484718259424,-1566239.817533405,-1784322.2903113817,0.0,-444180.9961217871,-459275.9780797033,47.80473424403478,184.77960228843136,10.361576659604909,-1863631.869
55,RuPhos,1.25,600,16.750154835171998,15.868484718259424,-1566239.817533405,-1784322.2903113817,0.0,-444180.9961217871,-459275.9780797033,47.80473424403478,184.77960228843136,10.361576659604909,-1863631.869
55,RuPhos,1.25,900,16.750154835171998,15.868484718259424,-1566239.817533405,-1784322.2903113817,0.0,-444180.9961217871,-459275.9780797033,47.80473424403478,184.77960228843136,10.361576659604909,-1863631.869
55,RuPhos,2.5,60,16.750154835171998,15.868484718259424,-1566239.817533405,-1784322.2903113817,0.0,-444180.9961217871,-459275.9780797033,47.80473424403478,184.77960228843136,10.361576659604909,-1863631.869
55,RuPhos,2.5,150,16.750154835171998,15.868484718259424,-1566239.817533405,-1784322.2903113817,0.0,-444180.9961217871,-459275.9780797033,47.80473424403478,184.77960228843136,10.361576659604909,-1863631.869
55,RuPhos,2.5,300,16.750154835171998,15.868484718259424,-1566239.817533405,-1784322.2903113817,0.0,-444180.9961217871,-459275.9780797033,47.80473424403478,184.77960228843136,10.361576659604909,-1863631.869
55,RuPhos,2.5,600,16.750154835171998,15.868484718259424,-1566239.817533405,-1784322.2903113817,0.0,-444180.9961217871,-459275.9780797033,47.80473424403478,184.77960228843136,10.361576659604909,-1863631.869
55,RuPhos,2.5,900,16.750154835171998,15.868484718259424,-1566239.817533405,-1784322.2903113817,0.0,-444180.9961217871,-459275.9780797033,47.80473424403478,184.77960228843136,10.361576659604909,-1863631.869
55,RuPhos,5.0,60,16.750154835171998,15.868484718259424,-1566239.817533405,-1784322.2903113817,0.0,-444180.9961217871,-459275.9780797033,47.80473424403478,184.77960228843136,10.361576659604909,-1863631.869
55,RuPhos,5.0,150,16.750154835171998,15.868484718259424,-1566239.817533405,-1784322.2903113817,0.0,-444180.9961217871,-459275.9780797033,47.80473424403478,184.77960228843136,10.361576659604909,-1863631.869
55,RuPhos,5.0,300,16.750154835171998,15.868484718259424,-1566239.817533405,-1784322.2903113817,0.0,-444180.9961217871,-459275.9780797033,47.80473424403478,184.77960228843136,10.361576659604909,-1863631.869
55,RuPhos,5.0,600,16.750154835171998,15.868484718259424,-1566239.817533405,-1784322.2903113817,0.0,-444180.9961217871,-459275.9780797033,47.80473424403478,184.77960228843136,10.361576659604909,-1863631.869
55,RuPhos,5.0,900,16.750154835171998,15.868484718259424,-1566239.817533405,-1784322.2903113817,0.0,-444180.9961217871,-459275.9780797033,47.80473424403478,184.77960228843136,10.361576659604909,-1863631.869
55,SPhos,0.5,60,12.968472327571362,13.131354624172673,-1467639.6144520864,-1685718.4296672258,0.0,-444180.9961217871,-459275.9780797033,15777.278491657653,12290.064936803761,11.263033209368588,-1765028.782
55,SPhos,0.5,150,12.968472327571362,13.131354624172673,-1467639.6144520864,-1685718.4296672258,0.0,-444180.9961217871,-459275.9780797033,15777.278491657653,12290.064936803761,11.263033209368588,-1765028.782
55,SPhos,0.5,300,12.968472327571362,13.131354624172673,-1467639.6144520864,-1685718.4296672258,0.0,-444180.9961217871,-459275.9780797033,15777.278491657653,12290.064936803761,11.263033209368588,-1765028.782
55,SPhos,0.5,600,12.968472327571362,13.131354624172673,-1467639.6144520864,-1685718.4296672258,0.0,-444180.9961217871,-459275.9780797033,15777.278491657653,12290.064936803761,11.263033209368588,-1765028.782
55,SPhos,0.5,900,12.968472327571362,13.131354624172673,-1467639.6144520864,-1685718.4296672258,0.0,-444180.9961217871,-459275.9780797033,15777.278491657653,12290.064936803761,11.263033209368588,-1765028.782
55,SPhos,1.25,60,12.968472327571362,13.131354624172673,-1467639.6144520864,-1685718.4296672258,0.0,-444180.9961217871,-459275.9780797033,15777.278491657653,12290.064936803761,11.263033209368588,-1765028.782
55,SPhos,1.25,150,12.968472327571362,13.131354624172673,-1467639.6144520864,-1685718.4296672258,0.0,-444180.9961217871,-459275.9780797033,15777.278491657653,12290.064936803761,11.263033209368588,-1765028.782
55,SPhos,1.25,300,12.968472327571362,13.131354624172673,-1467639.6144520864,-1685718.4296672258,0.0,-444180.9961217871,-459275.9780797033,15777.278491657653,12290.064936803761,11.263033209368588,-1765028.782
55,SPhos,1.25,600,12.968472327571362,13.131354624172673,-1467639.6144520864,-1685718.4296672258,0.0,-444180.9961217871,-459275.9780797033,15777.278491657653,12290.064936803761,11.263033209368588,-1765028.782
55,SPhos,1.25,900,12.968472327571362,13.131354624172673,-1467639.6144520864,-1685718.4296672258,0.0,-444180.9961217871,-459275.9780797033,15777.278491657653,12290.064936803761,11.263033209368588,-1765028.782
55,SPhos,2.5,60,12.968472327571362,13.131354624172673,-1467639.6144520864,-1685718.4296672258,0.0,-444180.9961217871,-459275.9780797033,15777.278491657653,12290.064936803761,11.263033209368588,-1765028.782
55,SPhos,2.5,150,12.968472327571362,13.131354624172673,-1467639.6144520864,-1685718.4296672258,0.0,-444180.9961217871,-459275.9780797033,15777.278491657653,12290.064936803761,11.263033209368588,-1765028.782
55,SPhos,2.5,300,12.968472327571362,13.131354624172673,-1467639.6144520864,-1685718.4296672258,0.0,-444180.9961217871,-459275.9780797033,15777.278491657653,12290.064936803761,11.263033209368588,-1765028.782
55,SPhos,2.5,600,12.968472327571362,13.131354624172673,-1467639.6144520864,-1685718.4296672258,0.0,-444180.9961217871,-459275.9780797033,15777.278491657653,12290.064936803761,11.263033209368588,-1765028.782
55,SPhos,2.5,900,12.968472327571362,13.131354624172673,-1467639.6144520864,-1685718.4296672258,0.0,-444180.9961217871,-459275.9780797033,15777.278491657653,12290.064936803761,11.263033209368588,-1765028.782
55,SPhos,5.0,60,12.968472327571362,13.131354624172673,-1467639.6144520864,-1685718.4296672258,0.0,-444180.9961217871,-459275.9780797033,15777.278491657653,12290.064936803761,11.263033209368588,-1765028.782
55,SPhos,5.0,150,12.968472327571362,13.131354624172673,-1467639.6144520864,-1685718.4296672258,0.0,-444180.9961217871,-459275.9780797033,15777.278491657653,12290.064936803761,11.263033209368588,-1765028.782
55,SPhos,5.0,300,12.968472327571362,13.131354624172673,-1467639.6144520864,-1685718.4296672258,0.0,-444180.9961217871,-459275.9780797033,15777.278491657653,12290.064936803761,11.263033209368588,-1765028.782
55,SPhos,5.0,600,12.968472327571362,13.131354624172673,-1467639.6144520864,-1685718.4296672258,0.0,-444180.9961217871,-459275.9780797033,15777.278491657653,12290.064936803761,11.263033209368588,-1765028.782
55,SPhos,5.0,900,12.968472327571362,13.131354624172673,-1467639.6144520864,-1685718.4296672258,0.0,-444180.9961217871,-459275.9780797033,15777.278491657653,12290.064936803761,11.263033209368588,-1765028.782
55,tBu3,0.5,60,6.167289770208299,2.295953571330756,-1035501.7692845054,-1253579.6104363366,0.0,-444180.9961217871,-459275.9780797033,534009367.5307043,202217382164.11255,10.201022859895602,-1332879.319
55,tBu3,0.5,150,6.167289770208299,2.295953571330756,-1035501.7692845054,-1253579.6104363366,0.0,-444180.9961217871,-459275.9780797033,534009367.5307043,202217382164.11255,10.201022859895602,-1332879.319
55,tBu3,0.5,300,6.167289770208299,2.295953571330756,-1035501.7692845054,-1253579.6104363366,0.0,-444180.9961217871,-459275.9780797033,534009367.5307043,202217382164.11255,10.201022859895602,-1332879.319
55,tBu3,0.5,600,6.167289770208299,2.295953571330756,-1035501.7692845054,-1253579.6104363366,0.0,-444180.9961217871,-459275.9780797033,534009367.5307043,202217382164.11255,10.201022859895602,-1332879.319
55,tBu3,0.5,900,6.167289770208299,2.295953571330756,-1035501.7692845054,-1253579.6104363366,0.0,-444180.9961217871,-459275.9780797033,534009367.5307043,202217382164.11255,10.201022859895602,-1332879.319
55,tBu3,1.25,60,6.167289770208299,2.295953571330756,-1035501.7692845054,-1253579.6104363366,0.0,-444180.9961217871,-459275.9780797033,534009367.5307043,202217382164.11255,10.201022859895602,-1332879.319
55,tBu3,1.25,150,6.167289770208299,2.295953571330756,-1035501.7692845054,-1253579.6104363366,0.0,-444180.9961217871,-459275.9780797033,534009367.5307043,202217382164.11255,10.201022859895602,-1332879.319
55,tBu3,1.25,300,6.167289770208299,2.295953571330756,-1035501.7692845054,-1253579.6104363366,0.0,-444180.9961217871,-459275.9780797033,534009367.5307043,202217382164.11255,10.201022859895602,-1332879.319
55,tBu3,1.25,600,6.167289770208299,2.295953571330756,-1035501.7692845054,-1253579.6104363366,0.0,-444180.9961217871,-459275.9780797033,534009367.5307043,202217382164.11255,10.201022859895602,-1332879.319
55,tBu3,1.25,900,6.167289770208299,2.295953571330756,-1035501.7692845054,-1253579.6104363366,0.0,-444180.9961217871,-459275.9780797033,534009367.5307043,202217382164.11255,10.201022859895602,-1332879.319
55,tBu3,2.5,60,6.167289770208299,2.295953571330756,-1035501.7692845054,-1253579.6104363366,0.0,-444180.9961217871,-459275.9780797033,534009367.5307043,202217382164.11255,10.201022859895602,-1332879.319
55,tBu3,2.5,150,6.167289770208299,2.295953571330756,-1035501.7692845054,-1253579.6104363366,0.0,-444180.9961217871,-459275.9780797033,534009367.5307043,202217382164.11255,10.201022859895602,-1332879.319
55,tBu3,2.5,300,6.167289770208299,2.295953571330756,-1035501.7692845054,-1253579.6104363366,0.0,-444180.9961217871,-459275.9780797033,534009367.5307043,202217382164.11255,10.201022859895602,-1332879.319
55,tBu3,2.5,600,6.167289770208299,2.295953571330756,-1035501.7692845054,-1253579.6104363366,0.0,-444180.9961217871,-459275.9780797033,534009367.5307043,202217382164.11255,10.201022859895602,-1332879.319
55,tBu3,2.5,900,6.167289770208299,2.295953571330756,-1035501.7692845054,-1253579.6104363366,0.0,-444180.9961217871,-459275.9780797033,534009367.5307043,202217382164.11255,10.201022859895602,-1332879.319
55,tBu3,5.0,60,6.167289770208299,2.295953571330756,-1035501.7692845054,-1253579.6104363366,0.0,-444180.9961217871,-459275.9780797033,534009367.5307043,202217382164.11255,10.201022859895602,-1332879.319
55,tBu3,5.0,150,6.167289770208299,2.295953571330756,-1035501.7692845054,-1253579.6104363366,0.0,-444180.9961217871,-459275.9780797033,534009367.5307043,202217382164.11255,10.201022859895602,-1332879.319
55,tBu3,5.0,300,6.167289770208299,2.295953571330756,-1035501.7692845054,-1253579.6104363366,0.0,-444180.9961217871,-459275.9780797033,534009367.5307043,202217382164.11255,10.201022859895602,-1332879.319
55,tBu3,5.0,600,6.167289770208299,2.295953571330756,-1035501.7692845054,-1253579.6104363366,0.0,-444180.9961217871,-459275.9780797033,534009367.5307043,202217382164.11255,10.201022859895602,-1332879.319
55,tBu3,5.0,900,6.167289770208299,2.295953571330756,-1035501.7692845054,-1253579.6104363366,0.0,-444180.9961217871,-459275.9780797033,534009367.5307043,202217382164.11255,10.201022859895602,-1332879.319
55,XPhos,0.5,60,8.187780949519947,10.58389568910934,-1545779.838075951,-1763864.671058781,0.0,-444180.9961217871,-459275.9780797033,24094769.888408706,611132.4008760914,10.639905859716237,-1843166.002
55,XPhos,0.5,150,8.187780949519947,10.58389568910934,-1545779.838075951,-1763864.671058781,0.0,-444180.9961217871,-459275.9780797033,24094769.888408706,611132.4008760914,10.639905859716237,-1843166.002
55,XPhos,0.5,300,8.187780949519947,10.58389568910934,-1545779.838075951,-1763864.671058781,0.0,-444180.9961217871,-459275.9780797033,24094769.888408706,611132.4008760914,10.639905859716237,-1843166.002
55,XPhos,0.5,600,8.187780949519947,10.58389568910934,-1545779.838075951,-1763864.671058781,0.0,-444180.9961217871,-459275.9780797033,24094769.888408706,611132.4008760914,10.639905859716237,-1843166.002
55,XPhos,0.5,900,8.187780949519947,10.58389568910934,-1545779.838075951,-1763864.671058781,0.0,-444180.9961217871,-459275.9780797033,24094769.888408706,611132.4008760914,10.639905859716237,-1843166.002
55,XPhos,1.25,60,8.187780949519947,10.58389568910934,-1545779.838075951,-1763864.671058781,0.0,-444180.9961217871,-459275.9780797033,24094769.888408706,611132.4008760914,10.639905859716237,-1843166.002
55,XPhos,1.25,150,8.187780949519947,10.58389568910934,-1545779.838075951,-1763864.671058781,0.0,-444180.9961217871,-459275.9780797033,24094769.888408706,611132.4008760914,10.639905859716237,-1843166.002
55,XPhos,1.25,300,8.187780949519947,10.58389568910934,-1545779.838075951,-1763864.671058781,0.0,-444180.9961217871,-459275.9780797033,24094769.888408706,611132.4008760914,10.639905859716237,-1843166.002
55,XPhos,1.25,600,8.187780949519947,10.58389568910934,-1545779.838075951,-1763864.671058781,0.0,-444180.9961217871,-459275.9780797033,24094769.888408706,611132.4008760914,10.639905859716237,-1843166.002
55,XPhos,1.25,900,8.187780949519947,10.58389568910934,-1545779.838075951,-1763864.671058781,0.0,-444180.9961217871,-459275.9780797033,24094769.888408706,611132.4008760914,10.639905859716237,-1843166.002
55,XPhos,2.5,60,8.187780949519947,10.58389568910934,-1545779.838075951,-1763864.671058781,0.0,-444180.9961217871,-459275.9780797033,24094769.888408706,611132.4008760914,10.639905859716237,-1843166.002
55,XPhos,2.5,150,8.187780949519947,10.58389568910934,-1545779.838075951,-1763864.671058781,0.0,-444180.9961217871,-459275.9780797033,24094769.888408706,611132.4008760914,10.639905859716237,-1843166.002
55,XPhos,2.5,300,8.187780949519947,10.58389568910934,-1545779.838075951,-1763864.671058781,0.0,-444180.9961217871,-459275.9780797033,24094769.888408706,611132.4008760914,10.639905859716237,-1843166.002
55,XPhos,2.5,600,8.187780949519947,10.58389568910934,-1545779.838075951,-1763864.671058781,0.0,-444180.9961217871,-459275.9780797033,24094769.888408706,611132.4008760914,10.639905859716237,-1843166.002
55,XPhos,2.5,900,8.187780949519947,10.58389568910934,-1545779.838075951,-1763864.671058781,0.0,-444180.9961217871,-459275.9780797033,24094769.888408706,611132.4008760914,10.639905859716237,-1843166.002
55,XPhos,5.0,60,8.187780949519947,10.58389568910934,-1545779.838075951,-1763864.671058781,0.0,-444180.9961217871,-459275.9780797033,24094769.888408706,611132.4008760914,10.639905859716237,-1843166.002
55,XPhos,5.0,150,8.187780949519947,10.58389568910934,-1545779.838075951,-1763864.671058781,0.0,-444180.9961217871,-459275.9780797033,24094769.888408706,611132.4008760914,10.639905859716237,-1843166.002
55,XPhos,5.0,300,8.187780949519947,10.58389568910934,-1545779.838075951,-1763864.671058781,0.0,-444180.9961217871,-459275.9780797033,24094769.888408706,611132.4008760914,10.639905859716237,-1843166.002
55,XPhos,5.0,600,8.187780949519947,10.58389568910934,-1545779.838075951,-1763864.671058781,0.0,-444180.9961217871,-459275.9780797033,24094769.888408706,611132.4008760914,10.639905859716237,-1843166.002
55,XPhos,5.0,900,8.187780949519947,10.58389568910934,-1545779.838075951,-1763864.671058781,0.0,-444180.9961217871,-459275.9780797033,24094769.888408706,611132.4008760914,10.639905859716237,-1843166.002
60,PCy3,0.5,60,5.852982591837645,15.756477617193013,-1181203.068667194,-1399280.9215138752,0.0,-444181.3887453471,-459276.6338575833,1004486610.0706717,320.11672982123156,11.49026079988107,-1478590.935
60,PCy3,0.5,150,5.852982591837645,15.756477617193013,-1181203.068667194,-1399280.9215138752,0.0,-444181.3887453471,-459276.6338575833,1004486610.0706717,320.11672982123156,11.49026079988107,-1478590.935
60,PCy3,0.5,300,5.852982591837645,15.756477617193013,-1181203.068667194,-1399280.9215138752,0.0,-444181.3887453471,-459276.6338575833,1004486610.0706717,320.11672982123156,11.49026079988107,-1478590.935
60,PCy3,0.5,600,5.852982591837645,15.756477617193013,-1181203.068667194,-1399280.9215138752,0.0,-444181.3887453471,-459276.6338575833,1004486610.0706717,320.11672982123156,11.49026079988107,-1478590.935
60,PCy3,0.5,900,5.852982591837645,15.756477617193013,-1181203.068667194,-1399280.9215138752,0.0,-444181.3887453471,-459276.6338575833,1004486610.0706717,320.11672982123156,11.49026079988107,-1478590.935
60,PCy3,1.25,60,5.852982591837645,15.756477617193013,-1181203.068667194,-1399280.9215138752,0.0,-444181.3887453471,-459276.6338575833,1004486610.0706717,320.11672982123156,11.49026079988107,-1478590.935
60,PCy3,1.25,150,5.852982591837645,15.756477617193013,-1181203.068667194,-1399280.9215138752,0.0,-444181.3887453471,-459276.6338575833,1004486610.0706717,320.11672982123156,11.49026079988107,-1478590.935
60,PCy3,1.25,300,5.852982591837645,15.756477617193013,-1181203.068667194,-1399280.9215138752,0.0,-444181.3887453471,-459276.6338575833,1004486610.0706717,320.11672982123156,11.49026079988107,-1478590.935
60,PCy3,1.25,600,5.852982591837645,15.756477617193013,-1181203.068667194,-1399280.9215138752,0.0,-444181.3887453471,-459276.6338575833,1004486610.0706717,320.11672982123156,11.49026079988107,-1478590.935
60,PCy3,1.25,900,5.852982591837645,15.756477617193013,-1181203.068667194,-1399280.9215138752,0.0,-444181.3887453471,-459276.6338575833,1004486610.0706717,320.11672982123156,11.49026079988107,-1478590.935
60,PCy3,2.5,60,5.852982591837645,15.756477617193013,-1181203.068667194,-1399280.9215138752,0.0,-444181.3887453471,-459276.6338575833,1004486610.0706717,320.11672982123156,11.49026079988107,-1478590.935
60,PCy3,2.5,150,5.852982591837645,15.756477617193013,-1181203.068667194,-1399280.9215138752,0.0,-444181.3887453471,-459276.6338575833,1004486610.0706717,320.11672982123156,11.49026079988107,-1478590.935
60,PCy3,2.5,300,5.852982591837645,15.756477617193013,-1181203.068667194,-1399280.9215138752,0.0,-444181.3887453471,-459276.6338575833,1004486610.0706717,320.11672982123156,11.49026079988107,-1478590.935
60,PCy3,2.5,600,5.852982591837645,15.756477617193013,-1181203.068667194,-1399280.9215138752,0.0,-444181.3887453471,-459276.6338575833,1004486610.0706717,320.11672982123156,11.49026079988107,-1478590.935
60,PCy3,2.5,900,5.852982591837645,15.756477617193013,-1181203.068667194,-1399280.9215138752,0.0,-444181.3887453471,-459276.6338575833,1004486610.0706717,320.11672982123156,11.49026079988107,-1478590.935
60,PCy3,5.0,60,5.852982591837645,15.756477617193013,-1181203.068667194,-1399280.9215138752,0.0,-444181.3887453471,-459276.6338575833,1004486610.0706717,320.11672982123156,11.49026079988107,-1478590.935
60,PCy3,5.0,150,5.852982591837645,15.756477617193013,-1181203.068667194,-1399280.9215138752,0.0,-444181.3887453471,-459276.6338575833,1004486610.0706717,320.11672982123156,11.49026079988107,-1478590.935
60,PCy3,5.0,300,5.852982591837645,15.756477617193013,-1181203.068667194,-1399280.9215138752,0.0,-444181.3887453471,-459276.6338575833,1004486610.0706717,320.11672982123156,11.49026079988107,-1478590.935
60,PCy3,5.0,600,5.852982591837645,15.756477617193013,-1181203.068667194,-1399280.9215138752,0.0,-444181.3887453471,-459276.6338575833,1004486610.0706717,320.11672982123156,11.49026079988107,-1478590.935
60,PCy3,5.0,900,5.852982591837645,15.756477617193013,-1181203.068667194,-1399280.9215138752,0.0,-444181.3887453471,-459276.6338575833,1004486610.0706717,320.11672982123156,11.49026079988107,-1478590.935
60,PPh3,0.5,60,6.036349423462525,8.62581462902017,-1174563.774626812,-1392646.625033041,0.0,-444181.3887453471,-459276.6338575833,761476604.9771326,15239905.796493253,8.870080770226195,-1471951.922
60,PPh3,0.5,150,6.036349423462525,8.62581462902017,-1174563.774626812,-1392646.625033041,0.0,-444181.3887453471,-459276.6338575833,761476604.9771326,15239905.796493253,8.870080770226195,-1471951.922
60,PPh3,0.5,300,6.036349423462525,8.62581462902017,-1174563.774626812,-1392646.625033041,0.0,-444181.3887453471,-459276.6338575833,761476604.9771326,15239905.796493253,8.870080770226195,-1471951.922
60,PPh3,0.5,600,6.036349423462525,8.62581462902017,-1174563.774626812,-1392646.625033041,0.0,-444181.3887453471,-459276.6338575833,761476604.9771326,15239905.796493253,8.870080770226195,-1471951.922
60,PPh3,0.5,900,6.036349423462525,8.62581462902017,-1174563.774626812,-1392646.625033041,0.0,-444181.3887453471,-459276.6338575833,761476604.9771326,15239905.796493253,8.870080770226195,-1471951.922
60,PPh3,1.25,60,6.036349423462525,8.62581462902017,-1174563.774626812,-1392646.625033041,0.0,-444181.3887453471,-459276.6338575833,761476604.9771326,15239905.796493253,8.870080770226195,-1471951.922
60,PPh3,1.25,150,6.036349423462525,8.62581462902017,-1174563.774626812,-1392646.625033041,0.0,-444181.3887453471,-459276.6338575833,761476604.9771326,15239905.796493253,8.870080770226195,-1471951.922
60,PPh3,1.25,300,6.036349423462525,8.62581462902017,-1174563.774626812,-1392646.625033041,0.0,-444181.3887453471,-459276.6338575833,761476604.9771326,15239905.796493253,8.870080770226195,-1471951.922
60,PPh3,1.25,600,6.036349423462525,8.62581462902017,-1174563.774626812,-1392646.625033041,0.0,-444181.3887453471,-459276.6338575833,761476604.9771326,15239905.796493253,8.870080770226195,-1471951.922
60,PPh3,1.25,900,6.036349423462525,8.62581462902017,-1174563.774626812,-1392646.625033041,0.0,-444181.3887453471,-459276.6338575833,761476604.9771326,15239905.796493253,8.870080770226195,-1471951.922
60,PPh3,2.5,60,6.036349423462525,8.62581462902017,-1174563.774626812,-1392646.625033041,0.0,-444181.3887453471,-459276.6338575833,761476604.9771326,15239905.796493253,8.870080770226195,-1471951.922
60,PPh3,2.5,150,6.036349423462525,8.62581462902017,-1174563.774626812,-1392646.625033041,0.0,-444181.3887453471,-459276.6338575833,761476604.9771326,15239905.796493253,8.870080770226195,-1471951.922
60,PPh3,2.5,300,6.036349423462525,8.62581462902017,-1174563.774626812,-1392646.625033041,0.0,-444181.3887453471,-459276.6338575833,761476604.9771326,15239905.796493253,8.870080770226195,-1471951.922
60,PPh3,2.5,600,6.036349423462525,8.62581462902017,-1174563.774626812,-1392646.625033041,0.0,-444181.3887453471,-459276.6338575833,761476604.9771326,15239905.796493253,8.870080770226195,-1471951.922
60,PPh3,2.5,900,6.036349423462525,8.62581462902017,-1174563.774626812,-1392646.625033041,0.0,-444181.3887453471,-459276.6338575833,761476604.9771326,15239905.796493253,8.870080770226195,-1471951.922
60,PPh3,5.0,60,6.036349423462525,8.62581462902017,-1174563.774626812,-1392646.625033041,0.0,-444181.3887453471,-459276.6338575833,761476604.9771326,15239905.796493253,8.870080770226195,-1471951.922
60,PPh3,5.0,150,6.036349423462525,8.62581462902017,-1174563.774626812,-1392646.625033041,0.0,-444181.3887453471,-459276.6338575833,761476604.9771326,15239905.796493253,8.870080770226195,-1471951.922
60,PPh3,5.0,300,6.036349423462525,8.62581462902017,-1174563.774626812,-1392646.625033041,0.0,-444181.3887453471,-459276.6338575833,761476604.9771326,15239905.796493253,8.870080770226195,-1471951.922
60,PPh3,5.0,600,6.036349423462525,8.62581462902017,-1174563.774626812,-1392646.625033041,0.0,-444181.3887453471,-459276.6338575833,761476604.9771326,15239905.796493253,8.870080770226195,-1471951.922
60,PPh3,5.0,900,6.036349423462525,8.62581462902017,-1174563.774626812,-1392646.625033041,0.0,-444181.3887453471,-459276.6338575833,761476604.9771326,15239905.796493253,8.870080770226195,-1471951.922
60,AmPhos,0.5,60,7.758269566344097,5.876276281196624,-1448653.3854385698,-1666734.5568349787,0.0,-444181.3887453471,-459276.6338575833,56504996.742170885,969758568.6862029,10.064754140097648,-1746033.827
60,AmPhos,0.5,150,7.758269566344097,5.876276281196624,-1448653.3854385698,-1666734.5568349787,0.0,-444181.3887453471,-459276.6338575833,56504996.742170885,969758568.6862029,10.064754140097648,-1746033.827
60,AmPhos,0.5,300,7.758269566344097,5.876276281196624,-1448653.3854385698,-1666734.5568349787,0.0,-444181.3887453471,-459276.6338575833,56504996.742170885,969758568.6862029,10.064754140097648,-1746033.827
60,AmPhos,0.5,600,7.758269566344097,5.876276281196624,-1448653.3854385698,-1666734.5568349787,0.0,-444181.3887453471,-459276.6338575833,56504996.742170885,969758568.6862029,10.064754140097648,-1746033.827
60,AmPhos,0.5,900,7.758269566344097,5.876276281196624,-1448653.3854385698,-1666734.5568349787,0.0,-444181.3887453471,-459276.6338575833,56504996.742170885,969758568.6862029,10.064754140097648,-1746033.827
60,AmPhos,1.25,60,7.758269566344097,5.876276281196624,-1448653.3854385698,-1666734.5568349787,0.0,-444181.3887453471,-459276.6338575833,56504996.742170885,969758568.6862029,10.064754140097648,-1746033.827
60,AmPhos,1.25,150,7.758269566344097,5.876276281196624,-1448653.3854385698,-1666734.5568349787,0.0,-444181.3887453471,-459276.6338575833,56504996.742170885,969758568.6862029,10.064754140097648,-1746033.827
60,AmPhos,1.25,300,7.758269566344097,5.876276281196624,-1448653.3854385698,-1666734.5568349787,0.0,-444181.3887453471,-459276.6338575833,56504996.742170885,969758568.6862029,10.064754140097648,-1746033.827
60,AmPhos,1.25,600,7.758269566344097,5.876276281196624,-1448653.3854385698,-1666734.5568349787,0.0,-444181.3887453471,-459276.6338575833,56504996.742170885,969758568.6862029,10.064754140097648,-1746033.827
60,AmPhos,1.25,900,7.758269566344097,5.876276281196624,-1448653.3854385698,-1666734.5568349787,0.0,-444181.3887453471,-459276.6338575833,56504996.742170885,969758568.6862029,10.064754140097648,-1746033.827
60,AmPhos,2.5,60,7.758269566344097,5.876276281196624,-1448653.3854385698,-1666734.5568349787,0.0,-444181.3887453471,-459276.6338575833,56504996.742170885,969758568.6862029,10.064754140097648,-1746033.827
60,AmPhos,2.5,150,7.758269566344097,5.876276281196624,-1448653.3854385698,-1666734.5568349787,0.0,-444181.3887453471,-459276.6338575833,56504996.742170885,969758568.6862029,10.064754140097648,-1746033.827
60,AmPhos,2.5,300,7.758269566344097,5.876276281196624,-1448653.3854385698,-1666734.5568349787,0.0,-444181.3887453471,-459276.6338575833,56504996.742170885,969758568.6862029,10.064754140097648,-1746033.827
60,AmPhos,2.5,600,7.758269566344097,5.876276281196624,-1448653.3854385698,-1666734.5568349787,0.0,-444181.3887453471,-459276.6338575833,56504996.742170885,969758568.6862029,10.064754140097648,-1746033.827
60,AmPhos,2.5,900,7.758269566344097,5.876276281196624,-1448653.3854385698,-1666734.5568349787,0.0,-444181.3887453471,-459276.6338575833,56504996.742170885,969758568.6862029,10.064754140097648,-1746033.827
60,AmPhos,5.0,60,7.758269566344097,5.876276281196624,-1448653.3854385698,-1666734.5568349787,0.0,-444181.3887453471,-459276.6338575833,56504996.742170885,969758568.6862029,10.064754140097648,-1746033.827
60,AmPhos,5.0,150,7.758269566344097,5.876276281196624,-1448653.3854385698,-1666734.5568349787,0.0,-444181.3887453471,-459276.6338575833,56504996.742170885,969758568.6862029,10.064754140097648,-1746033.827
60,AmPhos,5.0,300,7.758269566344097,5.876276281196624,-1448653.3854385698,-1666734.5568349787,0.0,-444181.3887453471,-459276.6338575833,56504996.742170885,969758568.6862029,10.064754140097648,-1746033.827
60,AmPhos,5.0,600,7.758269566344097,5.876276281196624,-1448653.3854385698,-1666734.5568349787,0.0,-444181.3887453471,-459276.6338575833,56504996.742170885,969758568.6862029,10.064754140097648,-1746033.827
60,AmPhos,5.0,900,7.758269566344097,5.876276281196624,-1448653.3854385698,-1666734.5568349787,0.0,-444181.3887453471,-459276.6338575833,56504996.742170885,969758568.6862029,10.064754140097648,-1746033.827
60,RuPhos,0.5,60,16.992994485190138,15.872981488937512,-1566241.088310005,-1784323.934875901,0.0,-444181.3887453471,-459276.6338575833,49.449330686394546,268.46180252961466,10.361576659837738,-1863633.374
60,RuPhos,0.5,150,16.992994485190138,15.872981488937512,-1566241.088310005,-1784323.934875901,0.0,-444181.3887453471,-459276.6338575833,49.449330686394546,268.46180252961466,10.361576659837738,-1863633.374
60,RuPhos,0.5,300,16.992994485190138,15.872981488937512,-1566241.088310005,-1784323.934875901,0.0,-444181.3887453471,-459276.6338575833,49.449330686394546,268.46180252961466,10.361576659837738,-1863633.374
60,RuPhos,0.5,600,16.992994485190138,15.872981488937512,-1566241.088310005,-1784323.934875901,0.0,-444181.3887453471,-459276.6338575833,49.449330686394546,268.46180252961466,10.361576659837738,-1863633.374
60,RuPhos,0.5,900,16.992994485190138,15.872981488937512,-1566241.088310005,-1784323.934875901,0.0,-444181.3887453471,-459276.6338575833,49.449330686394546,268.46180252961466,10.361576659837738,-1863633.374
60,RuPhos,1.25,60,16.992994485190138,15.872981488937512,-1566241.088310005,-1784323.934875901,0.0,-444181.3887453471,-459276.6338575833,49.449330686394546,268.46180252961466,10.361576659837738,-1863633.374
60,RuPhos,1.25,150,16.992994485190138,15.872981488937512,-1566241.088310005,-1784323.934875901,0.0,-444181.3887453471,-459276.6338575833,49.449330686394546,268.46180252961466,10.361576659837738,-1863633.374
60,RuPhos,1.25,300,16.992994485190138,15.872981488937512,-1566241.088310005,-1784323.934875901,0.0,-444181.3887453471,-459276.6338575833,49.449330686394546,268.46180252961466,10.361576659837738,-1863633.374
60,RuPhos,1.25,600,16.992994485190138,15.872981488937512,-1566241.088310005,-1784323.934875901,0.0,-444181.3887453471,-459276.6338575833,49.449330686394546,268.46180252961466,10.361576659837738,-1863633.374
60,RuPhos,1.25,900,16.992994485190138,15.872981488937512,-1566241.088310005,-1784323.934875901,0.0,-444181.3887453471,-459276.6338575833,49.449330686394546,268.46180252961466,10.361576659837738,-1863633.374
60,RuPhos,2.5,60,16.992994485190138,15.872981488937512,-1566241.088310005,-1784323.934875901,0.0,-444181.3887453471,-459276.6338575833,49.449330686394546,268.46180252961466,10.361576659837738,-1863633.374
60,RuPhos,2.5,150,16.992994485190138,15.872981488937512,-1566241.088310005,-1784323.934875901,0.0,-444181.3887453471,-459276.6338575833,49.449330686394546,268.46180252961466,10.361576659837738,-1863633.374
60,RuPhos,2.5,300,16.992994485190138,15.872981488937512,-1566241.088310005,-1784323.934875901,0.0,-444181.3887453471,-459276.6338575833,49.449330686394546,268.46180252961466,10.361576659837738,-1863633.374
60,RuPhos,2.5,600,16.992994485190138,15.872981488937512,-1566241.088310005,-1784323.934875901,0.0,-444181.3887453471,-459276.6338575833,49.449330686394546,268.46180252961466,10.361576659837738,-1863633.374
60,RuPhos,2.5,900,16.992994485190138,15.872981488937512,-1566241.088310005,-1784323.934875901,0.0,-444181.3887453471,-459276.6338575833,49.449330686394546,268.46180252961466,10.361576659837738,-1863633.374
60,RuPhos,5.0,60,16.992994485190138,15.872981488937512,-1566241.088310005,-1784323.934875901,0.0,-444181.3887453471,-459276.6338575833,49.449330686394546,268.46180252961466,10.361576659837738,-1863633.374
60,RuPhos,5.0,150,16.992994485190138,15.872981488937512,-1566241.088310005,-1784323.934875901,0.0,-444181.3887453471,-459276.6338575833,49.449330686394546,268.46180252961466,10.361576659837738,-1863633.374
60,RuPhos,5.0,300,16.992994485190138,15.872981488937512,-1566241.088310005,-1784323.934875901,0.0,-444181.3887453471,-459276.6338575833,49.449330686394546,268.46180252961466,10.361576659837738,-1863633.374
60,RuPhos,5.0,600,16.992994485190138,15.872981488937512,-1566241.088310005,-1784323.934875901,0.0,-444181.3887453471,-459276.6338575833,49.449330686394546,268.46180252961466,10.361576659837738,-1863633.374
60,RuPhos,5.0,900,16.992994485190138,15.872981488937512,-1566241.088310005,-1784323.934875901,0.0,-444181.3887453471,-459276.6338575833,49.449330686394546,268.46180252961466,10.361576659837738,-1863633.374
60,SPhos,0.5,60,13.18158100778237,13.143891653977334,-1467640.8002475863,-1685719.943252726,0.0,-444181.3887453471,-459276.6338575833,15646.807475190615,16563.409464430657,11.263033210067078,-1765030.156
60,SPhos,0.5,150,13.18158100778237,13.143891653977334,-1467640.8002475863,-1685719.943252726,0.0,-444181.3887453471,-459276.6338575833,15646.807475190615,16563.409464430657,11.263033210067078,-1765030.156
60,SPhos,0.5,300,13.18158100778237,13.143891653977334,-1467640.8002475863,-1685719.943252726,0.0,-444181.3887453471,-459276.6338575833,15646.807475190615,16563.409464430657,11.263033210067078,-1765030.156
60,SPhos,0.5,600,13.18158100778237,13.143891653977334,-1467640.8002475863,-1685719.943252726,0.0,-444181.3887453471,-459276.6338575833,15646.807475190615,16563.409464430657,11.263033210067078,-1765030.156
60,SPhos,0.5,900,13.18158100778237,13.143891653977334,-1467640.8002475863,-1685719.943252726,0.0,-444181.3887453471,-459276.6338575833,15646.807475190615,16563.409464430657,11.263033210067078,-1765030.156
60,SPhos,1.25,60,13.18158100778237,13.143891653977334,-1467640.8002475863,-1685719.943252726,0.0,-444181.3887453471,-459276.6338575833,15646.807475190615,16563.409464430657,11.263033210067078,-1765030.156
60,SPhos,1.25,150,13.18158100778237,13.143891653977334,-1467640.8002475863,-1685719.943252726,0.0,-444181.3887453471,-459276.6338575833,15646.807475190615,16563.409464430657,11.263033210067078,-1765030.156
60,SPhos,1.25,300,13.18158100778237,13.143891653977334,-1467640.8002475863,-1685719.943252726,0.0,-444181.3887453471,-459276.6338575833,15646.807475190615,16563.409464430657,11.263033210067078,-1765030.156
60,SPhos,1.25,600,13.18158100778237,13.143891653977334,-1467640.8002475863,-1685719.943252726,0.0,-444181.3887453471,-459276.6338575833,15646.807475190615,16563.409464430657,11.263033210067078,-1765030.156
60,SPhos,1.25,900,13.18158100778237,13.143891653977334,-1467640.8002475863,-1685719.943252726,0.0,-444181.3887453471,-459276.6338575833,15646.807475190615,16563.409464430657,11.263033210067078,-1765030.156
60,SPhos,2.5,60,13.18158100778237,13.143891653977334,-1467640.8002475863,-1685719.943252726,0.0,-444181.3887453471,-459276.6338575833,15646.807475190615,16563.409464430657,11.263033210067078,-1765030.156
60,SPhos,2.5,150,13.18158100778237,13.143891653977334,-1467640.8002475863,-1685719.943252726,0.0,-444181.3887453471,-459276.6338575833,15646.807475190615,16563.409464430657,11.263033210067078,-1765030.156
60,SPhos,2.5,300,13.18158100778237,13.143891653977334,-1467640.8002475863,-1685719.943252726,0.0,-444181.3887453471,-459276.6338575833,15646.807475190615,16563.409464430657,11.263033210067078,-1765030.156
60,SPhos,2.5,600,13.18158100778237,13.143891653977334,-1467640.8002475863,-1685719.943252726,0.0,-444181.3887453471,-459276.6338575833,15646.807475190615,16563.409464430657,11.263033210067078,-1765030.156
60,SPhos,2.5,900,13.18158100778237,13.143891653977334,-1467640.8002475863,-1685719.943252726,0.0,-444181.3887453471,-459276.6338575833,15646.807475190615,16563.409464430657,11.263033210067078,-1765030.156
60,SPhos,5.0,60,13.18158100778237,13.143891653977334,-1467640.8002475863,-1685719.943252726,0.0,-444181.3887453471,-459276.6338575833,15646.807475190615,16563.409464430657,11.263033210067078,-1765030.156
60,SPhos,5.0,150,13.18158100778237,13.143891653977334,-1467640.8002475863,-1685719.943252726,0.0,-444181.3887453471,-459276.6338575833,15646.807475190615,16563.409464430657,11.263033210067078,-1765030.156
60,SPhos,5.0,300,13.18158100778237,13.143891653977334,-1467640.8002475863,-1685719.943252726,0.0,-444181.3887453471,-459276.6338575833,15646.807475190615,16563.409464430657,11.263033210067078,-1765030.156
60,SPhos,5.0,600,13.18158100778237,13.143891653977334,-1467640.8002475863,-1685719.943252726,0.0,-444181.3887453471,-459276.6338575833,15646.807475190615,16563.409464430657,11.263033210067078,-1765030.156
60,SPhos,5.0,900,13.18158100778237,13.143891653977334,-1467640.8002475863,-1685719.943252726,0.0,-444181.3887453471,-459276.6338575833,15646.807475190615,16563.409464430657,11.263033210067078,-1765030.156
60,tBu3,0.5,60,6.171404530410655,2.302256571361795,-1035502.6585613552,-1253580.8633121066,0.0,-444181.3887453471,-459276.6338575833,620956520.0066035,214387766911.03442,10.191022859886289,-1332880.435
60,tBu3,0.5,150,6.171404530410655,2.302256571361795,-1035502.6585613552,-1253580.8633121066,0.0,-444181.3887453471,-459276.6338575833,620956520.0066035,214387766911.03442,10.191022859886289,-1332880.435
60,tBu3,0.5,300,6.171404530410655,2.302256571361795,-1035502.6585613552,-1253580.8633121066,0.0,-444181.3887453471,-459276.6338575833,620956520.0066035,214387766911.03442,10.191022859886289,-1332880.435
60,tBu3,0.5,600,6.171404530410655,2.302256571361795,-1035502.6585613552,-1253580.8633121066,0.0,-444181.3887453471,-459276.6338575833,620956520.0066035,214387766911.03442,10.191022859886289,-1332880.435
60,tBu3,0.5,900,6.171404530410655,2.302256571361795,-1035502.6585613552,-1253580.8633121066,0.0,-444181.3887453471,-459276.6338575833,620956520.0066035,214387766911.03442,10.191022859886289,-1332880.435
60,tBu3,1.25,60,6.171404530410655,2.302256571361795,-1035502.6585613552,-1253580.8633121066,0.0,-444181.3887453471,-459276.6338575833,620956520.0066035,214387766911.03442,10.191022859886289,-1332880.435
60,tBu3,1.25,150,6.171404530410655,2.302256571361795,-1035502.6585613552,-1253580.8633121066,0.0,-444181.3887453471,-459276.6338575833,620956520.0066035,214387766911.03442,10.191022859886289,-1332880.435
60,tBu3,1.25,300,6.171404530410655,2.302256571361795,-1035502.6585613552,-1253580.8633121066,0.0,-444181.3887453471,-459276.6338575833,620956520.0066035,214387766911.03442,10.191022859886289,-1332880.435
60,tBu3,1.25,600,6.171404530410655,2.302256571361795,-1035502.6585613552,-1253580.8633121066,0.0,-444181.3887453471,-459276.6338575833,620956520.0066035,214387766911.03442,10.191022859886289,-1332880.435
60,tBu3,1.25,900,6.171404530410655,2.302256571361795,-1035502.6585613552,-1253580.8633121066,0.0,-444181.3887453471,-459276.6338575833,620956520.0066035,214387766911.03442,10.191022859886289,-1332880.435
60,tBu3,2.5,60,6.171404530410655,2.302256571361795,-1035502.6585613552,-1253580.8633121066,0.0,-444181.3887453471,-459276.6338575833,620956520.0066035,214387766911.03442,10.191022859886289,-1332880.435
60,tBu3,2.5,150,6.171404530410655,2.302256571361795,-1035502.6585613552,-1253580.8633121066,0.0,-444181.3887453471,-459276.6338575833,620956520.0066035,214387766911.03442,10.191022859886289,-1332880.435
60,tBu3,2.5,300,6.171404530410655,2.302256571361795,-1035502.6585613552,-1253580.8633121066,0.0,-444181.3887453471,-459276.6338575833,620956520.0066035,214387766911.03442,10.191022859886289,-1332880.435
60,tBu3,2.5,600,6.171404530410655,2.302256571361795,-1035502.6585613552,-1253580.8633121066,0.0,-444181.3887453471,-459276.6338575833,620956520.0066035,214387766911.03442,10.191022859886289,-1332880.435
60,tBu3,2.5,900,6.171404530410655,2.302256571361795,-1035502.6585613552,-1253580.8633121066,0.0,-444181.3887453471,-459276.6338575833,620956520.0066035,214387766911.03442,10.191022859886289,-1332880.435
60,tBu3,5.0,60,6.171404530410655,2.302256571361795,-1035502.6585613552,-1253580.8633121066,0.0,-444181.3887453471,-459276.6338575833,620956520.0066035,214387766911.03442,10.191022859886289,-1332880.435
60,tBu3,5.0,150,6.171404530410655,2.302256571361795,-1035502.6585613552,-1253580.8633121066,0.0,-444181.3887453471,-459276.6338575833,620956520.0066035,214387766911.03442,10.191022859886289,-1332880.435
60,tBu3,5.0,300,6.171404530410655,2.302256571361795,-1035502.6585613552,-1253580.8633121066,0.0,-444181.3887453471,-459276.6338575833,620956520.0066035,214387766911.03442,10.191022859886289,-1332880.435
60,tBu3,5.0,600,6.171404530410655,2.302256571361795,-1035502.6585613552,-1253580.8633121066,0.0,-444181.3887453471,-459276.6338575833,620956520.0066035,214387766911.03442,10.191022859886289,-1332880.435
60,tBu3,5.0,900,6.171404530410655,2.302256571361795,-1035502.6585613552,-1253580.8633121066,0.0,-444181.3887453471,-459276.6338575833,620956520.0066035,214387766911.03442,10.191022859886289,-1332880.435
60,XPhos,0.5,60,8.433208599220961,10.595615619095042,-1545781.173284071,-1763866.367414081,0.0,-444181.3887453471,-459276.6338575833,20385939.46772613,777685.7865245574,10.629905860172585,-1843167.563
60,XPhos,0.5,150,8.433208599220961,10.595615619095042,-1545781.173284071,-1763866.367414081,0.0,-444181.3887453471,-459276.6338575833,20385939.46772613,777685.7865245574,10.629905860172585,-1843167.563
60,XPhos,0.5,300,8.433208599220961,10.595615619095042,-1545781.173284071,-1763866.367414081,0.0,-444181.3887453471,-459276.6338575833,20385939.46772613,777685.7865245574,10.629905860172585,-1843167.563
60,XPhos,0.5,600,8.433208599220961,10.595615619095042,-1545781.173284071,-1763866.367414081,0.0,-444181.3887453471,-459276.6338575833,20385939.46772613,777685.7865245574,10.629905860172585,-1843167.563
60,XPhos,0.5,900,8.433208599220961,10.595615619095042,-1545781.173284071,-1763866.367414081,0.0,-444181.3887453471,-459276.6338575833,20385939.46772613,777685.7865245574,10.629905860172585,-1843167.563
60,XPhos,1.25,60,8.433208599220961,10.595615619095042,-1545781.173284071,-1763866.367414081,0.0,-444181.3887453471,-459276.6338575833,20385939.46772613,777685.7865245574,10.629905860172585,-1843167.563
60,XPhos,1.25,150,8.433208599220961,10.595615619095042,-1545781.173284071,-1763866.367414081,0.0,-444181.3887453471,-459276.6338575833,20385939.46772613,777685.7865245574,10.629905860172585,-1843167.563
60,XPhos,1.25,300,8.433208599220961,10.595615619095042,-1545781.173284071,-1763866.367414081,0.0,-444181.3887453471,-459276.6338575833,20385939.46772613,777685.7865245574,10.629905860172585,-1843167.563
60,XPhos,1.25,600,8.433208599220961,10.595615619095042,-1545781.173284071,-1763866.367414081,0.0,-444181.3887453471,-459276.6338575833,20385939.46772613,777685.7865245574,10.629905860172585,-1843167.563
60,XPhos,1.25,900,8.433208599220961,10.595615619095042,-1545781.173284071,-1763866.367414081,0.0,-444181.3887453471,-459276.6338575833,20385939.46772613,777685.7865245574,10.629905860172585,-1843167.563
60,XPhos,2.5,60,8.433208599220961,10.595615619095042,-1545781.173284071,-1763866.367414081,0.0,-444181.3887453471,-459276.6338575833,20385939.46772613,777685.7865245574,10.629905860172585,-1843167.563
60,XPhos,2.5,150,8.433208599220961,10.595615619095042,-1545781.173284071,-1763866.367414081,0.0,-444181.3887453471,-459276.6338575833,20385939.46772613,777685.7865245574,10.629905860172585,-1843167.563
60,XPhos,2.5,300,8.433208599220961,10.595615619095042,-1545781.173284071,-1763866.367414081,0.0,-444181.3887453471,-459276.6338575833,20385939.46772613,777685.7865245574,10.629905860172585,-1843167.563
60,XPhos,2.5,600,8.433208599220961,10.595615619095042,-1545781.173284071,-1763866.367414081,0.0,-444181.3887453471,-459276.6338575833,20385939.46772613,777685.7865245574,10.629905860172585,-1843167.563
60,XPhos,2.5,900,8.433208599220961,10.595615619095042,-1545781.173284071,-1763866.367414081,0.0,-444181.3887453471,-459276.6338575833,20385939.46772613,777685.7865245574,10.629905860172585,-1843167.563
60,XPhos,5.0,60,8.433208599220961,10.595615619095042,-1545781.173284071,-1763866.367414081,0.0,-444181.3887453471,-459276.6338575833,20385939.46772613,777685.7865245574,10.629905860172585,-1843167.563
60,XPhos,5.0,150,8.433208599220961,10.595615619095042,-1545781.173284071,-1763866.367414081,0.0,-444181.3887453471,-459276.6338575833,20385939.46772613,777685.7865245574,10.629905860172585,-1843167.563
60,XPhos,5.0,300,8.433208599220961,10.595615619095042,-1545781.173284071,-1763866.367414081,0.0,-444181.3887453471,-459276.6338575833,20385939.46772613,777685.7865245574,10.629905860172585,-1843167.563
60,XPhos,5.0,600,8.433208599220961,10.595615619095042,-1545781.173284071,-1763866.367414081,0.0,-444181.3887453471,-459276.6338575833,20385939.46772613,777685.7865245574,10.629905860172585,-1843167.563
60,XPhos,5.0,900,8.433208599220961,10.595615619095042,-1545781.173284071,-1763866.367414081,0.0,-444181.3887453471,-459276.6338575833,20385939.46772613,777685.7865245574,10.629905860172585,-1843167.563
65,PCy3,0.5,60,6.086055132094771,15.734588577179238,-1181204.038093594,-1399282.2787329652,0.0,-444181.7832208271,-459277.2946503733,821396234.204737,477.2639619023922,11.500260800123216,-1478592.123
65,PCy3,0.5,150,6.086055132094771,15.734588577179238,-1181204.038093594,-1399282.2787329652,0.0,-444181.7832208271,-459277.2946503733,821396234.204737,477.2639619023922,11.500260800123216,-1478592.123
65,PCy3,0.5,300,6.086055132094771,15.734588577179238,-1181204.038093594,-1399282.2787329652,0.0,-444181.7832208271,-459277.2946503733,821396234.204737,477.2639619023922,11.500260800123216,-1478592.123
65,PCy3,0.5,600,6.086055132094771,15.734588577179238,-1181204.038093594,-1399282.2787329652,0.0,-444181.7832208271,-459277.2946503733,821396234.204737,477.2639619023922,11.500260800123216,-1478592.123
65,PCy3,0.5,900,6.086055132094771,15.734588577179238,-1181204.038093594,-1399282.2787329652,0.0,-444181.7832208271,-459277.2946503733,821396234.204737,477.2639619023922,11.500260800123216,-1478592.123
65,PCy3,1.25,60,6.086055132094771,15.734588577179238,-1181204.038093594,-1399282.2787329652,0.0,-444181.7832208271,-459277.2946503733,821396234.204737,477.2639619023922,11.500260800123216,-1478592.123
65,PCy3,1.25,150,6.086055132094771,15.734588577179238,-1181204.038093594,-1399282.2787329652,0.0,-444181.7832208271,-459277.2946503733,821396234.204737,477.2639619023922,11.500260800123216,-1478592.123
65,PCy3,1.25,300,6.086055132094771,15.734588577179238,-1181204.038093594,-1399282.2787329652,0.0,-444181.7832208271,-459277.2946503733,821396234.204737,477.2639619023922,11.500260800123216,-1478592.123
65,PCy3,1.25,600,6.086055132094771,15.734588577179238,-1181204.038093594,-1399282.2787329652,0.0,-444181.7832208271,-459277.2946503733,821396234.204737,477.2639619023922,11.500260800123216,-1478592.123
65,PCy3,1.25,900,6.086055132094771,15.734588577179238,-1181204.038093594,-1399282.2787329652,0.0,-444181.7832208271,-459277.2946503733,821396234.204737,477.2639619023922,11.500260800123216,-1478592.123
65,PCy3,2.5,60,6.086055132094771,15.734588577179238,-1181204.038093594,-1399282.2787329652,0.0,-444181.7832208271,-459277.2946503733,821396234.204737,477.2639619023922,11.500260800123216,-1478592.123
65,PCy3,2.5,150,6.086055132094771,15.734588577179238,-1181204.038093594,-1399282.2787329652,0.0,-444181.7832208271,-459277.2946503733,821396234.204737,477.2639619023922,11.500260800123216,-1478592.123
65,PCy3,2.5,300,6.086055132094771,15.734588577179238,-1181204.038093594,-1399282.2787329652,0.0,-444181.7832208271,-459277.2946503733,821396234.204737,477.2639619023922,11.500260800123216,-1478592.123
65,PCy3,2.5,600,6.086055132094771,15.734588577179238,-1181204.038093594,-1399282.2787329652,0.0,-444181.7832208271,-459277.2946503733,821396234.204737,477.2639619023922,11.500260800123216,-1478592.123
65,PCy3,2.5,900,6.086055132094771,15.734588577179238,-1181204.038093594,-1399282.2787329652,0.0,-444181.7832208271,-459277.2946503733,821396234.204737,477.2639619023922,11.500260800123216,-1478592.123
65,PCy3,5.0,60,6.086055132094771,15.734588577179238,-1181204.038093594,-1399282.2787329652,0.0,-444181.7832208271,-459277.2946503733,821396234.204737,477.2639619023922,11.500260800123216,-1478592.123
65,PCy3,5.0,150,6.086055132094771,15.734588577179238,-1181204.038093594,-1399282.2787329652,0.0,-444181.7832208271,-459277.2946503733,821396234.204737,477.2639619023922,11.500260800123216,-1478592.123
65,PCy3,5.0,300,6.086055132094771,15.734588577179238,-1181204.038093594,-1399282.2787329652,0.0,-444181.7832208271,-459277.2946503733,821396234.204737,477.2639619023922,11.500260800123216,-1478592.123
65,PCy3,5.0,600,6.086055132094771,15.734588577179238,-1181204.038093594,-1399282.2787329652,0.0,-444181.7832208271,-459277.2946503733,821396234.204737,477.2639619023922,11.500260800123216,-1478592.123
65,PCy3,5.0,900,6.086055132094771,15.734588577179238,-1181204.038093594,-1399282.2787329652,0.0,-444181.7832208271,-459277.2946503733,821396234.204737,477.2639619023922,11.500260800123216,-1478592.123
65,PPh3,0.5,60,6.258334213634953,8.619087598985061,-1174564.680653462,-1392647.905537871,0.0,-444181.7832208271,-459277.2946503733,635637755.097788,18943828.98664844,8.880080770235509,-1471953.059
65,PPh3,0.5,150,6.258334213634953,8.619087598985061,-1174564.680653462,-1392647.905537871,0.0,-444181.7832208271,-459277.2946503733,635637755.097788,18943828.98664844,8.880080770235509,-1471953.059
65,PPh3,0.5,300,6.258334213634953,8.619087598985061,-1174564.680653462,-1392647.905537871,0.0,-444181.7832208271,-459277.2946503733,635637755.097788,18943828.98664844,8.880080770235509,-1471953.059
65,PPh3,0.5,600,6.258334213634953,8.619087598985061,-1174564.680653462,-1392647.905537871,0.0,-444181.7832208271,-459277.2946503733,635637755.097788,18943828.98664844,8.880080770235509,-1471953.059
65,PPh3,0.5,900,6.258334213634953,8.619087598985061,-1174564.680653462,-1392647.905537871,0.0,-444181.7832208271,-459277.2946503733,635637755.097788,18943828.98664844,8.880080770235509,-1471953.059
65,PPh3,1.25,60,6.258334213634953,8.619087598985061,-1174564.680653462,-1392647.905537871,0.0,-444181.7832208271,-459277.2946503733,635637755.097788,18943828.98664844,8.880080770235509,-1471953.059
65,PPh3,1.25,150,6.258334213634953,8.619087598985061,-1174564.680653462,-1392647.905537871,0.0,-444181.7832208271,-459277.2946503733,635637755.097788,18943828.98664844,8.880080770235509,-1471953.059
65,PPh3,1.25,300,6.258334213634953,8.619087598985061,-1174564.680653462,-1392647.905537871,0.0,-444181.7832208271,-459277.2946503733,635637755.097788,18943828.98664844,8.880080770235509,-1471953.059
65,PPh3,1.25,600,6.258334213634953,8.619087598985061,-1174564.680653462,-1392647.905537871,0.0,-444181.7832208271,-459277.2946503733,635637755.097788,18943828.98664844,8.880080770235509,-1471953.059
65,PPh3,1.25,900,6.258334213634953,8.619087598985061,-1174564.680653462,-1392647.905537871,0.0,-444181.7832208271,-459277.2946503733,635637755.097788,18943828.98664844,8.880080770235509,-1471953.059
65,PPh3,2.5,60,6.258334213634953,8.619087598985061,-1174564.680653462,-1392647.905537871,0.0,-444181.7832208271,-459277.2946503733,635637755.097788,18943828.98664844,8.880080770235509,-1471953.059
65,PPh3,2.5,150,6.258334213634953,8.619087598985061,-1174564.680653462,-1392647.905537871,0.0,-444181.7832208271,-459277.2946503733,635637755.097788,18943828.98664844,8.880080770235509,-1471953.059
65,PPh3,2.5,300,6.258334213634953,8.619087598985061,-1174564.680653462,-1392647.905537871,0.0,-444181.7832208271,-459277.2946503733,635637755.097788,18943828.98664844,8.880080770235509,-1471953.059
65,PPh3,2.5,600,6.258334213634953,8.619087598985061,-1174564.680653462,-1392647.905537871,0.0,-444181.7832208271,-459277.2946503733,635637755.097788,18943828.98664844,8.880080770235509,-1471953.059
65,PPh3,2.5,900,6.258334213634953,8.619087598985061,-1174564.680653462,-1392647.905537871,0.0,-444181.7832208271,-459277.2946503733,635637755.097788,18943828.98664844,8.880080770235509,-1471953.059
65,PPh3,5.0,60,6.258334213634953,8.619087598985061,-1174564.680653462,-1392647.905537871,0.0,-444181.7832208271,-459277.2946503733,635637755.097788,18943828.98664844,8.880080770235509,-1471953.059
65,PPh3,5.0,150,6.258334213634953,8.619087598985061,-1174564.680653462,-1392647.905537871,0.0,-444181.7832208271,-459277.2946503733,635637755.097788,18943828.98664844,8.880080770235509,-1471953.059
65,PPh3,5.0,300,6.258334213634953,8.619087598985061,-1174564.680653462,-1392647.905537871,0.0,-444181.7832208271,-459277.2946503733,635637755.097788,18943828.98664844,8.880080770235509,-1471953.059
65,PPh3,5.0,600,6.258334213634953,8.619087598985061,-1174564.680653462,-1392647.905537871,0.0,-444181.7832208271,-459277.2946503733,635637755.097788,18943828.98664844,8.880080770235509,-1471953.059
65,PPh3,5.0,900,6.258334213634953,8.619087598985061,-1174564.680653462,-1392647.905537871,0.0,-444181.7832208271,-459277.2946503733,635637755.097788,18943828.98664844,8.880080770235509,-1471953.059
65,AmPhos,0.5,60,7.760473346104845,5.876879281131551,-1448654.7100639,-1666736.252011119,0.0,-444181.7832208271,-459277.2946503733,67980668.4732043,1121351862.5124516,10.084754140116274,-1746035.369
65,AmPhos,0.5,150,7.760473346104845,5.876879281131551,-1448654.7100639,-1666736.252011119,0.0,-444181.7832208271,-459277.2946503733,67980668.4732043,1121351862.5124516,10.084754140116274,-1746035.369
65,AmPhos,0.5,300,7.760473346104845,5.876879281131551,-1448654.7100639,-1666736.252011119,0.0,-444181.7832208271,-459277.2946503733,67980668.4732043,1121351862.5124516,10.084754140116274,-1746035.369
65,AmPhos,0.5,600,7.760473346104845,5.876879281131551,-1448654.7100639,-1666736.252011119,0.0,-444181.7832208271,-459277.2946503733,67980668.4732043,1121351862.5124516,10.084754140116274,-1746035.369
65,AmPhos,0.5,900,7.760473346104845,5.876879281131551,-1448654.7100639,-1666736.252011119,0.0,-444181.7832208271,-459277.2946503733,67980668.4732043,1121351862.5124516,10.084754140116274,-1746035.369
65,AmPhos,1.25,60,7.760473346104845,5.876879281131551,-1448654.7100639,-1666736.252011119,0.0,-444181.7832208271,-459277.2946503733,67980668.4732043,1121351862.5124516,10.084754140116274,-1746035.369
65,AmPhos,1.25,150,7.760473346104845,5.876879281131551,-1448654.7100639,-1666736.252011119,0.0,-444181.7832208271,-459277.2946503733,67980668.4732043,1121351862.5124516,10.084754140116274,-1746035.369
65,AmPhos,1.25,300,7.760473346104845,5.876879281131551,-1448654.7100639,-1666736.252011119,0.0,-444181.7832208271,-459277.2946503733,67980668.4732043,1121351862.5124516,10.084754140116274,-1746035.369
65,AmPhos,1.25,600,7.760473346104845,5.876879281131551,-1448654.7100639,-1666736.252011119,0.0,-444181.7832208271,-459277.2946503733,67980668.4732043,1121351862.5124516,10.084754140116274,-1746035.369
65,AmPhos,1.25,900,7.760473346104845,5.876879281131551,-1448654.7100639,-1666736.252011119,0.0,-444181.7832208271,-459277.2946503733,67980668.4732043,1121351862.5124516,10.084754140116274,-1746035.369
65,AmPhos,2.5,60,7.760473346104845,5.876879281131551,-1448654.7100639,-1666736.252011119,0.0,-444181.7832208271,-459277.2946503733,67980668.4732043,1121351862.5124516,10.084754140116274,-1746035.369
65,AmPhos,2.5,150,7.760473346104845,5.876879281131551,-1448654.7100639,-1666736.252011119,0.0,-444181.7832208271,-459277.2946503733,67980668.4732043,1121351862.5124516,10.084754140116274,-1746035.369
65,AmPhos,2.5,300,7.760473346104845,5.876879281131551,-1448654.7100639,-1666736.252011119,0.0,-444181.7832208271,-459277.2946503733,67980668.4732043,1121351862.5124516,10.084754140116274,-1746035.369
65,AmPhos,2.5,600,7.760473346104845,5.876879281131551,-1448654.7100639,-1666736.252011119,0.0,-444181.7832208271,-459277.2946503733,67980668.4732043,1121351862.5124516,10.084754140116274,-1746035.369
65,AmPhos,2.5,900,7.760473346104845,5.876879281131551,-1448654.7100639,-1666736.252011119,0.0,-444181.7832208271,-459277.2946503733,67980668.4732043,1121351862.5124516,10.084754140116274,-1746035.369
65,AmPhos,5.0,60,7.760473346104845,5.876879281131551,-1448654.7100639,-1666736.252011119,0.0,-444181.7832208271,-459277.2946503733,67980668.4732043,1121351862.5124516,10.084754140116274,-1746035.369
65,AmPhos,5.0,150,7.760473346104845,5.876879281131551,-1448654.7100639,-1666736.252011119,0.0,-444181.7832208271,-459277.2946503733,67980668.4732043,1121351862.5124516,10.084754140116274,-1746035.369
65,AmPhos,5.0,300,7.760473346104845,5.876879281131551,-1448654.7100639,-1666736.252011119,0.0,-444181.7832208271,-459277.2946503733,67980668.4732043,1121351862.5124516,10.084754140116274,-1746035.369
65,AmPhos,5.0,600,7.760473346104845,5.876879281131551,-1448654.7100639,-1666736.252011119,0.0,-444181.7832208271,-459277.2946503733,67980668.4732043,1121351862.5124516,10.084754140116274,-1746035.369
65,AmPhos,5.0,900,7.760473346104845,5.876879281131551,-1448654.7100639,-1666736.252011119,0.0,-444181.7832208271,-459277.2946503733,67980668.4732043,1121351862.5124516,10.084754140116274,-1746035.369
65,RuPhos,0.5,60,17.235776415094733,15.877601468469948,-1566242.372556655,-1784325.5981021514,0.0,-444181.7832208271,-459277.2946503733,51.11509875487143,385.77155136926723,10.371576660079882,-1863634.895
65,RuPhos,0.5,150,17.235776415094733,15.877601468469948,-1566242.372556655,-1784325.5981021514,0.0,-444181.7832208271,-459277.2946503733,51.11509875487143,385.77155136926723,10.371576660079882,-1863634.895
65,RuPhos,0.5,300,17.235776415094733,15.877601468469948,-1566242.372556655,-1784325.5981021514,0.0,-444181.7832208271,-459277.2946503733,51.11509875487143,385.77155136926723,10.371576660079882,-1863634.895
65,RuPhos,0.5,600,17.235776415094733,15.877601468469948,-1566242.372556655,-1784325.5981021514,0.0,-444181.7832208271,-459277.2946503733,51.11509875487143,385.77155136926723,10.371576660079882,-1863634.895
65,RuPhos,0.5,900,17.235776415094733,15.877601468469948,-1566242.372556655,-1784325.5981021514,0.0,-444181.7832208271,-459277.2946503733,51.11509875487143,385.77155136926723,10.371576660079882,-1863634.895
65,RuPhos,1.25,60,17.235776415094733,15.877601468469948,-1566242.372556655,-1784325.5981021514,0.0,-444181.7832208271,-459277.2946503733,51.11509875487143,385.77155136926723,10.371576660079882,-1863634.895
65,RuPhos,1.25,150,17.235776415094733,15.877601468469948,-1566242.372556655,-1784325.5981021514,0.0,-444181.7832208271,-459277.2946503733,51.11509875487143,385.77155136926723,10.371576660079882,-1863634.895
65,RuPhos,1.25,300,17.235776415094733,15.877601468469948,-1566242.372556655,-1784325.5981021514,0.0,-444181.7832208271,-459277.2946503733,51.11509875487143,385.77155136926723,10.371576660079882,-1863634.895
65,RuPhos,1.25,600,17.235776415094733,15.877601468469948,-1566242.372556655,-1784325.5981021514,0.0,-444181.7832208271,-459277.2946503733,51.11509875487143,385.77155136926723,10.371576660079882,-1863634.895
65,RuPhos,1.25,900,17.235776415094733,15.877601468469948,-1566242.372556655,-1784325.5981021514,0.0,-444181.7832208271,-459277.2946503733,51.11509875487143,385.77155136926723,10.371576660079882,-1863634.895
65,RuPhos,2.5,60,17.235776415094733,15.877601468469948,-1566242.372556655,-1784325.5981021514,0.0,-444181.7832208271,-459277.2946503733,51.11509875487143,385.77155136926723,10.371576660079882,-1863634.895
65,RuPhos,2.5,150,17.235776415094733,15.877601468469948,-1566242.372556655,-1784325.5981021514,0.0,-444181.7832208271,-459277.2946503733,51.11509875487143,385.77155136926723,10.371576660079882,-1863634.895
65,RuPhos,2.5,300,17.235776415094733,15.877601468469948,-1566242.372556655,-1784325.5981021514,0.0,-444181.7832208271,-459277.2946503733,51.11509875487143,385.77155136926723,10.371576660079882,-1863634.895
65,RuPhos,2.5,600,17.235776415094733,15.877601468469948,-1566242.372556655,-1784325.5981021514,0.0,-444181.7832208271,-459277.2946503733,51.11509875487143,385.77155136926723,10.371576660079882,-1863634.895
65,RuPhos,2.5,900,17.235776415094733,15.877601468469948,-1566242.372556655,-1784325.5981021514,0.0,-444181.7832208271,-459277.2946503733,51.11509875487143,385.77155136926723,10.371576660079882,-1863634.895
65,RuPhos,5.0,60,17.235776415094733,15.877601468469948,-1566242.372556655,-1784325.5981021514,0.0,-444181.7832208271,-459277.2946503733,51.11509875487143,385.77155136926723,10.371576660079882,-1863634.895
65,RuPhos,5.0,150,17.235776415094733,15.877601468469948,-1566242.372556655,-1784325.5981021514,0.0,-444181.7832208271,-459277.2946503733,51.11509875487143,385.77155136926723,10.371576660079882,-1863634.895
65,RuPhos,5.0,300,17.235776415094733,15.877601468469948,-1566242.372556655,-1784325.5981021514,0.0,-444181.7832208271,-459277.2946503733,51.11509875487143,385.77155136926723,10.371576660079882,-1863634.895
65,RuPhos,5.0,600,17.235776415094733,15.877601468469948,-1566242.372556655,-1784325.5981021514,0.0,-444181.7832208271,-459277.2946503733,51.11509875487143,385.77155136926723,10.371576660079882,-1863634.895
65,RuPhos,5.0,900,17.235776415094733,15.877601468469948,-1566242.372556655,-1784325.5981021514,0.0,-444181.7832208271,-459277.2946503733,51.11509875487143,385.77155136926723,10.371576660079882,-1863634.895
65,SPhos,0.5,60,13.394682527985424,13.15631785406731,-1467641.9977544062,-1685721.473774886,0.0,-444181.7832208271,-459277.2946503733,15524.836823935068,22135.065991421005,11.283033209620044,-1765031.545
65,SPhos,0.5,150,13.394682527985424,13.15631785406731,-1467641.9977544062,-1685721.473774886,0.0,-444181.7832208271,-459277.2946503733,15524.836823935068,22135.065991421005,11.283033209620044,-1765031.545
65,SPhos,0.5,300,13.394682527985424,13.15631785406731,-1467641.9977544062,-1685721.473774886,0.0,-444181.7832208271,-459277.2946503733,15524.836823935068,22135.065991421005,11.283033209620044,-1765031.545
65,SPhos,0.5,600,13.394682527985424,13.15631785406731,-1467641.9977544062,-1685721.473774886,0.0,-444181.7832208271,-459277.2946503733,15524.836823935068,22135.065991421005,11.283033209620044,-1765031.545
65,SPhos,0.5,900,13.394682527985424,13.15631785406731,-1467641.9977544062,-1685721.473774886,0.0,-444181.7832208271,-459277.2946503733,15524.836823935068,22135.065991421005,11.283033209620044,-1765031.545
65,SPhos,1.25,60,13.394682527985424,13.15631785406731,-1467641.9977544062,-1685721.473774886,0.0,-444181.7832208271,-459277.2946503733,15524.836823935068,22135.065991421005,11.283033209620044,-1765031.545
65,SPhos,1.25,150,13.394682527985424,13.15631785406731,-1467641.9977544062,-1685721.473774886,0.0,-444181.7832208271,-459277.2946503733,15524.836823935068,22135.065991421005,11.283033209620044,-1765031.545
65,SPhos,1.25,300,13.394682527985424,13.15631785406731,-1467641.9977544062,-1685721.473774886,0.0,-444181.7832208271,-459277.2946503733,15524.836823935068,22135.065991421005,11.283033209620044,-1765031.545
65,SPhos,1.25,600,13.394682527985424,13.15631785406731,-1467641.9977544062,-1685721.473774886,0.0,-444181.7832208271,-459277.2946503733,15524.836823935068,22135.065991421005,11.283033209620044,-1765031.545
65,SPhos,1.25,900,13.394682527985424,13.15631785406731,-1467641.9977544062,-1685721.473774886,0.0,-444181.7832208271,-459277.2946503733,15524.836823935068,22135.065991421005,11.283033209620044,-1765031.545
65,SPhos,2.5,60,13.394682527985424,13.15631785406731,-1467641.9977544062,-1685721.473774886,0.0,-444181.7832208271,-459277.2946503733,15524.836823935068,22135.065991421005,11.283033209620044,-1765031.545
65,SPhos,2.5,150,13.394682527985424,13.15631785406731,-1467641.9977544062,-1685721.473774886,0.0,-444181.7832208271,-459277.2946503733,15524.836823935068,22135.065991421005,11.283033209620044,-1765031.545
65,SPhos,2.5,300,13.394682527985424,13.15631785406731,-1467641.9977544062,-1685721.473774886,0.0,-444181.7832208271,-459277.2946503733,15524.836823935068,22135.065991421005,11.283033209620044,-1765031.545
65,SPhos,2.5,600,13.394682527985424,13.15631785406731,-1467641.9977544062,-1685721.473774886,0.0,-444181.7832208271,-459277.2946503733,15524.836823935068,22135.065991421005,11.283033209620044,-1765031.545
65,SPhos,2.5,900,13.394682527985424,13.15631785406731,-1467641.9977544062,-1685721.473774886,0.0,-444181.7832208271,-459277.2946503733,15524.836823935068,22135.065991421005,11.283033209620044,-1765031.545
65,SPhos,5.0,60,13.394682527985424,13.15631785406731,-1467641.9977544062,-1685721.473774886,0.0,-444181.7832208271,-459277.2946503733,15524.836823935068,22135.065991421005,11.283033209620044,-1765031.545
65,SPhos,5.0,150,13.394682527985424,13.15631785406731,-1467641.9977544062,-1685721.473774886,0.0,-444181.7832208271,-459277.2946503733,15524.836823935068,22135.065991421005,11.283033209620044,-1765031.545
65,SPhos,5.0,300,13.394682527985424,13.15631785406731,-1467641.9977544062,-1685721.473774886,0.0,-444181.7832208271,-459277.2946503733,15524.836823935068,22135.065991421005,11.283033209620044,-1765031.545
65,SPhos,5.0,600,13.394682527985424,13.15631785406731,-1467641.9977544062,-1685721.473774886,0.0,-444181.7832208271,-459277.2946503733,15524.836823935068,22135.065991421005,11.283033209620044,-1765031.545
65,SPhos,5.0,900,13.394682527985424,13.15631785406731,-1467641.9977544062,-1685721.473774886,0.0,-444181.7832208271,-459277.2946503733,15524.836823935068,22135.065991421005,11.283033209620044,-1765031.545
65,tBu3,0.5,60,6.175581990275532,2.308643721509725,-1035503.5561212254,-1253582.1297969464,0.0,-444181.7832208271,-459277.2946503733,718938914.6743594,226920072320.44778,10.211022859904917,-1332881.564
65,tBu3,0.5,150,6.175581990275532,2.308643721509725,-1035503.5561212254,-1253582.1297969464,0.0,-444181.7832208271,-459277.2946503733,718938914.6743594,226920072320.44778,10.211022859904917,-1332881.564
65,tBu3,0.5,300,6.175581990275532,2.308643721509725,-1035503.5561212254,-1253582.1297969464,0.0,-444181.7832208271,-459277.2946503733,718938914.6743594,226920072320.44778,10.211022859904917,-1332881.564
65,tBu3,0.5,600,6.175581990275532,2.308643721509725,-1035503.5561212254,-1253582.1297969464,0.0,-444181.7832208271,-459277.2946503733,718938914.6743594,226920072320.44778,10.211022859904917,-1332881.564
65,tBu3,0.5,900,6.175581990275532,2.308643721509725,-1035503.5561212254,-1253582.1297969464,0.0,-444181.7832208271,-459277.2946503733,718938914.6743594,226920072320.44778,10.211022859904917,-1332881.564
65,tBu3,1.25,60,6.175581990275532,2.308643721509725,-1035503.5561212254,-1253582.1297969464,0.0,-444181.7832208271,-459277.2946503733,718938914.6743594,226920072320.44778,10.211022859904917,-1332881.564
65,tBu3,1.25,150,6.175581990275532,2.308643721509725,-1035503.5561212254,-1253582.1297969464,0.0,-444181.7832208271,-459277.2946503733,718938914.6743594,226920072320.44778,10.211022859904917,-1332881.564
65,tBu3,1.25,300,6.175581990275532,2.308643721509725,-1035503.5561212254,-1253582.1297969464,0.0,-444181.7832208271,-459277.2946503733,718938914.6743594,226920072320.44778,10.211022859904917,-1332881.564
65,tBu3,1.25,600,6.175581990275532,2.308643721509725,-1035503.5561212254,-1253582.1297969464,0.0,-444181.7832208271,-459277.2946503733,718938914.6743594,226920072320.44778,10.211022859904917,-1332881.564
65,tBu3,1.25,900,6.175581990275532,2.308643721509725,-1035503.5561212254,-1253582.1297969464,0.0,-444181.7832208271,-459277.2946503733,718938914.6743594,226920072320.44778,10.211022859904917,-1332881.564
65,tBu3,2.5,60,6.175581990275532,2.308643721509725,-1035503.5561212254,-1253582.1297969464,0.0,-444181.7832208271,-459277.2946503733,718938914.6743594,226920072320.44778,10.211022859904917,-1332881.564
65,tBu3,2.5,150,6.175581990275532,2.308643721509725,-1035503.5561212254,-1253582.1297969464,0.0,-444181.7832208271,-459277.2946503733,718938914.6743594,226920072320.44778,10.211022859904917,-1332881.564
65,tBu3,2.5,300,6.175581990275532,2.308643721509725,-1035503.5561212254,-1253582.1297969464,0.0,-444181.7832208271,-459277.2946503733,718938914.6743594,226920072320.44778,10.211022859904917,-1332881.564
65,tBu3,2.5,600,6.175581990275532,2.308643721509725,-1035503.5561212254,-1253582.1297969464,0.0,-444181.7832208271,-459277.2946503733,718938914.6743594,226920072320.44778,10.211022859904917,-1332881.564
65,tBu3,2.5,900,6.175581990275532,2.308643721509725,-1035503.5561212254,-1253582.1297969464,0.0,-444181.7832208271,-459277.2946503733,718938914.6743594,226920072320.44778,10.211022859904917,-1332881.564
65,tBu3,5.0,60,6.175581990275532,2.308643721509725,-1035503.5561212254,-1253582.1297969464,0.0,-444181.7832208271,-459277.2946503733,718938914.6743594,226920072320.44778,10.211022859904917,-1332881.564
65,tBu3,5.0,150,6.175581990275532,2.308643721509725,-1035503.5561212254,-1253582.1297969464,0.0,-444181.7832208271,-459277.2946503733,718938914.6743594,226920072320.44778,10.211022859904917,-1332881.564
65,tBu3,5.0,300,6.175581990275532,2.308643721509725,-1035503.5561212254,-1253582.1297969464,0.0,-444181.7832208271,-459277.2946503733,718938914.6743594,226920072320.44778,10.211022859904917,-1332881.564
65,tBu3,5.0,600,6.175581990275532,2.308643721509725,-1035503.5561212254,-1253582.1297969464,0.0,-444181.7832208271,-459277.2946503733,718938914.6743594,226920072320.44778,10.211022859904917,-1332881.564
65,tBu3,5.0,900,6.175581990275532,2.308643721509725,-1035503.5561212254,-1253582.1297969464,0.0,-444181.7832208271,-459277.2946503733,718938914.6743594,226920072320.44778,10.211022859904917,-1332881.564
65,XPhos,0.5,60,8.678538459120318,10.607197948964313,-1545782.522531551,-1763868.0832728911,0.0,-444181.7832208271,-459277.2946503733,17339836.606374804,983021.4326668129,10.639905860181898,-1843169.141
65,XPhos,0.5,150,8.678538459120318,10.607197948964313,-1545782.522531551,-1763868.0832728911,0.0,-444181.7832208271,-459277.2946503733,17339836.606374804,983021.4326668129,10.639905860181898,-1843169.141
65,XPhos,0.5,300,8.678538459120318,10.607197948964313,-1545782.522531551,-1763868.0832728911,0.0,-444181.7832208271,-459277.2946503733,17339836.606374804,983021.4326668129,10.639905860181898,-1843169.141
65,XPhos,0.5,600,8.678538459120318,10.607197948964313,-1545782.522531551,-1763868.0832728911,0.0,-444181.7832208271,-459277.2946503733,17339836.606374804,983021.4326668129,10.639905860181898,-1843169.141
65,XPhos,0.5,900,8.678538459120318,10.607197948964313,-1545782.522531551,-1763868.0832728911,0.0,-444181.7832208271,-459277.2946503733,17339836.606374804,983021.4326668129,10.639905860181898,-1843169.141
65,XPhos,1.25,60,8.678538459120318,10.607197948964313,-1545782.522531551,-1763868.0832728911,0.0,-444181.7832208271,-459277.2946503733,17339836.606374804,983021.4326668129,10.639905860181898,-1843169.141
65,XPhos,1.25,150,8.678538459120318,10.607197948964313,-1545782.522531551,-1763868.0832728911,0.0,-444181.7832208271,-459277.2946503733,17339836.606374804,983021.4326668129,10.639905860181898,-1843169.141
65,XPhos,1.25,300,8.678538459120318,10.607197948964313,-1545782.522531551,-1763868.0832728911,0.0,-444181.7832208271,-459277.2946503733,17339836.606374804,983021.4326668129,10.639905860181898,-1843169.141
65,XPhos,1.25,600,8.678538459120318,10.607197948964313,-1545782.522531551,-1763868.0832728911,0.0,-444181.7832208271,-459277.2946503733,17339836.606374804,983021.4326668129,10.639905860181898,-1843169.141
65,XPhos,1.25,900,8.678538459120318,10.607197948964313,-1545782.522531551,-1763868.0832728911,0.0,-444181.7832208271,-459277.2946503733,17339836.606374804,983021.4326668129,10.639905860181898,-1843169.141
65,XPhos,2.5,60,8.678538459120318,10.607197948964313,-1545782.522531551,-1763868.0832728911,0.0,-444181.7832208271,-459277.2946503733,17339836.606374804,983021.4326668129,10.639905860181898,-1843169.141
65,XPhos,2.5,150,8.678538459120318,10.607197948964313,-1545782.522531551,-1763868.0832728911,0.0,-444181.7832208271,-459277.2946503733,17339836.606374804,983021.4326668129,10.639905860181898,-1843169.141
65,XPhos,2.5,300,8.678538459120318,10.607197948964313,-1545782.522531551,-1763868.0832728911,0.0,-444181.7832208271,-459277.2946503733,17339836.606374804,983021.4326668129,10.639905860181898,-1843169.141
65,XPhos,2.5,600,8.678538459120318,10.607197948964313,-1545782.522531551,-1763868.0832728911,0.0,-444181.7832208271,-459277.2946503733,17339836.606374804,983021.4326668129,10.639905860181898,-1843169.141
65,XPhos,2.5,900,8.678538459120318,10.607197948964313,-1545782.522531551,-1763868.0832728911,0.0,-444181.7832208271,-459277.2946503733,17339836.606374804,983021.4326668129,10.639905860181898,-1843169.141
65,XPhos,5.0,60,8.678538459120318,10.607197948964313,-1545782.522531551,-1763868.0832728911,0.0,-444181.7832208271,-459277.2946503733,17339836.606374804,983021.4326668129,10.639905860181898,-1843169.141
65,XPhos,5.0,150,8.678538459120318,10.607197948964313,-1545782.522531551,-1763868.0832728911,0.0,-444181.7832208271,-459277.2946503733,17339836.606374804,983021.4326668129,10.639905860181898,-1843169.141
65,XPhos,5.0,300,8.678538459120318,10.607197948964313,-1545782.522531551,-1763868.0832728911,0.0,-444181.7832208271,-459277.2946503733,17339836.606374804,983021.4326668129,10.639905860181898,-1843169.141
65,XPhos,5.0,600,8.678538459120318,10.607197948964313,-1545782.522531551,-1763868.0832728911,0.0,-444181.7832208271,-459277.2946503733,17339836.606374804,983021.4326668129,10.639905860181898,-1843169.141
65,XPhos,5.0,900,8.678538459120318,10.607197948964313,-1545782.522531551,-1763868.0832728911,0.0,-444181.7832208271,-459277.2946503733,17339836.606374804,983021.4326668129,10.639905860181898,-1843169.141
70,PCy3,0.5,60,6.319060322130099,15.71258249715902,-1181205.016602844,-1399283.6503425653,0.0,-444182.1795447971,-459277.9604423933,675840900.3850187,703.5944032201774,11.510260799899696,-1478593.323
70,PCy3,0.5,150,6.319060322130099,15.71258249715902,-1181205.016602844,-1399283.6503425653,0.0,-444182.1795447971,-459277.9604423933,675840900.3850187,703.5944032201774,11.510260799899696,-1478593.323
70,PCy3,0.5,300,6.319060322130099,15.71258249715902,-1181205.016602844,-1399283.6503425653,0.0,-444182.1795447971,-459277.9604423933,675840900.3850187,703.5944032201774,11.510260799899696,-1478593.323
70,PCy3,0.5,600,6.319060322130099,15.71258249715902,-1181205.016602844,-1399283.6503425653,0.0,-444182.1795447971,-459277.9604423933,675840900.3850187,703.5944032201774,11.510260799899696,-1478593.323
70,PCy3,0.5,900,6.319060322130099,15.71258249715902,-1181205.016602844,-1399283.6503425653,0.0,-444182.1795447971,-459277.9604423933,675840900.3850187,703.5944032201774,11.510260799899696,-1478593.323
70,PCy3,1.25,60,6.319060322130099,15.71258249715902,-1181205.016602844,-1399283.6503425653,0.0,-444182.1795447971,-459277.9604423933,675840900.3850187,703.5944032201774,11.510260799899696,-1478593.323
70,PCy3,1.25,150,6.319060322130099,15.71258249715902,-1181205.016602844,-1399283.6503425653,0.0,-444182.1795447971,-459277.9604423933,675840900.3850187,703.5944032201774,11.510260799899696,-1478593.323
70,PCy3,1.25,300,6.319060322130099,15.71258249715902,-1181205.016602844,-1399283.6503425653,0.0,-444182.1795447971,-459277.9604423933,675840900.3850187,703.5944032201774,11.510260799899696,-1478593.323
70,PCy3,1.25,600,6.319060322130099,15.71258249715902,-1181205.016602844,-1399283.6503425653,0.0,-444182.1795447971,-459277.9604423933,675840900.3850187,703.5944032201774,11.510260799899696,-1478593.323
70,PCy3,1.25,900,6.319060322130099,15.71258249715902,-1181205.016602844,-1399283.6503425653,0.0,-444182.1795447971,-459277.9604423933,675840900.3850187,703.5944032201774,11.510260799899696,-1478593.323
70,PCy3,2.5,60,6.319060322130099,15.71258249715902,-1181205.016602844,-1399283.6503425653,0.0,-444182.1795447971,-459277.9604423933,675840900.3850187,703.5944032201774,11.510260799899696,-1478593.323
70,PCy3,2.5,150,6.319060322130099,15.71258249715902,-1181205.016602844,-1399283.6503425653,0.0,-444182.1795447971,-459277.9604423933,675840900.3850187,703.5944032201774,11.510260799899696,-1478593.323
70,PCy3,2.5,300,6.319060322130099,15.71258249715902,-1181205.016602844,-1399283.6503425653,0.0,-444182.1795447971,-459277.9604423933,675840900.3850187,703.5944032201774,11.510260799899696,-1478593.323
70,PCy3,2.5,600,6.319060322130099,15.71258249715902,-1181205.016602844,-1399283.6503425653,0.0,-444182.1795447971,-459277.9604423933,675840900.3850187,703.5944032201774,11.510260799899696,-1478593.323
70,PCy3,2.5,900,6.319060322130099,15.71258249715902,-1181205.016602844,-1399283.6503425653,0.0,-444182.1795447971,-459277.9604423933,675840900.3850187,703.5944032201774,11.510260799899696,-1478593.323
70,PCy3,5.0,60,6.319060322130099,15.71258249715902,-1181205.016602844,-1399283.6503425653,0.0,-444182.1795447971,-459277.9604423933,675840900.3850187,703.5944032201774,11.510260799899696,-1478593.323
70,PCy3,5.0,150,6.319060322130099,15.71258249715902,-1181205.016602844,-1399283.6503425653,0.0,-444182.1795447971,-459277.9604423933,675840900.3850187,703.5944032201774,11.510260799899696,-1478593.323
70,PCy3,5.0,300,6.319060322130099,15.71258249715902,-1181205.016602844,-1399283.6503425653,0.0,-444182.1795447971,-459277.9604423933,675840900.3850187,703.5944032201774,11.510260799899696,-1478593.323
70,PCy3,5.0,600,6.319060322130099,15.71258249715902,-1181205.016602844,-1399283.6503425653,0.0,-444182.1795447971,-459277.9604423933,675840900.3850187,703.5944032201774,11.510260799899696,-1478593.323
70,PCy3,5.0,900,6.319060322130099,15.71258249715902,-1181205.016602844,-1399283.6503425653,0.0,-444182.1795447971,-459277.9604423933,675840900.3850187,703.5944032201774,11.510260799899696,-1478593.323
70,PPh3,0.5,60,6.480207113549113,8.61222734907642,-1174565.5943675318,-1392649.199093221,0.0,-444182.1795447971,-459277.9604423933,533597417.7956562,23408748.13137755,8.870080770226195,-1471954.208
70,PPh3,0.5,150,6.480207113549113,8.61222734907642,-1174565.5943675318,-1392649.199093221,0.0,-444182.1795447971,-459277.9604423933,533597417.7956562,23408748.13137755,8.870080770226195,-1471954.208
70,PPh3,0.5,300,6.480207113549113,8.61222734907642,-1174565.5943675318,-1392649.199093221,0.0,-444182.1795447971,-459277.9604423933,533597417.7956562,23408748.13137755,8.870080770226195,-1471954.208
70,PPh3,0.5,600,6.480207113549113,8.61222734907642,-1174565.5943675318,-1392649.199093221,0.0,-444182.1795447971,-459277.9604423933,533597417.7956562,23408748.13137755,8.870080770226195,-1471954.208
70,PPh3,0.5,900,6.480207113549113,8.61222734907642,-1174565.5943675318,-1392649.199093221,0.0,-444182.1795447971,-459277.9604423933,533597417.7956562,23408748.13137755,8.870080770226195,-1471954.208
70,PPh3,1.25,60,6.480207113549113,8.61222734907642,-1174565.5943675318,-1392649.199093221,0.0,-444182.1795447971,-459277.9604423933,533597417.7956562,23408748.13137755,8.870080770226195,-1471954.208
70,PPh3,1.25,150,6.480207113549113,8.61222734907642,-1174565.5943675318,-1392649.199093221,0.0,-444182.1795447971,-459277.9604423933,533597417.7956562,23408748.13137755,8.870080770226195,-1471954.208
70,PPh3,1.25,300,6.480207113549113,8.61222734907642,-1174565.5943675318,-1392649.199093221,0.0,-444182.1795447971,-459277.9604423933,533597417.7956562,23408748.13137755,8.870080770226195,-1471954.208
70,PPh3,1.25,600,6.480207113549113,8.61222734907642,-1174565.5943675318,-1392649.199093221,0.0,-444182.1795447971,-459277.9604423933,533597417.7956562,23408748.13137755,8.870080770226195,-1471954.208
70,PPh3,1.25,900,6.480207113549113,8.61222734907642,-1174565.5943675318,-1392649.199093221,0.0,-444182.1795447971,-459277.9604423933,533597417.7956562,23408748.13137755,8.870080770226195,-1471954.208
70,PPh3,2.5,60,6.480207113549113,8.61222734907642,-1174565.5943675318,-1392649.199093221,0.0,-444182.1795447971,-459277.9604423933,533597417.7956562,23408748.13137755,8.870080770226195,-1471954.208
70,PPh3,2.5,150,6.480207113549113,8.61222734907642,-1174565.5943675318,-1392649.199093221,0.0,-444182.1795447971,-459277.9604423933,533597417.7956562,23408748.13137755,8.870080770226195,-1471954.208
70,PPh3,2.5,300,6.480207113549113,8.61222734907642,-1174565.5943675318,-1392649.199093221,0.0,-444182.1795447971,-459277.9604423933,533597417.7956562,23408748.13137755,8.870080770226195,-1471954.208
70,PPh3,2.5,600,6.480207113549113,8.61222734907642,-1174565.5943675318,-1392649.199093221,0.0,-444182.1795447971,-459277.9604423933,533597417.7956562,23408748.13137755,8.870080770226195,-1471954.208
70,PPh3,2.5,900,6.480207113549113,8.61222734907642,-1174565.5943675318,-1392649.199093221,0.0,-444182.1795447971,-459277.9604423933,533597417.7956562,23408748.13137755,8.870080770226195,-1471954.208
70,PPh3,5.0,60,6.480207113549113,8.61222734907642,-1174565.5943675318,-1392649.199093221,0.0,-444182.1795447971,-459277.9604423933,533597417.7956562,23408748.13137755,8.870080770226195,-1471954.208
70,PPh3,5.0,150,6.480207113549113,8.61222734907642,-1174565.5943675318,-1392649.199093221,0.0,-444182.1795447971,-459277.9604423933,533597417.7956562,23408748.13137755,8.870080770226195,-1471954.208
70,PPh3,5.0,300,6.480207113549113,8.61222734907642,-1174565.5943675318,-1392649.199093221,0.0,-444182.1795447971,-459277.9604423933,533597417.7956562,23408748.13137755,8.870080770226195,-1471954.208
70,PPh3,5.0,600,6.480207113549113,8.61222734907642,-1174565.5943675318,-1392649.199093221,0.0,-444182.1795447971,-459277.9604423933,533597417.7956562,23408748.13137755,8.870080770226195,-1471954.208
70,PPh3,5.0,900,6.480207113549113,8.61222734907642,-1174565.5943675318,-1392649.199093221,0.0,-444182.1795447971,-459277.9604423933,533597417.7956562,23408748.13137755,8.870080770226195,-1471954.208
70,AmPhos,0.5,60,7.762775676324964,5.877477371133864,-1448656.0482858298,-1666737.966152879,0.0,-444182.1795447971,-459277.9604423933,81353224.64325193,1291453215.3480983,10.094754140125588,-1746036.928
70,AmPhos,0.5,150,7.762775676324964,5.877477371133864,-1448656.0482858298,-1666737.966152879,0.0,-444182.1795447971,-459277.9604423933,81353224.64325193,1291453215.3480983,10.094754140125588,-1746036.928
70,AmPhos,0.5,300,7.762775676324964,5.877477371133864,-1448656.0482858298,-1666737.966152879,0.0,-444182.1795447971,-459277.9604423933,81353224.64325193,1291453215.3480983,10.094754140125588,-1746036.928
70,AmPhos,0.5,600,7.762775676324964,5.877477371133864,-1448656.0482858298,-1666737.966152879,0.0,-444182.1795447971,-459277.9604423933,81353224.64325193,1291453215.3480983,10.094754140125588,-1746036.928
70,AmPhos,0.5,900,7.762775676324964,5.877477371133864,-1448656.0482858298,-1666737.966152879,0.0,-444182.1795447971,-459277.9604423933,81353224.64325193,1291453215.3480983,10.094754140125588,-1746036.928
70,AmPhos,1.25,60,7.762775676324964,5.877477371133864,-1448656.0482858298,-1666737.966152879,0.0,-444182.1795447971,-459277.9604423933,81353224.64325193,1291453215.3480983,10.094754140125588,-1746036.928
70,AmPhos,1.25,150,7.762775676324964,5.877477371133864,-1448656.0482858298,-1666737.966152879,0.0,-444182.1795447971,-459277.9604423933,81353224.64325193,1291453215.3480983,10.094754140125588,-1746036.928
70,AmPhos,1.25,300,7.762775676324964,5.877477371133864,-1448656.0482858298,-1666737.966152879,0.0,-444182.1795447971,-459277.9604423933,81353224.64325193,1291453215.3480983,10.094754140125588,-1746036.928
70,AmPhos,1.25,600,7.762775676324964,5.877477371133864,-1448656.0482858298,-1666737.966152879,0.0,-444182.1795447971,-459277.9604423933,81353224.64325193,1291453215.3480983,10.094754140125588,-1746036.928
70,AmPhos,1.25,900,7.762775676324964,5.877477371133864,-1448656.0482858298,-1666737.966152879,0.0,-444182.1795447971,-459277.9604423933,81353224.64325193,1291453215.3480983,10.094754140125588,-1746036.928
70,AmPhos,2.5,60,7.762775676324964,5.877477371133864,-1448656.0482858298,-1666737.966152879,0.0,-444182.1795447971,-459277.9604423933,81353224.64325193,1291453215.3480983,10.094754140125588,-1746036.928
70,AmPhos,2.5,150,7.762775676324964,5.877477371133864,-1448656.0482858298,-1666737.966152879,0.0,-444182.1795447971,-459277.9604423933,81353224.64325193,1291453215.3480983,10.094754140125588,-1746036.928
70,AmPhos,2.5,300,7.762775676324964,5.877477371133864,-1448656.0482858298,-1666737.966152879,0.0,-444182.1795447971,-459277.9604423933,81353224.64325193,1291453215.3480983,10.094754140125588,-1746036.928
70,AmPhos,2.5,600,7.762775676324964,5.877477371133864,-1448656.0482858298,-1666737.966152879,0.0,-444182.1795447971,-459277.9604423933,81353224.64325193,1291453215.3480983,10.094754140125588,-1746036.928
70,AmPhos,2.5,900,7.762775676324964,5.877477371133864,-1448656.0482858298,-1666737.966152879,0.0,-444182.1795447971,-459277.9604423933,81353224.64325193,1291453215.3480983,10.094754140125588,-1746036.928
70,AmPhos,5.0,60,7.762775676324964,5.877477371133864,-1448656.0482858298,-1666737.966152879,0.0,-444182.1795447971,-459277.9604423933,81353224.64325193,1291453215.3480983,10.094754140125588,-1746036.928
70,AmPhos,5.0,150,7.762775676324964,5.877477371133864,-1448656.0482858298,-1666737.966152879,0.0,-444182.1795447971,-459277.9604423933,81353224.64325193,1291453215.3480983,10.094754140125588,-1746036.928
70,AmPhos,5.0,300,7.762775676324964,5.877477371133864,-1448656.0482858298,-1666737.966152879,0.0,-444182.1795447971,-459277.9604423933,81353224.64325193,1291453215.3480983,10.094754140125588,-1746036.928
70,AmPhos,5.0,600,7.762775676324964,5.877477371133864,-1448656.0482858298,-1666737.966152879,0.0,-444182.1795447971,-459277.9604423933,81353224.64325193,1291453215.3480983,10.094754140125588,-1746036.928
70,AmPhos,5.0,900,7.762775676324964,5.877477371133864,-1448656.0482858298,-1666737.966152879,0.0,-444182.1795447971,-459277.9604423933,81353224.64325193,1291453215.3480983,10.094754140125588,-1746036.928
70,RuPhos,0.5,60,17.47850149520673,15.882344998652115,-1566243.670259825,-1784327.2799639814,0.0,-444182.1795447971,-459277.9604423933,52.80176677382637,548.5351642055222,10.381576659623532,-1863636.434
70,RuPhos,0.5,150,17.47850149520673,15.882344998652115,-1566243.670259825,-1784327.2799639814,0.0,-444182.1795447971,-459277.9604423933,52.80176677382637,548.5351642055222,10.381576659623532,-1863636.434
70,RuPhos,0.5,300,17.47850149520673,15.882344998652115,-1566243.670259825,-1784327.2799639814,0.0,-444182.1795447971,-459277.9604423933,52.80176677382637,548.5351642055222,10.381576659623532,-1863636.434
70,RuPhos,0.5,600,17.47850149520673,15.882344998652115,-1566243.670259825,-1784327.2799639814,0.0,-444182.1795447971,-459277.9604423933,52.80176677382637,548.5351642055222,10.381576659623532,-1863636.434
70,RuPhos,0.5,900,17.47850149520673,15.882344998652115,-1566243.670259825,-1784327.2799639814,0.0,-444182.1795447971,-459277.9604423933,52.80176677382637,548.5351642055222,10.381576659623532,-1863636.434
70,RuPhos,1.25,60,17.47850149520673,15.882344998652115,-1566243.670259825,-1784327.2799639814,0.0,-444182.1795447971,-459277.9604423933,52.80176677382637,548.5351642055222,10.381576659623532,-1863636.434
70,RuPhos,1.25,150,17.47850149520673,15.882344998652115,-1566243.670259825,-1784327.2799639814,0.0,-444182.1795447971,-459277.9604423933,52.80176677382637,548.5351642055222,10.381576659623532,-1863636.434
70,RuPhos,1.25,300,17.47850149520673,15.882344998652115,-1566243.670259825,-1784327.2799639814,0.0,-444182.1795447971,-459277.9604423933,52.80176677382637,548.5351642055222,10.381576659623532,-1863636.434
70,RuPhos,1.25,600,17.47850149520673,15.882344998652115,-1566243.670259825,-1784327.2799639814,0.0,-444182.1795447971,-459277.9604423933,52.80176677382637,548.5351642055222,10.381576659623532,-1863636.434
70,RuPhos,1.25,900,17.47850149520673,15.882344998652115,-1566243.670259825,-1784327.2799639814,0.0,-444182.1795447971,-459277.9604423933,52.80176677382637,548.5351642055222,10.381576659623532,-1863636.434
70,RuPhos,2.5,60,17.47850149520673,15.882344998652115,-1566243.670259825,-1784327.2799639814,0.0,-444182.1795447971,-459277.9604423933,52.80176677382637,548.5351642055222,10.381576659623532,-1863636.434
70,RuPhos,2.5,150,17.47850149520673,15.882344998652115,-1566243.670259825,-1784327.2799639814,0.0,-444182.1795447971,-459277.9604423933,52.80176677382637,548.5351642055222,10.381576659623532,-1863636.434
70,RuPhos,2.5,300,17.47850149520673,15.882344998652115,-1566243.670259825,-1784327.2799639814,0.0,-444182.1795447971,-459277.9604423933,52.80176677382637,548.5351642055222,10.381576659623532,-1863636.434
70,RuPhos,2.5,600,17.47850149520673,15.882344998652115,-1566243.670259825,-1784327.2799639814,0.0,-444182.1795447971,-459277.9604423933,52.80176677382637,548.5351642055222,10.381576659623532,-1863636.434
70,RuPhos,2.5,900,17.47850149520673,15.882344998652115,-1566243.670259825,-1784327.2799639814,0.0,-444182.1795447971,-459277.9604423933,52.80176677382637,548.5351642055222,10.381576659623532,-1863636.434
70,RuPhos,5.0,60,17.47850149520673,15.882344998652115,-1566243.670259825,-1784327.2799639814,0.0,-444182.1795447971,-459277.9604423933,52.80176677382637,548.5351642055222,10.381576659623532,-1863636.434
70,RuPhos,5.0,150,17.47850149520673,15.882344998652115,-1566243.670259825,-1784327.2799639814,0.0,-444182.1795447971,-459277.9604423933,52.80176677382637,548.5351642055222,10.381576659623532,-1863636.434
70,RuPhos,5.0,300,17.47850149520673,15.882344998652115,-1566243.670259825,-1784327.2799639814,0.0,-444182.1795447971,-459277.9604423933,52.80176677382637,548.5351642055222,10.381576659623532,-1863636.434
70,RuPhos,5.0,600,17.47850149520673,15.882344998652115,-1566243.670259825,-1784327.2799639814,0.0,-444182.1795447971,-459277.9604423933,52.80176677382637,548.5351642055222,10.381576659623532,-1863636.434
70,RuPhos,5.0,900,17.47850149520673,15.882344998652115,-1566243.670259825,-1784327.2799639814,0.0,-444182.1795447971,-459277.9604423933,52.80176677382637,548.5351642055222,10.381576659623532,-1863636.434
70,SPhos,0.5,60,13.607777937548235,13.16863704379648,-1467643.2069597065,-1685723.021209516,0.0,-444182.1795447971,-459277.9604423933,15410.788400654232,29342.949985527997,11.293033210095018,-1765032.95
70,SPhos,0.5,150,13.607777937548235,13.16863704379648,-1467643.2069597065,-1685723.021209516,0.0,-444182.1795447971,-459277.9604423933,15410.788400654232,29342.949985527997,11.293033210095018,-1765032.95
70,SPhos,0.5,300,13.607777937548235,13.16863704379648,-1467643.2069597065,-1685723.021209516,0.0,-444182.1795447971,-459277.9604423933,15410.788400654232,29342.949985527997,11.293033210095018,-1765032.95
70,SPhos,0.5,600,13.607777937548235,13.16863704379648,-1467643.2069597065,-1685723.021209516,0.0,-444182.1795447971,-459277.9604423933,15410.788400654232,29342.949985527997,11.293033210095018,-1765032.95
70,SPhos,0.5,900,13.607777937548235,13.16863704379648,-1467643.2069597065,-1685723.021209516,0.0,-444182.1795447971,-459277.9604423933,15410.788400654232,29342.949985527997,11.293033210095018,-1765032.95
70,SPhos,1.25,60,13.607777937548235,13.16863704379648,-1467643.2069597065,-1685723.021209516,0.0,-444182.1795447971,-459277.9604423933,15410.788400654232,29342.949985527997,11.293033210095018,-1765032.95
70,SPhos,1.25,150,13.607777937548235,13.16863704379648,-1467643.2069597065,-1685723.021209516,0.0,-444182.1795447971,-459277.9604423933,15410.788400654232,29342.949985527997,11.293033210095018,-1765032.95
70,SPhos,1.25,300,13.607777937548235,13.16863704379648,-1467643.2069597065,-1685723.021209516,0.0,-444182.1795447971,-459277.9604423933,15410.788400654232,29342.949985527997,11.293033210095018,-1765032.95
70,SPhos,1.25,600,13.607777937548235,13.16863704379648,-1467643.2069597065,-1685723.021209516,0.0,-444182.1795447971,-459277.9604423933,15410.788400654232,29342.949985527997,11.293033210095018,-1765032.95
70,SPhos,1.25,900,13.607777937548235,13.16863704379648,-1467643.2069597065,-1685723.021209516,0.0,-444182.1795447971,-459277.9604423933,15410.788400654232,29342.949985527997,11.293033210095018,-1765032.95
70,SPhos,2.5,60,13.607777937548235,13.16863704379648,-1467643.2069597065,-1685723.021209516,0.0,-444182.1795447971,-459277.9604423933,15410.788400654232,29342.949985527997,11.293033210095018,-1765032.95
70,SPhos,2.5,150,13.607777937548235,13.16863704379648,-1467643.2069597065,-1685723.021209516,0.0,-444182.1795447971,-459277.9604423933,15410.788400654232,29342.949985527997,11.293033210095018,-1765032.95
70,SPhos,2.5,300,13.607777937548235,13.16863704379648,-1467643.2069597065,-1685723.021209516,0.0,-444182.1795447971,-459277.9604423933,15410.788400654232,29342.949985527997,11.293033210095018,-1765032.95
70,SPhos,2.5,600,13.607777937548235,13.16863704379648,-1467643.2069597065,-1685723.021209516,0.0,-444182.1795447971,-459277.9604423933,15410.788400654232,29342.949985527997,11.293033210095018,-1765032.95
70,SPhos,2.5,900,13.607777937548235,13.16863704379648,-1467643.2069597065,-1685723.021209516,0.0,-444182.1795447971,-459277.9604423933,15410.788400654232,29342.949985527997,11.293033210095018,-1765032.95
70,SPhos,5.0,60,13.607777937548235,13.16863704379648,-1467643.2069597065,-1685723.021209516,0.0,-444182.1795447971,-459277.9604423933,15410.788400654232,29342.949985527997,11.293033210095018,-1765032.95
70,SPhos,5.0,150,13.607777937548235,13.16863704379648,-1467643.2069597065,-1685723.021209516,0.0,-444182.1795447971,-459277.9604423933,15410.788400654232,29342.949985527997,11.293033210095018,-1765032.95
70,SPhos,5.0,300,13.607777937548235,13.16863704379648,-1467643.2069597065,-1685723.021209516,0.0,-444182.1795447971,-459277.9604423933,15410.788400654232,29342.949985527997,11.293033210095018,-1765032.95
70,SPhos,5.0,600,13.607777937548235,13.16863704379648,-1467643.2069597065,-1685723.021209516,0.0,-444182.1795447971,-459277.9604423933,15410.788400654232,29342.949985527997,11.293033210095018,-1765032.95
70,SPhos,5.0,900,13.607777937548235,13.16863704379648,-1467643.2069597065,-1685723.021209516,0.0,-444182.1795447971,-459277.9604423933,15410.788400654232,29342.949985527997,11.293033210095018,-1765032.95
70,tBu3,0.5,60,6.179822250269353,2.315115221310407,-1035504.4619395554,-1253583.4098521166,0.0,-444182.1795447971,-459277.9604423933,828938009.0305806,239809655560.4083,10.211022860137746,-1332882.704
70,tBu3,0.5,150,6.179822250269353,2.315115221310407,-1035504.4619395554,-1253583.4098521166,0.0,-444182.1795447971,-459277.9604423933,828938009.0305806,239809655560.4083,10.211022860137746,-1332882.704
70,tBu3,0.5,300,6.179822250269353,2.315115221310407,-1035504.4619395554,-1253583.4098521166,0.0,-444182.1795447971,-459277.9604423933,828938009.0305806,239809655560.4083,10.211022860137746,-1332882.704
70,tBu3,0.5,600,6.179822250269353,2.315115221310407,-1035504.4619395554,-1253583.4098521166,0.0,-444182.1795447971,-459277.9604423933,828938009.0305806,239809655560.4083,10.211022860137746,-1332882.704
70,tBu3,0.5,900,6.179822250269353,2.315115221310407,-1035504.4619395554,-1253583.4098521166,0.0,-444182.1795447971,-459277.9604423933,828938009.0305806,239809655560.4083,10.211022860137746,-1332882.704
70,tBu3,1.25,60,6.179822250269353,2.315115221310407,-1035504.4619395554,-1253583.4098521166,0.0,-444182.1795447971,-459277.9604423933,828938009.0305806,239809655560.4083,10.211022860137746,-1332882.704
70,tBu3,1.25,150,6.179822250269353,2.315115221310407,-1035504.4619395554,-1253583.4098521166,0.0,-444182.1795447971,-459277.9604423933,828938009.0305806,239809655560.4083,10.211022860137746,-1332882.704
70,tBu3,1.25,300,6.179822250269353,2.315115221310407,-1035504.4619395554,-1253583.4098521166,0.0,-444182.1795447971,-459277.9604423933,828938009.0305806,239809655560.4083,10.211022860137746,-1332882.704
70,tBu3,1.25,600,6.179822250269353,2.315115221310407,-1035504.4619395554,-1253583.4098521166,0.0,-444182.1795447971,-459277.9604423933,828938009.0305806,239809655560.4083,10.211022860137746,-1332882.704
70,tBu3,1.25,900,6.179822250269353,2.315115221310407,-1035504.4619395554,-1253583.4098521166,0.0,-444182.1795447971,-459277.9604423933,828938009.0305806,239809655560.4083,10.211022860137746,-1332882.704
70,tBu3,2.5,60,6.179822250269353,2.315115221310407,-1035504.4619395554,-1253583.4098521166,0.0,-444182.1795447971,-459277.9604423933,828938009.0305806,239809655560.4083,10.211022860137746,-1332882.704
70,tBu3,2.5,150,6.179822250269353,2.315115221310407,-1035504.4619395554,-1253583.4098521166,0.0,-444182.1795447971,-459277.9604423933,828938009.0305806,239809655560.4083,10.211022860137746,-1332882.704
70,tBu3,2.5,300,6.179822250269353,2.315115221310407,-1035504.4619395554,-1253583.4098521166,0.0,-444182.1795447971,-459277.9604423933,828938009.0305806,239809655560.4083,10.211022860137746,-1332882.704
70,tBu3,2.5,600,6.179822250269353,2.315115221310407,-1035504.4619395554,-1253583.4098521166,0.0,-444182.1795447971,-459277.9604423933,828938009.0305806,239809655560.4083,10.211022860137746,-1332882.704
70,tBu3,2.5,900,6.179822250269353,2.315115221310407,-1035504.4619395554,-1253583.4098521166,0.0,-444182.1795447971,-459277.9604423933,828938009.0305806,239809655560.4083,10.211022860137746,-1332882.704
70,tBu3,5.0,60,6.179822250269353,2.315115221310407,-1035504.4619395554,-1253583.4098521166,0.0,-444182.1795447971,-459277.9604423933,828938009.0305806,239809655560.4083,10.211022860137746,-1332882.704
70,tBu3,5.0,150,6.179822250269353,2.315115221310407,-1035504.4619395554,-1253583.4098521166,0.0,-444182.1795447971,-459277.9604423933,828938009.0305806,239809655560.4083,10.211022860137746,-1332882.704
70,tBu3,5.0,300,6.179822250269353,2.315115221310407,-1035504.4619395554,-1253583.4098521166,0.0,-444182.1795447971,-459277.9604423933,828938009.0305806,239809655560.4083,10.211022860137746,-1332882.704
70,tBu3,5.0,600,6.179822250269353,2.315115221310407,-1035504.4619395554,-1253583.4098521166,0.0,-444182.1795447971,-459277.9604423933,828938009.0305806,239809655560.4083,10.211022860137746,-1332882.704
70,tBu3,5.0,900,6.179822250269353,2.315115221310407,-1035504.4619395554,-1253583.4098521166,0.0,-444182.1795447971,-459277.9604423933,828938009.0305806,239809655560.4083,10.211022860137746,-1332882.704
70,XPhos,0.5,60,8.923772109439597,10.618646398885176,-1545783.885806721,-1763869.818607581,0.0,-444182.1795447971,-459277.9604423933,14823896.293929443,1234625.425724327,10.649905860191213,-1843170.736
70,XPhos,0.5,150,8.923772109439597,10.618646398885176,-1545783.885806721,-1763869.818607581,0.0,-444182.1795447971,-459277.9604423933,14823896.293929443,1234625.425724327,10.649905860191213,-1843170.736
70,XPhos,0.5,300,8.923772109439597,10.618646398885176,-1545783.885806721,-1763869.818607581,0.0,-444182.1795447971,-459277.9604423933,14823896.293929443,1234625.425724327,10.649905860191213,-1843170.736
70,XPhos,0.5,600,8.923772109439597,10.618646398885176,-1545783.885806721,-1763869.818607581,0.0,-444182.1795447971,-459277.9604423933,14823896.293929443,1234625.425724327,10.649905860191213,-1843170.736
70,XPhos,0.5,900,8.923772109439597,10.618646398885176,-1545783.885806721,-1763869.818607581,0.0,-444182.1795447971,-459277.9604423933,14823896.293929443,1234625.425724327,10.649905860191213,-1843170.736
70,XPhos,1.25,60,8.923772109439597,10.618646398885176,-1545783.885806721,-1763869.818607581,0.0,-444182.1795447971,-459277.9604423933,14823896.293929443,1234625.425724327,10.649905860191213,-1843170.736
70,XPhos,1.25,150,8.923772109439597,10.618646398885176,-1545783.885806721,-1763869.818607581,0.0,-444182.1795447971,-459277.9604423933,14823896.293929443,1234625.425724327,10.649905860191213,-1843170.736
70,XPhos,1.25,300,8.923772109439597,10.618646398885176,-1545783.885806721,-1763869.818607581,0.0,-444182.1795447971,-459277.9604423933,14823896.293929443,1234625.425724327,10.649905860191213,-1843170.736
70,XPhos,1.25,600,8.923772109439597,10.618646398885176,-1545783.885806721,-1763869.818607581,0.0,-444182.1795447971,-459277.9604423933,14823896.293929443,1234625.425724327,10.649905860191213,-1843170.736
70,XPhos,1.25,900,8.923772109439597,10.618646398885176,-1545783.885806721,-1763869.818607581,0.0,-444182.1795447971,-459277.9604423933,14823896.293929443,1234625.425724327,10.649905860191213,-1843170.736
70,XPhos,2.5,60,8.923772109439597,10.618646398885176,-1545783.885806721,-1763869.818607581,0.0,-444182.1795447971,-459277.9604423933,14823896.293929443,1234625.425724327,10.649905860191213,-1843170.736
70,XPhos,2.5,150,8.923772109439597,10.618646398885176,-1545783.885806721,-1763869.818607581,0.0,-444182.1795447971,-459277.9604423933,14823896.293929443,1234625.425724327,10.649905860191213,-1843170.736
70,XPhos,2.5,300,8.923772109439597,10.618646398885176,-1545783.885806721,-1763869.818607581,0.0,-444182.1795447971,-459277.9604423933,14823896.293929443,1234625.425724327,10.649905860191213,-1843170.736
70,XPhos,2.5,600,8.923772109439597,10.618646398885176,-1545783.885806721,-1763869.818607581,0.0,-444182.1795447971,-459277.9604423933,14823896.293929443,1234625.425724327,10.649905860191213,-1843170.736
70,XPhos,2.5,900,8.923772109439597,10.618646398885176,-1545783.885806721,-1763869.818607581,0.0,-444182.1795447971,-459277.9604423933,14823896.293929443,1234625.425724327,10.649905860191213,-1843170.736
70,XPhos,5.0,60,8.923772109439597,10.618646398885176,-1545783.885806721,-1763869.818607581,0.0,-444182.1795447971,-459277.9604423933,14823896.293929443,1234625.425724327,10.649905860191213,-1843170.736
70,XPhos,5.0,150,8.923772109439597,10.618646398885176,-1545783.885806721,-1763869.818607581,0.0,-444182.1795447971,-459277.9604423933,14823896.293929443,1234625.425724327,10.649905860191213,-1843170.736
70,XPhos,5.0,300,8.923772109439597,10.618646398885176,-1545783.885806721,-1763869.818607581,0.0,-444182.1795447971,-459277.9604423933,14823896.293929443,1234625.425724327,10.649905860191213,-1843170.736
70,XPhos,5.0,600,8.923772109439597,10.618646398885176,-1545783.885806721,-1763869.818607581,0.0,-444182.1795447971,-459277.9604423933,14823896.293929443,1234625.425724327,10.649905860191213,-1843170.736
70,XPhos,5.0,900,8.923772109439597,10.618646398885176,-1545783.885806721,-1763869.818607581,0.0,-444182.1795447971,-459277.9604423933,14823896.293929443,1234625.425724327,10.649905860191213,-1843170.736
75,PCy3,0.5,60,6.551999532151967,15.690463187173009,-1181206.004193984,-1399285.0363275053,0.0,-444182.5777137971,-459278.6312180633,559373170.3764096,1026.139425499056,11.52026079990901,-1478594.535
75,PCy3,0.5,150,6.551999532151967,15.690463187173009,-1181206.004193984,-1399285.0363275053,0.0,-444182.5777137971,-459278.6312180633,559373170.3764096,1026.139425499056,11.52026079990901,-1478594.535
75,PCy3,0.5,300,6.551999532151967,15.690463187173009,-1181206.004193984,-1399285.0363275053,0.0,-444182.5777137971,-459278.6312180633,559373170.3764096,1026.139425499056,11.52026079990901,-1478594.535
75,PCy3,0.5,600,6.551999532151967,15.690463187173009,-1181206.004193984,-1399285.0363275053,0.0,-444182.5777137971,-459278.6312180633,559373170.3764096,1026.139425499056,11.52026079990901,-1478594.535
75,PCy3,0.5,900,6.551999532151967,15.690463187173009,-1181206.004193984,-1399285.0363275053,0.0,-444182.5777137971,-459278.6312180633,559373170.3764096,1026.139425499056,11.52026079990901,-1478594.535
75,PCy3,1.25,60,6.551999532151967,15.690463187173009,-1181206.004193984,-1399285.0363275053,0.0,-444182.5777137971,-459278.6312180633,559373170.3764096,1026.139425499056,11.52026079990901,-1478594.535
75,PCy3,1.25,150,6.551999532151967,15.690463187173009,-1181206.004193984,-1399285.0363275053,0.0,-444182.5777137971,-459278.6312180633,559373170.3764096,1026.139425499056,11.52026079990901,-1478594.535
75,PCy3,1.25,300,6.551999532151967,15.690463187173009,-1181206.004193984,-1399285.0363275053,0.0,-444182.5777137971,-459278.6312180633,559373170.3764096,1026.139425499056,11.52026079990901,-1478594.535
75,PCy3,1.25,600,6.551999532151967,15.690463187173009,-1181206.004193984,-1399285.0363275053,0.0,-444182.5777137971,-459278.6312180633,559373170.3764096,1026.139425499056,11.52026079990901,-1478594.535
75,PCy3,1.25,900,6.551999532151967,15.690463187173009,-1181206.004193984,-1399285.0363275053,0.0,-444182.5777137971,-459278.6312180633,559373170.3764096,1026.139425499056,11.52026079990901,-1478594.535
75,PCy3,2.5,60,6.551999532151967,15.690463187173009,-1181206.004193984,-1399285.0363275053,0.0,-444182.5777137971,-459278.6312180633,559373170.3764096,1026.139425499056,11.52026079990901,-1478594.535
75,PCy3,2.5,150,6.551999532151967,15.690463187173009,-1181206.004193984,-1399285.0363275053,0.0,-444182.5777137971,-459278.6312180633,559373170.3764096,1026.139425499056,11.52026079990901,-1478594.535
75,PCy3,2.5,300,6.551999532151967,15.690463187173009,-1181206.004193984,-1399285.0363275053,0.0,-444182.5777137971,-459278.6312180633,559373170.3764096,1026.139425499056,11.52026079990901,-1478594.535
75,PCy3,2.5,600,6.551999532151967,15.690463187173009,-1181206.004193984,-1399285.0363275053,0.0,-444182.5777137971,-459278.6312180633,559373170.3764096,1026.139425499056,11.52026079990901,-1478594.535
75,PCy3,2.5,900,6.551999532151967,15.690463187173009,-1181206.004193984,-1399285.0363275053,0.0,-444182.5777137971,-459278.6312180633,559373170.3764096,1026.139425499056,11.52026079990901,-1478594.535
75,PCy3,5.0,60,6.551999532151967,15.690463187173009,-1181206.004193984,-1399285.0363275053,0.0,-444182.5777137971,-459278.6312180633,559373170.3764096,1026.139425499056,11.52026079990901,-1478594.535
75,PCy3,5.0,150,6.551999532151967,15.690463187173009,-1181206.004193984,-1399285.0363275053,0.0,-444182.5777137971,-459278.6312180633,559373170.3764096,1026.139425499056,11.52026079990901,-1478594.535
75,PCy3,5.0,300,6.551999532151967,15.690463187173009,-1181206.004193984,-1399285.0363275053,0.0,-444182.5777137971,-459278.6312180633,559373170.3764096,1026.139425499056,11.52026079990901,-1478594.535
75,PCy3,5.0,600,6.551999532151967,15.690463187173009,-1181206.004193984,-1399285.0363275053,0.0,-444182.5777137971,-459278.6312180633,559373170.3764096,1026.139425499056,11.52026079990901,-1478594.535
75,PCy3,5.0,900,6.551999532151967,15.690463187173009,-1181206.004193984,-1399285.0363275053,0.0,-444182.5777137971,-459278.6312180633,559373170.3764096,1026.139425499056,11.52026079990901,-1478594.535
75,PPh3,0.5,60,6.7019701634999365,8.605237868847325,-1174566.5157583018,-1392650.505673631,0.0,-444182.5777137971,-459278.6312180633,450360658.19940287,28762104.05648479,8.860080769984052,-1471955.368
75,PPh3,0.5,150,6.7019701634999365,8.605237868847325,-1174566.5157583018,-1392650.505673631,0.0,-444182.5777137971,-459278.6312180633,450360658.19940287,28762104.05648479,8.860080769984052,-1471955.368
75,PPh3,0.5,300,6.7019701634999365,8.605237868847325,-1174566.5157583018,-1392650.505673631,0.0,-444182.5777137971,-459278.6312180633,450360658.19940287,28762104.05648479,8.860080769984052,-1471955.368
75,PPh3,0.5,600,6.7019701634999365,8.605237868847325,-1174566.5157583018,-1392650.505673631,0.0,-444182.5777137971,-459278.6312180633,450360658.19940287,28762104.05648479,8.860080769984052,-1471955.368
75,PPh3,0.5,900,6.7019701634999365,8.605237868847325,-1174566.5157583018,-1392650.505673631,0.0,-444182.5777137971,-459278.6312180633,450360658.19940287,28762104.05648479,8.860080769984052,-1471955.368
75,PPh3,1.25,60,6.7019701634999365,8.605237868847325,-1174566.5157583018,-1392650.505673631,0.0,-444182.5777137971,-459278.6312180633,450360658.19940287,28762104.05648479,8.860080769984052,-1471955.368
75,PPh3,1.25,150,6.7019701634999365,8.605237868847325,-1174566.5157583018,-1392650.505673631,0.0,-444182.5777137971,-459278.6312180633,450360658.19940287,28762104.05648479,8.860080769984052,-1471955.368
75,PPh3,1.25,300,6.7019701634999365,8.605237868847325,-1174566.5157583018,-1392650.505673631,0.0,-444182.5777137971,-459278.6312180633,450360658.19940287,28762104.05648479,8.860080769984052,-1471955.368
75,PPh3,1.25,600,6.7019701634999365,8.605237868847325,-1174566.5157583018,-1392650.505673631,0.0,-444182.5777137971,-459278.6312180633,450360658.19940287,28762104.05648479,8.860080769984052,-1471955.368
75,PPh3,1.25,900,6.7019701634999365,8.605237868847325,-1174566.5157583018,-1392650.505673631,0.0,-444182.5777137971,-459278.6312180633,450360658.19940287,28762104.05648479,8.860080769984052,-1471955.368
75,PPh3,2.5,60,6.7019701634999365,8.605237868847325,-1174566.5157583018,-1392650.505673631,0.0,-444182.5777137971,-459278.6312180633,450360658.19940287,28762104.05648479,8.860080769984052,-1471955.368
75,PPh3,2.5,150,6.7019701634999365,8.605237868847325,-1174566.5157583018,-1392650.505673631,0.0,-444182.5777137971,-459278.6312180633,450360658.19940287,28762104.05648479,8.860080769984052,-1471955.368
75,PPh3,2.5,300,6.7019701634999365,8.605237868847325,-1174566.5157583018,-1392650.505673631,0.0,-444182.5777137971,-459278.6312180633,450360658.19940287,28762104.05648479,8.860080769984052,-1471955.368
75,PPh3,2.5,600,6.7019701634999365,8.605237868847325,-1174566.5157583018,-1392650.505673631,0.0,-444182.5777137971,-459278.6312180633,450360658.19940287,28762104.05648479,8.860080769984052,-1471955.368
75,PPh3,2.5,900,6.7019701634999365,8.605237868847325,-1174566.5157583018,-1392650.505673631,0.0,-444182.5777137971,-459278.6312180633,450360658.19940287,28762104.05648479,8.860080769984052,-1471955.368
75,PPh3,5.0,60,6.7019701634999365,8.605237868847325,-1174566.5157583018,-1392650.505673631,0.0,-444182.5777137971,-459278.6312180633,450360658.19940287,28762104.05648479,8.860080769984052,-1471955.368
75,PPh3,5.0,150,6.7019701634999365,8.605237868847325,-1174566.5157583018,-1392650.505673631,0.0,-444182.5777137971,-459278.6312180633,450360658.19940287,28762104.05648479,8.860080769984052,-1471955.368
75,PPh3,5.0,300,6.7019701634999365,8.605237868847325,-1174566.5157583018,-1392650.505673631,0.0,-444182.5777137971,-459278.6312180633,450360658.19940287,28762104.05648479,8.860080769984052,-1471955.368
75,PPh3,5.0,600,6.7019701634999365,8.605237868847325,-1174566.5157583018,-1392650.505673631,0.0,-444182.5777137971,-459278.6312180633,450360658.19940287,28762104.05648479,8.860080769984052,-1471955.368
75,PPh3,5.0,900,6.7019701634999365,8.605237868847325,-1174566.5157583018,-1392650.505673631,0.0,-444182.5777137971,-459278.6312180633,450360658.19940287,28762104.05648479,8.860080769984052,-1471955.368
75,AmPhos,0.5,60,7.765176666202024,5.878072671126574,-1448657.40007451,-1666739.6992151788,0.0,-444182.5777137971,-459278.6312180633,96861894.34963281,1481652272.140351,10.10475413990207,-1746038.504
75,AmPhos,0.5,150,7.765176666202024,5.878072671126574,-1448657.40007451,-1666739.6992151788,0.0,-444182.5777137971,-459278.6312180633,96861894.34963281,1481652272.140351,10.10475413990207,-1746038.504
75,AmPhos,0.5,300,7.765176666202024,5.878072671126574,-1448657.40007451,-1666739.6992151788,0.0,-444182.5777137971,-459278.6312180633,96861894.34963281,1481652272.140351,10.10475413990207,-1746038.504
75,AmPhos,0.5,600,7.765176666202024,5.878072671126574,-1448657.40007451,-1666739.6992151788,0.0,-444182.5777137971,-459278.6312180633,96861894.34963281,1481652272.140351,10.10475413990207,-1746038.504
75,AmPhos,0.5,900,7.765176666202024,5.878072671126574,-1448657.40007451,-1666739.6992151788,0.0,-444182.5777137971,-459278.6312180633,96861894.34963281,1481652272.140351,10.10475413990207,-1746038.504
75,AmPhos,1.25,60,7.765176666202024,5.878072671126574,-1448657.40007451,-1666739.6992151788,0.0,-444182.5777137971,-459278.6312180633,96861894.34963281,1481652272.140351,10.10475413990207,-1746038.504
75,AmPhos,1.25,150,7.765176666202024,5.878072671126574,-1448657.40007451,-1666739.6992151788,0.0,-444182.5777137971,-459278.6312180633,96861894.34963281,1481652272.140351,10.10475413990207,-1746038.504
75,AmPhos,1.25,300,7.765176666202024,5.878072671126574,-1448657.40007451,-1666739.6992151788,0.0,-444182.5777137971,-459278.6312180633,96861894.34963281,1481652272.140351,10.10475413990207,-1746038.504
75,AmPhos,1.25,600,7.765176666202024,5.878072671126574,-1448657.40007451,-1666739.6992151788,0.0,-444182.5777137971,-459278.6312180633,96861894.34963281,1481652272.140351,10.10475413990207,-1746038.504
75,AmPhos,1.25,900,7.765176666202024,5.878072671126574,-1448657.40007451,-1666739.6992151788,0.0,-444182.5777137971,-459278.6312180633,96861894.34963281,1481652272.140351,10.10475413990207,-1746038.504
75,AmPhos,2.5,60,7.765176666202024,5.878072671126574,-1448657.40007451,-1666739.6992151788,0.0,-444182.5777137971,-459278.6312180633,96861894.34963281,1481652272.140351,10.10475413990207,-1746038.504
75,AmPhos,2.5,150,7.765176666202024,5.878072671126574,-1448657.40007451,-1666739.6992151788,0.0,-444182.5777137971,-459278.6312180633,96861894.34963281,1481652272.140351,10.10475413990207,-1746038.504
75,AmPhos,2.5,300,7.765176666202024,5.878072671126574,-1448657.40007451,-1666739.6992151788,0.0,-444182.5777137971,-459278.6312180633,96861894.34963281,1481652272.140351,10.10475413990207,-1746038.504
75,AmPhos,2.5,600,7.765176666202024,5.878072671126574,-1448657.40007451,-1666739.6992151788,0.0,-444182.5777137971,-459278.6312180633,96861894.34963281,1481652272.140351,10.10475413990207,-1746038.504
75,AmPhos,2.5,900,7.765176666202024,5.878072671126574,-1448657.40007451,-1666739.6992151788,0.0,-444182.5777137971,-459278.6312180633,96861894.34963281,1481652272.140351,10.10475413990207,-1746038.504
75,AmPhos,5.0,60,7.765176666202024,5.878072671126574,-1448657.40007451,-1666739.6992151788,0.0,-444182.5777137971,-459278.6312180633,96861894.34963281,1481652272.140351,10.10475413990207,-1746038.504
75,AmPhos,5.0,150,7.765176666202024,5.878072671126574,-1448657.40007451,-1666739.6992151788,0.0,-444182.5777137971,-459278.6312180633,96861894.34963281,1481652272.140351,10.10475413990207,-1746038.504
75,AmPhos,5.0,300,7.765176666202024,5.878072671126574,-1448657.40007451,-1666739.6992151788,0.0,-444182.5777137971,-459278.6312180633,96861894.34963281,1481652272.140351,10.10475413990207,-1746038.504
75,AmPhos,5.0,600,7.765176666202024,5.878072671126574,-1448657.40007451,-1666739.6992151788,0.0,-444182.5777137971,-459278.6312180633,96861894.34963281,1481652272.140351,10.10475413990207,-1746038.504
75,AmPhos,5.0,900,7.765176666202024,5.878072671126574,-1448657.40007451,-1666739.6992151788,0.0,-444182.5777137971,-459278.6312180633,96861894.34963281,1481652272.140351,10.10475413990207,-1746038.504
75,RuPhos,0.5,60,17.721170605393127,15.887212328612804,-1566244.9814057648,-1784328.9804349514,0.0,-444182.5777137971,-459278.6312180633,54.509066797322696,772.1485757298733,10.391576659865676,-1863637.989
75,RuPhos,0.5,150,17.721170605393127,15.887212328612804,-1566244.9814057648,-1784328.9804349514,0.0,-444182.5777137971,-459278.6312180633,54.509066797322696,772.1485757298733,10.391576659865676,-1863637.989
75,RuPhos,0.5,300,17.721170605393127,15.887212328612804,-1566244.9814057648,-1784328.9804349514,0.0,-444182.5777137971,-459278.6312180633,54.509066797322696,772.1485757298733,10.391576659865676,-1863637.989
75,RuPhos,0.5,600,17.721170605393127,15.887212328612804,-1566244.9814057648,-1784328.9804349514,0.0,-444182.5777137971,-459278.6312180633,54.509066797322696,772.1485757298733,10.391576659865676,-1863637.989
75,RuPhos,0.5,900,17.721170605393127,15.887212328612804,-1566244.9814057648,-1784328.9804349514,0.0,-444182.5777137971,-459278.6312180633,54.509066797322696,772.1485757298733,10.391576659865676,-1863637.989
75,RuPhos,1.25,60,17.721170605393127,15.887212328612804,-1566244.9814057648,-1784328.9804349514,0.0,-444182.5777137971,-459278.6312180633,54.509066797322696,772.1485757298733,10.391576659865676,-1863637.989
75,RuPhos,1.25,150,17.721170605393127,15.887212328612804,-1566244.9814057648,-1784328.9804349514,0.0,-444182.5777137971,-459278.6312180633,54.509066797322696,772.1485757298733,10.391576659865676,-1863637.989
75,RuPhos,1.25,300,17.721170605393127,15.887212328612804,-1566244.9814057648,-1784328.9804349514,0.0,-444182.5777137971,-459278.6312180633,54.509066797322696,772.1485757298733,10.391576659865676,-1863637.989
75,RuPhos,1.25,600,17.721170605393127,15.887212328612804,-1566244.9814057648,-1784328.9804349514,0.0,-444182.5777137971,-459278.6312180633,54.509066797322696,772.1485757298733,10.391576659865676,-1863637.989
75,RuPhos,1.25,900,17.721170605393127,15.887212328612804,-1566244.9814057648,-1784328.9804349514,0.0,-444182.5777137971,-459278.6312180633,54.509066797322696,772.1485757298733,10.391576659865676,-1863637.989
75,RuPhos,2.5,60,17.721170605393127,15.887212328612804,-1566244.9814057648,-1784328.9804349514,0.0,-444182.5777137971,-459278.6312180633,54.509066797322696,772.1485757298733,10.391576659865676,-1863637.989
75,RuPhos,2.5,150,17.721170605393127,15.887212328612804,-1566244.9814057648,-1784328.9804349514,0.0,-444182.5777137971,-459278.6312180633,54.509066797322696,772.1485757298733,10.391576659865676,-1863637.989
75,RuPhos,2.5,300,17.721170605393127,15.887212328612804,-1566244.9814057648,-1784328.9804349514,0.0,-444182.5777137971,-459278.6312180633,54.509066797322696,772.1485757298733,10.391576659865676,-1863637.989
75,RuPhos,2.5,600,17.721170605393127,15.887212328612804,-1566244.9814057648,-1784328.9804349514,0.0,-444182.5777137971,-459278.6312180633,54.509066797322696,772.1485757298733,10.391576659865676,-1863637.989
75,RuPhos,2.5,900,17.721170605393127,15.887212328612804,-1566244.9814057648,-1784328.9804349514,0.0,-444182.5777137971,-459278.6312180633,54.509066797322696,772.1485757298733,10.391576659865676,-1863637.989
75,RuPhos,5.0,60,17.721170605393127,15.887212328612804,-1566244.9814057648,-1784328.9804349514,0.0,-444182.5777137971,-459278.6312180633,54.509066797322696,772.1485757298733,10.391576659865676,-1863637.989
75,RuPhos,5.0,150,17.721170605393127,15.887212328612804,-1566244.9814057648,-1784328.9804349514,0.0,-444182.5777137971,-459278.6312180633,54.509066797322696,772.1485757298733,10.391576659865676,-1863637.989
75,RuPhos,5.0,300,17.721170605393127,15.887212328612804,-1566244.9814057648,-1784328.9804349514,0.0,-444182.5777137971,-459278.6312180633,54.509066797322696,772.1485757298733,10.391576659865676,-1863637.989
75,RuPhos,5.0,600,17.721170605393127,15.887212328612804,-1566244.9814057648,-1784328.9804349514,0.0,-444182.5777137971,-459278.6312180633,54.509066797322696,772.1485757298733,10.391576659865676,-1863637.989
75,RuPhos,5.0,900,17.721170605393127,15.887212328612804,-1566244.9814057648,-1784328.9804349514,0.0,-444182.5777137971,-459278.6312180633,54.509066797322696,772.1485757298733,10.391576659865676,-1863637.989
75,SPhos,0.5,60,13.820868277689442,13.180852883961052,-1467644.4278505563,-1685724.585532086,0.0,-444182.5777137971,-459278.6312180633,15304.132406130759,38598.11542629718,11.293033209862188,-1765034.37
75,SPhos,0.5,150,13.820868277689442,13.180852883961052,-1467644.4278505563,-1685724.585532086,0.0,-444182.5777137971,-459278.6312180633,15304.132406130759,38598.11542629718,11.293033209862188,-1765034.37
75,SPhos,0.5,300,13.820868277689442,13.180852883961052,-1467644.4278505563,-1685724.585532086,0.0,-444182.5777137971,-459278.6312180633,15304.132406130759,38598.11542629718,11.293033209862188,-1765034.37
75,SPhos,0.5,600,13.820868277689442,13.180852883961052,-1467644.4278505563,-1685724.585532086,0.0,-444182.5777137971,-459278.6312180633,15304.132406130759,38598.11542629718,11.293033209862188,-1765034.37
75,SPhos,0.5,900,13.820868277689442,13.180852883961052,-1467644.4278505563,-1685724.585532086,0.0,-444182.5777137971,-459278.6312180633,15304.132406130759,38598.11542629718,11.293033209862188,-1765034.37
75,SPhos,1.25,60,13.820868277689442,13.180852883961052,-1467644.4278505563,-1685724.585532086,0.0,-444182.5777137971,-459278.6312180633,15304.132406130759,38598.11542629718,11.293033209862188,-1765034.37
75,SPhos,1.25,150,13.820868277689442,13.180852883961052,-1467644.4278505563,-1685724.585532086,0.0,-444182.5777137971,-459278.6312180633,15304.132406130759,38598.11542629718,11.293033209862188,-1765034.37
75,SPhos,1.25,300,13.820868277689442,13.180852883961052,-1467644.4278505563,-1685724.585532086,0.0,-444182.5777137971,-459278.6312180633,15304.132406130759,38598.11542629718,11.293033209862188,-1765034.37
75,SPhos,1.25,600,13.820868277689442,13.180852883961052,-1467644.4278505563,-1685724.585532086,0.0,-444182.5777137971,-459278.6312180633,15304.132406130759,38598.11542629718,11.293033209862188,-1765034.37
75,SPhos,1.25,900,13.820868277689442,13.180852883961052,-1467644.4278505563,-1685724.585532086,0.0,-444182.5777137971,-459278.6312180633,15304.132406130759,38598.11542629718,11.293033209862188,-1765034.37
75,SPhos,2.5,60,13.820868277689442,13.180852883961052,-1467644.4278505563,-1685724.585532086,0.0,-444182.5777137971,-459278.6312180633,15304.132406130759,38598.11542629718,11.293033209862188,-1765034.37
75,SPhos,2.5,150,13.820868277689442,13.180852883961052,-1467644.4278505563,-1685724.585532086,0.0,-444182.5777137971,-459278.6312180633,15304.132406130759,38598.11542629718,11.293033209862188,-1765034.37
75,SPhos,2.5,300,13.820868277689442,13.180852883961052,-1467644.4278505563,-1685724.585532086,0.0,-444182.5777137971,-459278.6312180633,15304.132406130759,38598.11542629718,11.293033209862188,-1765034.37
75,SPhos,2.5,600,13.820868277689442,13.180852883961052,-1467644.4278505563,-1685724.585532086,0.0,-444182.5777137971,-459278.6312180633,15304.132406130759,38598.11542629718,11.293033209862188,-1765034.37
75,SPhos,2.5,900,13.820868277689442,13.180852883961052,-1467644.4278505563,-1685724.585532086,0.0,-444182.5777137971,-459278.6312180633,15304.132406130759,38598.11542629718,11.293033209862188,-1765034.37
75,SPhos,5.0,60,13.820868277689442,13.180852883961052,-1467644.4278505563,-1685724.585532086,0.0,-444182.5777137971,-459278.6312180633,15304.132406130759,38598.11542629718,11.293033209862188,-1765034.37
75,SPhos,5.0,150,13.820868277689442,13.180852883961052,-1467644.4278505563,-1685724.585532086,0.0,-444182.5777137971,-459278.6312180633,15304.132406130759,38598.11542629718,11.293033209862188,-1765034.37
75,SPhos,5.0,300,13.820868277689442,13.180852883961052,-1467644.4278505563,-1685724.585532086,0.0,-444182.5777137971,-459278.6312180633,15304.132406130759,38598.11542629718,11.293033209862188,-1765034.37
75,SPhos,5.0,600,13.820868277689442,13.180852883961052,-1467644.4278505563,-1685724.585532086,0.0,-444182.5777137971,-459278.6312180633,15304.132406130759,38598.11542629718,11.293033209862188,-1765034.37
75,SPhos,5.0,900,13.820868277689442,13.180852883961052,-1467644.4278505563,-1685724.585532086,0.0,-444182.5777137971,-459278.6312180633,15304.132406130759,38598.11542629718,11.293033209862188,-1765034.37
75,tBu3,0.5,60,6.184125390369445,2.3216712614521384,-1035505.3759921052,-1253584.7034391165,0.0,-444182.5777137971,-459278.6312180633,951979437.407301,253051580724.38177,10.211022860137746,-1332883.856
75,tBu3,0.5,150,6.184125390369445,2.3216712614521384,-1035505.3759921052,-1253584.7034391165,0.0,-444182.5777137971,-459278.6312180633,951979437.407301,253051580724.38177,10.211022860137746,-1332883.856
75,tBu3,0.5,300,6.184125390369445,2.3216712614521384,-1035505.3759921052,-1253584.7034391165,0.0,-444182.5777137971,-459278.6312180633,951979437.407301,253051580724.38177,10.211022860137746,-1332883.856
75,tBu3,0.5,600,6.184125390369445,2.3216712614521384,-1035505.3759921052,-1253584.7034391165,0.0,-444182.5777137971,-459278.6312180633,951979437.407301,253051580724.38177,10.211022860137746,-1332883.856
75,tBu3,0.5,900,6.184125390369445,2.3216712614521384,-1035505.3759921052,-1253584.7034391165,0.0,-444182.5777137971,-459278.6312180633,951979437.407301,253051580724.38177,10.211022860137746,-1332883.856
75,tBu3,1.25,60,6.184125390369445,2.3216712614521384,-1035505.3759921052,-1253584.7034391165,0.0,-444182.5777137971,-459278.6312180633,951979437.407301,253051580724.38177,10.211022860137746,-1332883.856
75,tBu3,1.25,150,6.184125390369445,2.3216712614521384,-1035505.3759921052,-1253584.7034391165,0.0,-444182.5777137971,-459278.6312180633,951979437.407301,253051580724.38177,10.211022860137746,-1332883.856
75,tBu3,1.25,300,6.184125390369445,2.3216712614521384,-1035505.3759921052,-1253584.7034391165,0.0,-444182.5777137971,-459278.6312180633,951979437.407301,253051580724.38177,10.211022860137746,-1332883.856
75,tBu3,1.25,600,6.184125390369445,2.3216712614521384,-1035505.3759921052,-1253584.7034391165,0.0,-444182.5777137971,-459278.6312180633,951979437.407301,253051580724.38177,10.211022860137746,-1332883.856
75,tBu3,1.25,900,6.184125390369445,2.3216712614521384,-1035505.3759921052,-1253584.7034391165,0.0,-444182.5777137971,-459278.6312180633,951979437.407301,253051580724.38177,10.211022860137746,-1332883.856
75,tBu3,2.5,60,6.184125390369445,2.3216712614521384,-1035505.3759921052,-1253584.7034391165,0.0,-444182.5777137971,-459278.6312180633,951979437.407301,253051580724.38177,10.211022860137746,-1332883.856
75,tBu3,2.5,150,6.184125390369445,2.3216712614521384,-1035505.3759921052,-1253584.7034391165,0.0,-444182.5777137971,-459278.6312180633,951979437.407301,253051580724.38177,10.211022860137746,-1332883.856
75,tBu3,2.5,300,6.184125390369445,2.3216712614521384,-1035505.3759921052,-1253584.7034391165,0.0,-444182.5777137971,-459278.6312180633,951979437.407301,253051580724.38177,10.211022860137746,-1332883.856
75,tBu3,2.5,600,6.184125390369445,2.3216712614521384,-1035505.3759921052,-1253584.7034391165,0.0,-444182.5777137971,-459278.6312180633,951979437.407301,253051580724.38177,10.211022860137746,-1332883.856
75,tBu3,2.5,900,6.184125390369445,2.3216712614521384,-1035505.3759921052,-1253584.7034391165,0.0,-444182.5777137971,-459278.6312180633,951979437.407301,253051580724.38177,10.211022860137746,-1332883.856
75,tBu3,5.0,60,6.184125390369445,2.3216712614521384,-1035505.3759921052,-1253584.7034391165,0.0,-444182.5777137971,-459278.6312180633,951979437.407301,253051580724.38177,10.211022860137746,-1332883.856
75,tBu3,5.0,150,6.184125390369445,2.3216712614521384,-1035505.3759921052,-1253584.7034391165,0.0,-444182.5777137971,-459278.6312180633,951979437.407301,253051580724.38177,10.211022860137746,-1332883.856
75,tBu3,5.0,300,6.184125390369445,2.3216712614521384,-1035505.3759921052,-1253584.7034391165,0.0,-444182.5777137971,-459278.6312180633,951979437.407301,253051580724.38177,10.211022860137746,-1332883.856
75,tBu3,5.0,600,6.184125390369445,2.3216712614521384,-1035505.3759921052,-1253584.7034391165,0.0,-444182.5777137971,-459278.6312180633,951979437.407301,253051580724.38177,10.211022860137746,-1332883.856
75,tBu3,5.0,900,6.184125390369445,2.3216712614521384,-1035505.3759921052,-1253584.7034391165,0.0,-444182.5777137971,-459278.6312180633,951979437.407301,253051580724.38177,10.211022860137746,-1332883.856
75,XPhos,0.5,60,9.168911109212786,10.62996449903585,-1545785.263097831,-1763871.573390411,0.0,-444182.5777137971,-459278.6312180633,12734608.246475026,1541123.1738748744,10.64990585995838,-1843172.349
75,XPhos,0.5,150,9.168911109212786,10.62996449903585,-1545785.263097831,-1763871.573390411,0.0,-444182.5777137971,-459278.6312180633,12734608.246475026,1541123.1738748744,10.64990585995838,-1843172.349
75,XPhos,0.5,300,9.168911109212786,10.62996449903585,-1545785.263097831,-1763871.573390411,0.0,-444182.5777137971,-459278.6312180633,12734608.246475026,1541123.1738748744,10.64990585995838,-1843172.349
75,XPhos,0.5,600,9.168911109212786,10.62996449903585,-1545785.263097831,-1763871.573390411,0.0,-444182.5777137971,-459278.6312180633,12734608.246475026,1541123.1738748744,10.64990585995838,-1843172.349
75,XPhos,0.5,900,9.168911109212786,10.62996449903585,-1545785.263097831,-1763871.573390411,0.0,-444182.5777137971,-459278.6312180633,12734608.246475026,1541123.1738748744,10.64990585995838,-1843172.349
75,XPhos,1.25,60,9.168911109212786,10.62996449903585,-1545785.263097831,-1763871.573390411,0.0,-444182.5777137971,-459278.6312180633,12734608.246475026,1541123.1738748744,10.64990585995838,-1843172.349
75,XPhos,1.25,150,9.168911109212786,10.62996449903585,-1545785.263097831,-1763871.573390411,0.0,-444182.5777137971,-459278.6312180633,12734608.246475026,1541123.1738748744,10.64990585995838,-1843172.349
75,XPhos,1.25,300,9.168911109212786,10.62996449903585,-1545785.263097831,-1763871.573390411,0.0,-444182.5777137971,-459278.6312180633,12734608.246475026,1541123.1738748744,10.64990585995838,-1843172.349
75,XPhos,1.25,600,9.168911109212786,10.62996449903585,-1545785.263097831,-1763871.573390411,0.0,-444182.5777137971,-459278.6312180633,12734608.246475026,1541123.1738748744,10.64990585995838,-1843172.349
75,XPhos,1.25,900,9.168911109212786,10.62996449903585,-1545785.263097831,-1763871.573390411,0.0,-444182.5777137971,-459278.6312180633,12734608.246475026,1541123.1738748744,10.64990585995838,-1843172.349
75,XPhos,2.5,60,9.168911109212786,10.62996449903585,-1545785.263097831,-1763871.573390411,0.0,-444182.5777137971,-459278.6312180633,12734608.246475026,1541123.1738748744,10.64990585995838,-1843172.349
75,XPhos,2.5,150,9.168911109212786,10.62996449903585,-1545785.263097831,-1763871.573390411,0.0,-444182.5777137971,-459278.6312180633,12734608.246475026,1541123.1738748744,10.64990585995838,-1843172.349
75,XPhos,2.5,300,9.168911109212786,10.62996449903585,-1545785.263097831,-1763871.573390411,0.0,-444182.5777137971,-459278.6312180633,12734608.246475026,1541123.1738748744,10.64990585995838,-1843172.349
75,XPhos,2.5,600,9.168911109212786,10.62996449903585,-1545785.263097831,-1763871.573390411,0.0,-444182.5777137971,-459278.6312180633,12734608.246475026,1541123.1738748744,10.64990585995838,-1843172.349
75,XPhos,2.5,900,9.168911109212786,10.62996449903585,-1545785.263097831,-1763871.573390411,0.0,-444182.5777137971,-459278.6312180633,12734608.246475026,1541123.1738748744,10.64990585995838,-1843172.349
75,XPhos,5.0,60,9.168911109212786,10.62996449903585,-1545785.263097831,-1763871.573390411,0.0,-444182.5777137971,-459278.6312180633,12734608.246475026,1541123.1738748744,10.64990585995838,-1843172.349
75,XPhos,5.0,150,9.168911109212786,10.62996449903585,-1545785.263097831,-1763871.573390411,0.0,-444182.5777137971,-459278.6312180633,12734608.246475026,1541123.1738748744,10.64990585995838,-1843172.349
75,XPhos,5.0,300,9.168911109212786,10.62996449903585,-1545785.263097831,-1763871.573390411,0.0,-444182.5777137971,-459278.6312180633,12734608.246475026,1541123.1738748744,10.64990585995838,-1843172.349
75,XPhos,5.0,600,9.168911109212786,10.62996449903585,-1545785.263097831,-1763871.573390411,0.0,-444182.5777137971,-459278.6312180633,12734608.246475026,1541123.1738748744,10.64990585995838,-1843172.349
75,XPhos,5.0,900,9.168911109212786,10.62996449903585,-1545785.263097831,-1763871.573390411,0.0,-444182.5777137971,-459278.6312180633,12734608.246475026,1541123.1738748744,10.64990585995838,-1843172.349
80,PCy3,0.5,60,6.784874092321843,15.668234297074378,-1181207.0008658338,-1399286.4366722952,0.0,-444182.9777243271,-459279.3069618933,465600155.4395874,1481.173254296473,11.530260799918324,-1478595.76
80,PCy3,0.5,150,6.784874092321843,15.668234297074378,-1181207.0008658338,-1399286.4366722952,0.0,-444182.9777243271,-459279.3069618933,465600155.4395874,1481.173254296473,11.530260799918324,-1478595.76
80,PCy3,0.5,300,6.784874092321843,15.668234297074378,-1181207.0008658338,-1399286.4366722952,0.0,-444182.9777243271,-459279.3069618933,465600155.4395874,1481.173254296473,11.530260799918324,-1478595.76
80,PCy3,0.5,600,6.784874092321843,15.668234297074378,-1181207.0008658338,-1399286.4366722952,0.0,-444182.9777243271,-459279.3069618933,465600155.4395874,1481.173254296473,11.530260799918324,-1478595.76
80,PCy3,0.5,900,6.784874092321843,15.668234297074378,-1181207.0008658338,-1399286.4366722952,0.0,-444182.9777243271,-459279.3069618933,465600155.4395874,1481.173254296473,11.530260799918324,-1478595.76
80,PCy3,1.25,60,6.784874092321843,15.668234297074378,-1181207.0008658338,-1399286.4366722952,0.0,-444182.9777243271,-459279.3069618933,465600155.4395874,1481.173254296473,11.530260799918324,-1478595.76
80,PCy3,1.25,150,6.784874092321843,15.668234297074378,-1181207.0008658338,-1399286.4366722952,0.0,-444182.9777243271,-459279.3069618933,465600155.4395874,1481.173254296473,11.530260799918324,-1478595.76
80,PCy3,1.25,300,6.784874092321843,15.668234297074378,-1181207.0008658338,-1399286.4366722952,0.0,-444182.9777243271,-459279.3069618933,465600155.4395874,1481.173254296473,11.530260799918324,-1478595.76
80,PCy3,1.25,600,6.784874092321843,15.668234297074378,-1181207.0008658338,-1399286.4366722952,0.0,-444182.9777243271,-459279.3069618933,465600155.4395874,1481.173254296473,11.530260799918324,-1478595.76
80,PCy3,1.25,900,6.784874092321843,15.668234297074378,-1181207.0008658338,-1399286.4366722952,0.0,-444182.9777243271,-459279.3069618933,465600155.4395874,1481.173254296473,11.530260799918324,-1478595.76
80,PCy3,2.5,60,6.784874092321843,15.668234297074378,-1181207.0008658338,-1399286.4366722952,0.0,-444182.9777243271,-459279.3069618933,465600155.4395874,1481.173254296473,11.530260799918324,-1478595.76
80,PCy3,2.5,150,6.784874092321843,15.668234297074378,-1181207.0008658338,-1399286.4366722952,0.0,-444182.9777243271,-459279.3069618933,465600155.4395874,1481.173254296473,11.530260799918324,-1478595.76
80,PCy3,2.5,300,6.784874092321843,15.668234297074378,-1181207.0008658338,-1399286.4366722952,0.0,-444182.9777243271,-459279.3069618933,465600155.4395874,1481.173254296473,11.530260799918324,-1478595.76
80,PCy3,2.5,600,6.784874092321843,15.668234297074378,-1181207.0008658338,-1399286.4366722952,0.0,-444182.9777243271,-459279.3069618933,465600155.4395874,1481.173254296473,11.530260799918324,-1478595.76
80,PCy3,2.5,900,6.784874092321843,15.668234297074378,-1181207.0008658338,-1399286.4366722952,0.0,-444182.9777243271,-459279.3069618933,465600155.4395874,1481.173254296473,11.530260799918324,-1478595.76
80,PCy3,5.0,60,6.784874092321843,15.668234297074378,-1181207.0008658338,-1399286.4366722952,0.0,-444182.9777243271,-459279.3069618933,465600155.4395874,1481.173254296473,11.530260799918324,-1478595.76
80,PCy3,5.0,150,6.784874092321843,15.668234297074378,-1181207.0008658338,-1399286.4366722952,0.0,-444182.9777243271,-459279.3069618933,465600155.4395874,1481.173254296473,11.530260799918324,-1478595.76
80,PCy3,5.0,300,6.784874092321843,15.668234297074378,-1181207.0008658338,-1399286.4366722952,0.0,-444182.9777243271,-459279.3069618933,465600155.4395874,1481.173254296473,11.530260799918324,-1478595.76
80,PCy3,5.0,600,6.784874092321843,15.668234297074378,-1181207.0008658338,-1399286.4366722952,0.0,-444182.9777243271,-459279.3069618933,465600155.4395874,1481.173254296473,11.530260799918324,-1478595.76
80,PCy3,5.0,900,6.784874092321843,15.668234297074378,-1181207.0008658338,-1399286.4366722952,0.0,-444182.9777243271,-459279.3069618933,465600155.4395874,1481.173254296473,11.530260799918324,-1478595.76
80,PPh3,0.5,60,6.923625333700329,8.598122939001769,-1174567.4448146818,-1392651.825253221,0.0,-444182.9777243271,-459279.3069618933,382074322.1569108,35147655.19564593,8.840080770198256,-1471956.539
80,PPh3,0.5,150,6.923625333700329,8.598122939001769,-1174567.4448146818,-1392651.825253221,0.0,-444182.9777243271,-459279.3069618933,382074322.1569108,35147655.19564593,8.840080770198256,-1471956.539
80,PPh3,0.5,300,6.923625333700329,8.598122939001769,-1174567.4448146818,-1392651.825253221,0.0,-444182.9777243271,-459279.3069618933,382074322.1569108,35147655.19564593,8.840080770198256,-1471956.539
80,PPh3,0.5,600,6.923625333700329,8.598122939001769,-1174567.4448146818,-1392651.825253221,0.0,-444182.9777243271,-459279.3069618933,382074322.1569108,35147655.19564593,8.840080770198256,-1471956.539
80,PPh3,0.5,900,6.923625333700329,8.598122939001769,-1174567.4448146818,-1392651.825253221,0.0,-444182.9777243271,-459279.3069618933,382074322.1569108,35147655.19564593,8.840080770198256,-1471956.539
80,PPh3,1.25,60,6.923625333700329,8.598122939001769,-1174567.4448146818,-1392651.825253221,0.0,-444182.9777243271,-459279.3069618933,382074322.1569108,35147655.19564593,8.840080770198256,-1471956.539
80,PPh3,1.25,150,6.923625333700329,8.598122939001769,-1174567.4448146818,-1392651.825253221,0.0,-444182.9777243271,-459279.3069618933,382074322.1569108,35147655.19564593,8.840080770198256,-1471956.539
80,PPh3,1.25,300,6.923625333700329,8.598122939001769,-1174567.4448146818,-1392651.825253221,0.0,-444182.9777243271,-459279.3069618933,382074322.1569108,35147655.19564593,8.840080770198256,-1471956.539
80,PPh3,1.25,600,6.923625333700329,8.598122939001769,-1174567.4448146818,-1392651.825253221,0.0,-444182.9777243271,-459279.3069618933,382074322.1569108,35147655.19564593,8.840080770198256,-1471956.539
80,PPh3,1.25,900,6.923625333700329,8.598122939001769,-1174567.4448146818,-1392651.825253221,0.0,-444182.9777243271,-459279.3069618933,382074322.1569108,35147655.19564593,8.840080770198256,-1471956.539
80,PPh3,2.5,60,6.923625333700329,8.598122939001769,-1174567.4448146818,-1392651.825253221,0.0,-444182.9777243271,-459279.3069618933,382074322.1569108,35147655.19564593,8.840080770198256,-1471956.539
80,PPh3,2.5,150,6.923625333700329,8.598122939001769,-1174567.4448146818,-1392651.825253221,0.0,-444182.9777243271,-459279.3069618933,382074322.1569108,35147655.19564593,8.840080770198256,-1471956.539
80,PPh3,2.5,300,6.923625333700329,8.598122939001769,-1174567.4448146818,-1392651.825253221,0.0,-444182.9777243271,-459279.3069618933,382074322.1569108,35147655.19564593,8.840080770198256,-1471956.539
80,PPh3,2.5,600,6.923625333700329,8.598122939001769,-1174567.4448146818,-1392651.825253221,0.0,-444182.9777243271,-459279.3069618933,382074322.1569108,35147655.19564593,8.840080770198256,-1471956.539
80,PPh3,2.5,900,6.923625333700329,8.598122939001769,-1174567.4448146818,-1392651.825253221,0.0,-444182.9777243271,-459279.3069618933,382074322.1569108,35147655.19564593,8.840080770198256,-1471956.539
80,PPh3,5.0,60,6.923625333700329,8.598122939001769,-1174567.4448146818,-1392651.825253221,0.0,-444182.9777243271,-459279.3069618933,382074322.1569108,35147655.19564593,8.840080770198256,-1471956.539
80,PPh3,5.0,150,6.923625333700329,8.598122939001769,-1174567.4448146818,-1392651.825253221,0.0,-444182.9777243271,-459279.3069618933,382074322.1569108,35147655.19564593,8.840080770198256,-1471956.539
80,PPh3,5.0,300,6.923625333700329,8.598122939001769,-1174567.4448146818,-1392651.825253221,0.0,-444182.9777243271,-459279.3069618933,382074322.1569108,35147655.19564593,8.840080770198256,-1471956.539
80,PPh3,5.0,600,6.923625333700329,8.598122939001769,-1174567.4448146818,-1392651.825253221,0.0,-444182.9777243271,-459279.3069618933,382074322.1569108,35147655.19564593,8.840080770198256,-1471956.539
80,PPh3,5.0,900,6.923625333700329,8.598122939001769,-1174567.4448146818,-1392651.825253221,0.0,-444182.9777243271,-459279.3069618933,382074322.1569108,35147655.19564593,8.840080770198256,-1471956.539
80,AmPhos,0.5,60,7.767676386283711,5.878667191136628,-1448658.76540038,-1666741.4511530988,0.0,-444182.9777243271,-459279.3069618933,114765823.68547367,1693608854.4062355,10.1047541401349,-1746040.097
80,AmPhos,0.5,150,7.767676386283711,5.878667191136628,-1448658.76540038,-1666741.4511530988,0.0,-444182.9777243271,-459279.3069618933,114765823.68547367,1693608854.4062355,10.1047541401349,-1746040.097
80,AmPhos,0.5,300,7.767676386283711,5.878667191136628,-1448658.76540038,-1666741.4511530988,0.0,-444182.9777243271,-459279.3069618933,114765823.68547367,1693608854.4062355,10.1047541401349,-1746040.097
80,AmPhos,0.5,600,7.767676386283711,5.878667191136628,-1448658.76540038,-1666741.4511530988,0.0,-444182.9777243271,-459279.3069618933,114765823.68547367,1693608854.4062355,10.1047541401349,-1746040.097
80,AmPhos,0.5,900,7.767676386283711,5.878667191136628,-1448658.76540038,-1666741.4511530988,0.0,-444182.9777243271,-459279.3069618933,114765823.68547367,1693608854.4062355,10.1047541401349,-1746040.097
80,AmPhos,1.25,60,7.767676386283711,5.878667191136628,-1448658.76540038,-1666741.4511530988,0.0,-444182.9777243271,-459279.3069618933,114765823.68547367,1693608854.4062355,10.1047541401349,-1746040.097
80,AmPhos,1.25,150,7.767676386283711,5.878667191136628,-1448658.76540038,-1666741.4511530988,0.0,-444182.9777243271,-459279.3069618933,114765823.68547367,1693608854.4062355,10.1047541401349,-1746040.097
80,AmPhos,1.25,300,7.767676386283711,5.878667191136628,-1448658.76540038,-1666741.4511530988,0.0,-444182.9777243271,-459279.3069618933,114765823.68547367,1693608854.4062355,10.1047541401349,-1746040.097
80,AmPhos,1.25,600,7.767676386283711,5.878667191136628,-1448658.76540038,-1666741.4511530988,0.0,-444182.9777243271,-459279.3069618933,114765823.68547367,1693608854.4062355,10.1047541401349,-1746040.097
80,AmPhos,1.25,900,7.767676386283711,5.878667191136628,-1448658.76540038,-1666741.4511530988,0.0,-444182.9777243271,-459279.3069618933,114765823.68547367,1693608854.4062355,10.1047541401349,-1746040.097
80,AmPhos,2.5,60,7.767676386283711,5.878667191136628,-1448658.76540038,-1666741.4511530988,0.0,-444182.9777243271,-459279.3069618933,114765823.68547367,1693608854.4062355,10.1047541401349,-1746040.097
80,AmPhos,2.5,150,7.767676386283711,5.878667191136628,-1448658.76540038,-1666741.4511530988,0.0,-444182.9777243271,-459279.3069618933,114765823.68547367,1693608854.4062355,10.1047541401349,-1746040.097
80,AmPhos,2.5,300,7.767676386283711,5.878667191136628,-1448658.76540038,-1666741.4511530988,0.0,-444182.9777243271,-459279.3069618933,114765823.68547367,1693608854.4062355,10.1047541401349,-1746040.097
80,AmPhos,2.5,600,7.767676386283711,5.878667191136628,-1448658.76540038,-1666741.4511530988,0.0,-444182.9777243271,-459279.3069618933,114765823.68547367,1693608854.4062355,10.1047541401349,-1746040.097
80,AmPhos,2.5,900,7.767676386283711,5.878667191136628,-1448658.76540038,-1666741.4511530988,0.0,-444182.9777243271,-459279.3069618933,114765823.68547367,1693608854.4062355,10.1047541401349,-1746040.097
80,AmPhos,5.0,60,7.767676386283711,5.878667191136628,-1448658.76540038,-1666741.4511530988,0.0,-444182.9777243271,-459279.3069618933,114765823.68547367,1693608854.4062355,10.1047541401349,-1746040.097
80,AmPhos,5.0,150,7.767676386283711,5.878667191136628,-1448658.76540038,-1666741.4511530988,0.0,-444182.9777243271,-459279.3069618933,114765823.68547367,1693608854.4062355,10.1047541401349,-1746040.097
80,AmPhos,5.0,300,7.767676386283711,5.878667191136628,-1448658.76540038,-1666741.4511530988,0.0,-444182.9777243271,-459279.3069618933,114765823.68547367,1693608854.4062355,10.1047541401349,-1746040.097
80,AmPhos,5.0,600,7.767676386283711,5.878667191136628,-1448658.76540038,-1666741.4511530988,0.0,-444182.9777243271,-459279.3069618933,114765823.68547367,1693608854.4062355,10.1047541401349,-1746040.097
80,AmPhos,5.0,900,7.767676386283711,5.878667191136628,-1448658.76540038,-1666741.4511530988,0.0,-444182.9777243271,-459279.3069618933,114765823.68547367,1693608854.4062355,10.1047541401349,-1746040.097
80,RuPhos,0.5,60,17.963784645311534,15.892203728668392,-1566246.305980445,-1784330.6994882214,0.0,-444182.9777243271,-459279.3069618933,56.236733463457,1076.4748719139075,10.391576659865676,-1863639.562
80,RuPhos,0.5,150,17.963784645311534,15.892203728668392,-1566246.305980445,-1784330.6994882214,0.0,-444182.9777243271,-459279.3069618933,56.236733463457,1076.4748719139075,10.391576659865676,-1863639.562
80,RuPhos,0.5,300,17.963784645311534,15.892203728668392,-1566246.305980445,-1784330.6994882214,0.0,-444182.9777243271,-459279.3069618933,56.236733463457,1076.4748719139075,10.391576659865676,-1863639.562
80,RuPhos,0.5,600,17.963784645311534,15.892203728668392,-1566246.305980445,-1784330.6994882214,0.0,-444182.9777243271,-459279.3069618933,56.236733463457,1076.4748719139075,10.391576659865676,-1863639.562
80,RuPhos,0.5,900,17.963784645311534,15.892203728668392,-1566246.305980445,-1784330.6994882214,0.0,-444182.9777243271,-459279.3069618933,56.236733463457,1076.4748719139075,10.391576659865676,-1863639.562
80,RuPhos,1.25,60,17.963784645311534,15.892203728668392,-1566246.305980445,-1784330.6994882214,0.0,-444182.9777243271,-459279.3069618933,56.236733463457,1076.4748719139075,10.391576659865676,-1863639.562
80,RuPhos,1.25,150,17.963784645311534,15.892203728668392,-1566246.305980445,-1784330.6994882214,0.0,-444182.9777243271,-459279.3069618933,56.236733463457,1076.4748719139075,10.391576659865676,-1863639.562
80,RuPhos,1.25,300,17.963784645311534,15.892203728668392,-1566246.305980445,-1784330.6994882214,0.0,-444182.9777243271,-459279.3069618933,56.236733463457,1076.4748719139075,10.391576659865676,-1863639.562
80,RuPhos,1.25,600,17.963784645311534,15.892203728668392,-1566246.305980445,-1784330.6994882214,0.0,-444182.9777243271,-459279.3069618933,56.236733463457,1076.4748719139075,10.391576659865676,-1863639.562
80,RuPhos,1.25,900,17.963784645311534,15.892203728668392,-1566246.305980445,-1784330.6994882214,0.0,-444182.9777243271,-459279.3069618933,56.236733463457,1076.4748719139075,10.391576659865676,-1863639.562
80,RuPhos,2.5,60,17.963784645311534,15.892203728668392,-1566246.305980445,-1784330.6994882214,0.0,-444182.9777243271,-459279.3069618933,56.236733463457,1076.4748719139075,10.391576659865676,-1863639.562
80,RuPhos,2.5,150,17.963784645311534,15.892203728668392,-1566246.305980445,-1784330.6994882214,0.0,-444182.9777243271,-459279.3069618933,56.236733463457,1076.4748719139075,10.391576659865676,-1863639.562
80,RuPhos,2.5,300,17.963784645311534,15.892203728668392,-1566246.305980445,-1784330.6994882214,0.0,-444182.9777243271,-459279.3069618933,56.236733463457,1076.4748719139075,10.391576659865676,-1863639.562
80,RuPhos,2.5,600,17.963784645311534,15.892203728668392,-1566246.305980445,-1784330.6994882214,0.0,-444182.9777243271,-459279.3069618933,56.236733463457,1076.4748719139075,10.391576659865676,-1863639.562
80,RuPhos,2.5,900,17.963784645311534,15.892203728668392,-1566246.305980445,-1784330.6994882214,0.0,-444182.9777243271,-459279.3069618933,56.236733463457,1076.4748719139075,10.391576659865676,-1863639.562
80,RuPhos,5.0,60,17.963784645311534,15.892203728668392,-1566246.305980445,-1784330.6994882214,0.0,-444182.9777243271,-459279.3069618933,56.236733463457,1076.4748719139075,10.391576659865676,-1863639.562
80,RuPhos,5.0,150,17.963784645311534,15.892203728668392,-1566246.305980445,-1784330.6994882214,0.0,-444182.9777243271,-459279.3069618933,56.236733463457,1076.4748719139075,10.391576659865676,-1863639.562
80,RuPhos,5.0,300,17.963784645311534,15.892203728668392,-1566246.305980445,-1784330.6994882214,0.0,-444182.9777243271,-459279.3069618933,56.236733463457,1076.4748719139075,10.391576659865676,-1863639.562
80,RuPhos,5.0,600,17.963784645311534,15.892203728668392,-1566246.305980445,-1784330.6994882214,0.0,-444182.9777243271,-459279.3069618933,56.236733463457,1076.4748719139075,10.391576659865676,-1863639.562
80,RuPhos,5.0,900,17.963784645311534,15.892203728668392,-1566246.305980445,-1784330.6994882214,0.0,-444182.9777243271,-459279.3069618933,56.236733463457,1076.4748719139075,10.391576659865676,-1863639.562
80,SPhos,0.5,60,14.033954487647861,13.192968864226714,-1467645.6604138464,-1685726.1667177258,0.0,-444182.9777243271,-459279.3069618933,15204.384540511206,50397.28006129014,11.3030332098715,-1765035.804
80,SPhos,0.5,150,14.033954487647861,13.192968864226714,-1467645.6604138464,-1685726.1667177258,0.0,-444182.9777243271,-459279.3069618933,15204.384540511206,50397.28006129014,11.3030332098715,-1765035.804
80,SPhos,0.5,300,14.033954487647861,13.192968864226714,-1467645.6604138464,-1685726.1667177258,0.0,-444182.9777243271,-459279.3069618933,15204.384540511206,50397.28006129014,11.3030332098715,-1765035.804
80,SPhos,0.5,600,14.033954487647861,13.192968864226714,-1467645.6604138464,-1685726.1667177258,0.0,-444182.9777243271,-459279.3069618933,15204.384540511206,50397.28006129014,11.3030332098715,-1765035.804
80,SPhos,0.5,900,14.033954487647861,13.192968864226714,-1467645.6604138464,-1685726.1667177258,0.0,-444182.9777243271,-459279.3069618933,15204.384540511206,50397.28006129014,11.3030332098715,-1765035.804
80,SPhos,1.25,60,14.033954487647861,13.192968864226714,-1467645.6604138464,-1685726.1667177258,0.0,-444182.9777243271,-459279.3069618933,15204.384540511206,50397.28006129014,11.3030332098715,-1765035.804
80,SPhos,1.25,150,14.033954487647861,13.192968864226714,-1467645.6604138464,-1685726.1667177258,0.0,-444182.9777243271,-459279.3069618933,15204.384540511206,50397.28006129014,11.3030332098715,-1765035.804
80,SPhos,1.25,300,14.033954487647861,13.192968864226714,-1467645.6604138464,-1685726.1667177258,0.0,-444182.9777243271,-459279.3069618933,15204.384540511206,50397.28006129014,11.3030332098715,-1765035.804
80,SPhos,1.25,600,14.033954487647861,13.192968864226714,-1467645.6604138464,-1685726.1667177258,0.0,-444182.9777243271,-459279.3069618933,15204.384540511206,50397.28006129014,11.3030332098715,-1765035.804
80,SPhos,1.25,900,14.033954487647861,13.192968864226714,-1467645.6604138464,-1685726.1667177258,0.0,-444182.9777243271,-459279.3069618933,15204.384540511206,50397.28006129014,11.3030332098715,-1765035.804
80,SPhos,2.5,60,14.033954487647861,13.192968864226714,-1467645.6604138464,-1685726.1667177258,0.0,-444182.9777243271,-459279.3069618933,15204.384540511206,50397.28006129014,11.3030332098715,-1765035.804
80,SPhos,2.5,150,14.033954487647861,13.192968864226714,-1467645.6604138464,-1685726.1667177258,0.0,-444182.9777243271,-459279.3069618933,15204.384540511206,50397.28006129014,11.3030332098715,-1765035.804
80,SPhos,2.5,300,14.033954487647861,13.192968864226714,-1467645.6604138464,-1685726.1667177258,0.0,-444182.9777243271,-459279.3069618933,15204.384540511206,50397.28006129014,11.3030332098715,-1765035.804
80,SPhos,2.5,600,14.033954487647861,13.192968864226714,-1467645.6604138464,-1685726.1667177258,0.0,-444182.9777243271,-459279.3069618933,15204.384540511206,50397.28006129014,11.3030332098715,-1765035.804
80,SPhos,2.5,900,14.033954487647861,13.192968864226714,-1467645.6604138464,-1685726.1667177258,0.0,-444182.9777243271,-459279.3069618933,15204.384540511206,50397.28006129014,11.3030332098715,-1765035.804
80,SPhos,5.0,60,14.033954487647861,13.192968864226714,-1467645.6604138464,-1685726.1667177258,0.0,-444182.9777243271,-459279.3069618933,15204.384540511206,50397.28006129014,11.3030332098715,-1765035.804
80,SPhos,5.0,150,14.033954487647861,13.192968864226714,-1467645.6604138464,-1685726.1667177258,0.0,-444182.9777243271,-459279.3069618933,15204.384540511206,50397.28006129014,11.3030332098715,-1765035.804
80,SPhos,5.0,300,14.033954487647861,13.192968864226714,-1467645.6604138464,-1685726.1667177258,0.0,-444182.9777243271,-459279.3069618933,15204.384540511206,50397.28006129014,11.3030332098715,-1765035.804
80,SPhos,5.0,600,14.033954487647861,13.192968864226714,-1467645.6604138464,-1685726.1667177258,0.0,-444182.9777243271,-459279.3069618933,15204.384540511206,50397.28006129014,11.3030332098715,-1765035.804
80,SPhos,5.0,900,14.033954487647861,13.192968864226714,-1467645.6604138464,-1685726.1667177258,0.0,-444182.9777243271,-459279.3069618933,15204.384540511206,50397.28006129014,11.3030332098715,-1765035.804
80,tBu3,0.5,60,6.188491450273432,2.328311991179362,-1035506.2982548954,-1253586.0105196566,0.0,-444182.9777243271,-459279.3069618933,1089131885.4602783,266640655522.64627,10.221022859914228,-1332885.019
80,tBu3,0.5,150,6.188491450273432,2.328311991179362,-1035506.2982548954,-1253586.0105196566,0.0,-444182.9777243271,-459279.3069618933,1089131885.4602783,266640655522.64627,10.221022859914228,-1332885.019
80,tBu3,0.5,300,6.188491450273432,2.328311991179362,-1035506.2982548954,-1253586.0105196566,0.0,-444182.9777243271,-459279.3069618933,1089131885.4602783,266640655522.64627,10.221022859914228,-1332885.019
80,tBu3,0.5,600,6.188491450273432,2.328311991179362,-1035506.2982548954,-1253586.0105196566,0.0,-444182.9777243271,-459279.3069618933,1089131885.4602783,266640655522.64627,10.221022859914228,-1332885.019
80,tBu3,0.5,900,6.188491450273432,2.328311991179362,-1035506.2982548954,-1253586.0105196566,0.0,-444182.9777243271,-459279.3069618933,1089131885.4602783,266640655522.64627,10.221022859914228,-1332885.019
80,tBu3,1.25,60,6.188491450273432,2.328311991179362,-1035506.2982548954,-1253586.0105196566,0.0,-444182.9777243271,-459279.3069618933,1089131885.4602783,266640655522.64627,10.221022859914228,-1332885.019
80,tBu3,1.25,150,6.188491450273432,2.328311991179362,-1035506.2982548954,-1253586.0105196566,0.0,-444182.9777243271,-459279.3069618933,1089131885.4602783,266640655522.64627,10.221022859914228,-1332885.019
80,tBu3,1.25,300,6.188491450273432,2.328311991179362,-1035506.2982548954,-1253586.0105196566,0.0,-444182.9777243271,-459279.3069618933,1089131885.4602783,266640655522.64627,10.221022859914228,-1332885.019
80,tBu3,1.25,600,6.188491450273432,2.328311991179362,-1035506.2982548954,-1253586.0105196566,0.0,-444182.9777243271,-459279.3069618933,1089131885.4602783,266640655522.64627,10.221022859914228,-1332885.019
80,tBu3,1.25,900,6.188491450273432,2.328311991179362,-1035506.2982548954,-1253586.0105196566,0.0,-444182.9777243271,-459279.3069618933,1089131885.4602783,266640655522.64627,10.221022859914228,-1332885.019
80,tBu3,2.5,60,6.188491450273432,2.328311991179362,-1035506.2982548954,-1253586.0105196566,0.0,-444182.9777243271,-459279.3069618933,1089131885.4602783,266640655522.64627,10.221022859914228,-1332885.019
80,tBu3,2.5,150,6.188491450273432,2.328311991179362,-1035506.2982548954,-1253586.0105196566,0.0,-444182.9777243271,-459279.3069618933,1089131885.4602783,266640655522.64627,10.221022859914228,-1332885.019
80,tBu3,2.5,300,6.188491450273432,2.328311991179362,-1035506.2982548954,-1253586.0105196566,0.0,-444182.9777243271,-459279.3069618933,1089131885.4602783,266640655522.64627,10.221022859914228,-1332885.019
80,tBu3,2.5,600,6.188491450273432,2.328311991179362,-1035506.2982548954,-1253586.0105196566,0.0,-444182.9777243271,-459279.3069618933,1089131885.4602783,266640655522.64627,10.221022859914228,-1332885.019
80,tBu3,2.5,900,6.188491450273432,2.328311991179362,-1035506.2982548954,-1253586.0105196566,0.0,-444182.9777243271,-459279.3069618933,1089131885.4602783,266640655522.64627,10.221022859914228,-1332885.019
80,tBu3,5.0,60,6.188491450273432,2.328311991179362,-1035506.2982548954,-1253586.0105196566,0.0,-444182.9777243271,-459279.3069618933,1089131885.4602783,266640655522.64627,10.221022859914228,-1332885.019
80,tBu3,5.0,150,6.188491450273432,2.328311991179362,-1035506.2982548954,-1253586.0105196566,0.0,-444182.9777243271,-459279.3069618933,1089131885.4602783,266640655522.64627,10.221022859914228,-1332885.019
80,tBu3,5.0,300,6.188491450273432,2.328311991179362,-1035506.2982548954,-1253586.0105196566,0.0,-444182.9777243271,-459279.3069618933,1089131885.4602783,266640655522.64627,10.221022859914228,-1332885.019
80,tBu3,5.0,600,6.188491450273432,2.328311991179362,-1035506.2982548954,-1253586.0105196566,0.0,-444182.9777243271,-459279.3069618933,1089131885.4602783,266640655522.64627,10.221022859914228,-1332885.019
80,tBu3,5.0,900,6.188491450273432,2.328311991179362,-1035506.2982548954,-1253586.0105196566,0.0,-444182.9777243271,-459279.3069618933,1089131885.4602783,266640655522.64627,10.221022859914228,-1332885.019
80,XPhos,0.5,60,9.4139569895342,10.641155658988282,-1545786.654392921,-1763873.3475934211,0.0,-444182.9777243271,-459279.3069618933,10990640.043332627,1912402.9512920224,10.64990585995838,-1843173.979
80,XPhos,0.5,150,9.4139569895342,10.641155658988282,-1545786.654392921,-1763873.3475934211,0.0,-444182.9777243271,-459279.3069618933,10990640.043332627,1912402.9512920224,10.64990585995838,-1843173.979
80,XPhos,0.5,300,9.4139569895342,10.641155658988282,-1545786.654392921,-1763873.3475934211,0.0,-444182.9777243271,-459279.3069618933,10990640.043332627,1912402.9512920224,10.64990585995838,-1843173.979
80,XPhos,0.5,600,9.4139569895342,10.641155658988282,-1545786.654392921,-1763873.3475934211,0.0,-444182.9777243271,-459279.3069618933,10990640.043332627,1912402.9512920224,10.64990585995838,-1843173.979
80,XPhos,0.5,900,9.4139569895342,10.641155658988282,-1545786.654392921,-1763873.3475934211,0.0,-444182.9777243271,-459279.3069618933,10990640.043332627,1912402.9512920224,10.64990585995838,-1843173.979
80,XPhos,1.25,60,9.4139569895342,10.641155658988282,-1545786.654392921,-1763873.3475934211,0.0,-444182.9777243271,-459279.3069618933,10990640.043332627,1912402.9512920224,10.64990585995838,-1843173.979
80,XPhos,1.25,150,9.4139569895342,10.641155658988282,-1545786.654392921,-1763873.3475934211,0.0,-444182.9777243271,-459279.3069618933,10990640.043332627,1912402.9512920224,10.64990585995838,-1843173.979
80,XPhos,1.25,300,9.4139569895342,10.641155658988282,-1545786.654392921,-1763873.3475934211,0.0,-444182.9777243271,-459279.3069618933,10990640.043332627,1912402.9512920224,10.64990585995838,-1843173.979
80,XPhos,1.25,600,9.4139569895342,10.641155658988282,-1545786.654392921,-1763873.3475934211,0.0,-444182.9777243271,-459279.3069618933,10990640.043332627,1912402.9512920224,10.64990585995838,-1843173.979
80,XPhos,1.25,900,9.4139569895342,10.641155658988282,-1545786.654392921,-1763873.3475934211,0.0,-444182.9777243271,-459279.3069618933,10990640.043332627,1912402.9512920224,10.64990585995838,-1843173.979
80,XPhos,2.5,60,9.4139569895342,10.641155658988282,-1545786.654392921,-1763873.3475934211,0.0,-444182.9777243271,-459279.3069618933,10990640.043332627,1912402.9512920224,10.64990585995838,-1843173.979
80,XPhos,2.5,150,9.4139569895342,10.641155658988282,-1545786.654392921,-1763873.3475934211,0.0,-444182.9777243271,-459279.3069618933,10990640.043332627,1912402.9512920224,10.64990585995838,-1843173.979
80,XPhos,2.5,300,9.4139569895342,10.641155658988282,-1545786.654392921,-1763873.3475934211,0.0,-444182.9777243271,-459279.3069618933,10990640.043332627,1912402.9512920224,10.64990585995838,-1843173.979
80,XPhos,2.5,600,9.4139569895342,10.641155658988282,-1545786.654392921,-1763873.3475934211,0.0,-444182.9777243271,-459279.3069618933,10990640.043332627,1912402.9512920224,10.64990585995838,-1843173.979
80,XPhos,2.5,900,9.4139569895342,10.641155658988282,-1545786.654392921,-1763873.3475934211,0.0,-444182.9777243271,-459279.3069618933,10990640.043332627,1912402.9512920224,10.64990585995838,-1843173.979
80,XPhos,5.0,60,9.4139569895342,10.641155658988282,-1545786.654392921,-1763873.3475934211,0.0,-444182.9777243271,-459279.3069618933,10990640.043332627,1912402.9512920224,10.64990585995838,-1843173.979
80,XPhos,5.0,150,9.4139569895342,10.641155658988282,-1545786.654392921,-1763873.3475934211,0.0,-444182.9777243271,-459279.3069618933,10990640.043332627,1912402.9512920224,10.64990585995838,-1843173.979
80,XPhos,5.0,300,9.4139569895342,10.641155658988282,-1545786.654392921,-1763873.3475934211,0.0,-444182.9777243271,-459279.3069618933,10990640.043332627,1912402.9512920224,10.64990585995838,-1843173.979
80,XPhos,5.0,600,9.4139569895342,10.641155658988282,-1545786.654392921,-1763873.3475934211,0.0,-444182.9777243271,-459279.3069618933,10990640.043332627,1912402.9512920224,10.64990585995838,-1843173.979
80,XPhos,5.0,900,9.4139569895342,10.641155658988282,-1545786.654392921,-1763873.3475934211,0.0,-444182.9777243271,-459279.3069618933,10990640.043332627,1912402.9512920224,10.64990585995838,-1843173.979
85,PCy3,0.5,60,7.01768529205583,15.645899317227304,-1181208.006616904,-1399287.8513611152,0.0,-444183.3795727971,-459279.9876584633,389649490.539178,2116.924138753408,11.530260799452662,-1478596.997
85,PCy3,0.5,150,7.01768529205583,15.645899317227304,-1181208.006616904,-1399287.8513611152,0.0,-444183.3795727971,-459279.9876584633,389649490.539178,2116.924138753408,11.530260799452662,-1478596.997
85,PCy3,0.5,300,7.01768529205583,15.645899317227304,-1181208.006616904,-1399287.8513611152,0.0,-444183.3795727971,-459279.9876584633,389649490.539178,2116.924138753408,11.530260799452662,-1478596.997
85,PCy3,0.5,600,7.01768529205583,15.645899317227304,-1181208.006616904,-1399287.8513611152,0.0,-444183.3795727971,-459279.9876584633,389649490.539178,2116.924138753408,11.530260799452662,-1478596.997
85,PCy3,0.5,900,7.01768529205583,15.645899317227304,-1181208.006616904,-1399287.8513611152,0.0,-444183.3795727971,-459279.9876584633,389649490.539178,2116.924138753408,11.530260799452662,-1478596.997
85,PCy3,1.25,60,7.01768529205583,15.645899317227304,-1181208.006616904,-1399287.8513611152,0.0,-444183.3795727971,-459279.9876584633,389649490.539178,2116.924138753408,11.530260799452662,-1478596.997
85,PCy3,1.25,150,7.01768529205583,15.645899317227304,-1181208.006616904,-1399287.8513611152,0.0,-444183.3795727971,-459279.9876584633,389649490.539178,2116.924138753408,11.530260799452662,-1478596.997
85,PCy3,1.25,300,7.01768529205583,15.645899317227304,-1181208.006616904,-1399287.8513611152,0.0,-444183.3795727971,-459279.9876584633,389649490.539178,2116.924138753408,11.530260799452662,-1478596.997
85,PCy3,1.25,600,7.01768529205583,15.645899317227304,-1181208.006616904,-1399287.8513611152,0.0,-444183.3795727971,-459279.9876584633,389649490.539178,2116.924138753408,11.530260799452662,-1478596.997
85,PCy3,1.25,900,7.01768529205583,15.645899317227304,-1181208.006616904,-1399287.8513611152,0.0,-444183.3795727971,-459279.9876584633,389649490.539178,2116.924138753408,11.530260799452662,-1478596.997
85,PCy3,2.5,60,7.01768529205583,15.645899317227304,-1181208.006616904,-1399287.8513611152,0.0,-444183.3795727971,-459279.9876584633,389649490.539178,2116.924138753408,11.530260799452662,-1478596.997
85,PCy3,2.5,150,7.01768529205583,15.645899317227304,-1181208.006616904,-1399287.8513611152,0.0,-444183.3795727971,-459279.9876584633,389649490.539178,2116.924138753408,11.530260799452662,-1478596.997
85,PCy3,2.5,300,7.01768529205583,15.645899317227304,-1181208.006616904,-1399287.8513611152,0.0,-444183.3795727971,-459279.9876584633,389649490.539178,2116.924138753408,11.530260799452662,-1478596.997
85,PCy3,2.5,600,7.01768529205583,15.645899317227304,-1181208.006616904,-1399287.8513611152,0.0,-444183.3795727971,-459279.9876584633,389649490.539178,2116.924138753408,11.530260799452662,-1478596.997
85,PCy3,2.5,900,7.01768529205583,15.645899317227304,-1181208.006616904,-1399287.8513611152,0.0,-444183.3795727971,-459279.9876584633,389649490.539178,2116.924138753408,11.530260799452662,-1478596.997
85,PCy3,5.0,60,7.01768529205583,15.645899317227304,-1181208.006616904,-1399287.8513611152,0.0,-444183.3795727971,-459279.9876584633,389649490.539178,2116.924138753408,11.530260799452662,-1478596.997
85,PCy3,5.0,150,7.01768529205583,15.645899317227304,-1181208.006616904,-1399287.8513611152,0.0,-444183.3795727971,-459279.9876584633,389649490.539178,2116.924138753408,11.530260799452662,-1478596.997
85,PCy3,5.0,300,7.01768529205583,15.645899317227304,-1181208.006616904,-1399287.8513611152,0.0,-444183.3795727971,-459279.9876584633,389649490.539178,2116.924138753408,11.530260799452662,-1478596.997
85,PCy3,5.0,600,7.01768529205583,15.645899317227304,-1181208.006616904,-1399287.8513611152,0.0,-444183.3795727971,-459279.9876584633,389649490.539178,2116.924138753408,11.530260799452662,-1478596.997
85,PCy3,5.0,900,7.01768529205583,15.645899317227304,-1181208.006616904,-1399287.8513611152,0.0,-444183.3795727971,-459279.9876584633,389649490.539178,2116.924138753408,11.530260799452662,-1478596.997
85,PPh3,0.5,60,7.145174543606117,8.590886169113219,-1174568.381525202,-1392653.157805681,0.0,-444183.3795727971,-459279.9876584633,325746448.51214564,42726861.212345295,8.820080769713968,-1471957.722
85,PPh3,0.5,150,7.145174543606117,8.590886169113219,-1174568.381525202,-1392653.157805681,0.0,-444183.3795727971,-459279.9876584633,325746448.51214564,42726861.212345295,8.820080769713968,-1471957.722
85,PPh3,0.5,300,7.145174543606117,8.590886169113219,-1174568.381525202,-1392653.157805681,0.0,-444183.3795727971,-459279.9876584633,325746448.51214564,42726861.212345295,8.820080769713968,-1471957.722
85,PPh3,0.5,600,7.145174543606117,8.590886169113219,-1174568.381525202,-1392653.157805681,0.0,-444183.3795727971,-459279.9876584633,325746448.51214564,42726861.212345295,8.820080769713968,-1471957.722
85,PPh3,0.5,900,7.145174543606117,8.590886169113219,-1174568.381525202,-1392653.157805681,0.0,-444183.3795727971,-459279.9876584633,325746448.51214564,42726861.212345295,8.820080769713968,-1471957.722
85,PPh3,1.25,60,7.145174543606117,8.590886169113219,-1174568.381525202,-1392653.157805681,0.0,-444183.3795727971,-459279.9876584633,325746448.51214564,42726861.212345295,8.820080769713968,-1471957.722
85,PPh3,1.25,150,7.145174543606117,8.590886169113219,-1174568.381525202,-1392653.157805681,0.0,-444183.3795727971,-459279.9876584633,325746448.51214564,42726861.212345295,8.820080769713968,-1471957.722
85,PPh3,1.25,300,7.145174543606117,8.590886169113219,-1174568.381525202,-1392653.157805681,0.0,-444183.3795727971,-459279.9876584633,325746448.51214564,42726861.212345295,8.820080769713968,-1471957.722
85,PPh3,1.25,600,7.145174543606117,8.590886169113219,-1174568.381525202,-1392653.157805681,0.0,-444183.3795727971,-459279.9876584633,325746448.51214564,42726861.212345295,8.820080769713968,-1471957.722
85,PPh3,1.25,900,7.145174543606117,8.590886169113219,-1174568.381525202,-1392653.157805681,0.0,-444183.3795727971,-459279.9876584633,325746448.51214564,42726861.212345295,8.820080769713968,-1471957.722
85,PPh3,2.5,60,7.145174543606117,8.590886169113219,-1174568.381525202,-1392653.157805681,0.0,-444183.3795727971,-459279.9876584633,325746448.51214564,42726861.212345295,8.820080769713968,-1471957.722
85,PPh3,2.5,150,7.145174543606117,8.590886169113219,-1174568.381525202,-1392653.157805681,0.0,-444183.3795727971,-459279.9876584633,325746448.51214564,42726861.212345295,8.820080769713968,-1471957.722
85,PPh3,2.5,300,7.145174543606117,8.590886169113219,-1174568.381525202,-1392653.157805681,0.0,-444183.3795727971,-459279.9876584633,325746448.51214564,42726861.212345295,8.820080769713968,-1471957.722
85,PPh3,2.5,600,7.145174543606117,8.590886169113219,-1174568.381525202,-1392653.157805681,0.0,-444183.3795727971,-459279.9876584633,325746448.51214564,42726861.212345295,8.820080769713968,-1471957.722
85,PPh3,2.5,900,7.145174543606117,8.590886169113219,-1174568.381525202,-1392653.157805681,0.0,-444183.3795727971,-459279.9876584633,325746448.51214564,42726861.212345295,8.820080769713968,-1471957.722
85,PPh3,5.0,60,7.145174543606117,8.590886169113219,-1174568.381525202,-1392653.157805681,0.0,-444183.3795727971,-459279.9876584633,325746448.51214564,42726861.212345295,8.820080769713968,-1471957.722
85,PPh3,5.0,150,7.145174543606117,8.590886169113219,-1174568.381525202,-1392653.157805681,0.0,-444183.3795727971,-459279.9876584633,325746448.51214564,42726861.212345295,8.820080769713968,-1471957.722
85,PPh3,5.0,300,7.145174543606117,8.590886169113219,-1174568.381525202,-1392653.157805681,0.0,-444183.3795727971,-459279.9876584633,325746448.51214564,42726861.212345295,8.820080769713968,-1471957.722
85,PPh3,5.0,600,7.145174543606117,8.590886169113219,-1174568.381525202,-1392653.157805681,0.0,-444183.3795727971,-459279.9876584633,325746448.51214564,42726861.212345295,8.820080769713968,-1471957.722
85,PPh3,5.0,900,7.145174543606117,8.590886169113219,-1174568.381525202,-1392653.157805681,0.0,-444183.3795727971,-459279.9876584633,325746448.51214564,42726861.212345295,8.820080769713968,-1471957.722
85,AmPhos,0.5,60,7.770274856360629,5.8792628310620785,-1448660.1442340498,-1666743.2219218889,0.0,-444183.3795727971,-459279.9876584633,135344656.87153196,1929051411.7507188,10.114754139911383,-1746041.706
85,AmPhos,0.5,150,7.770274856360629,5.8792628310620785,-1448660.1442340498,-1666743.2219218889,0.0,-444183.3795727971,-459279.9876584633,135344656.87153196,1929051411.7507188,10.114754139911383,-1746041.706
85,AmPhos,0.5,300,7.770274856360629,5.8792628310620785,-1448660.1442340498,-1666743.2219218889,0.0,-444183.3795727971,-459279.9876584633,135344656.87153196,1929051411.7507188,10.114754139911383,-1746041.706
85,AmPhos,0.5,600,7.770274856360629,5.8792628310620785,-1448660.1442340498,-1666743.2219218889,0.0,-444183.3795727971,-459279.9876584633,135344656.87153196,1929051411.7507188,10.114754139911383,-1746041.706
85,AmPhos,0.5,900,7.770274856360629,5.8792628310620785,-1448660.1442340498,-1666743.2219218889,0.0,-444183.3795727971,-459279.9876584633,135344656.87153196,1929051411.7507188,10.114754139911383,-1746041.706
85,AmPhos,1.25,60,7.770274856360629,5.8792628310620785,-1448660.1442340498,-1666743.2219218889,0.0,-444183.3795727971,-459279.9876584633,135344656.87153196,1929051411.7507188,10.114754139911383,-1746041.706
85,AmPhos,1.25,150,7.770274856360629,5.8792628310620785,-1448660.1442340498,-1666743.2219218889,0.0,-444183.3795727971,-459279.9876584633,135344656.87153196,1929051411.7507188,10.114754139911383,-1746041.706
85,AmPhos,1.25,300,7.770274856360629,5.8792628310620785,-1448660.1442340498,-1666743.2219218889,0.0,-444183.3795727971,-459279.9876584633,135344656.87153196,1929051411.7507188,10.114754139911383,-1746041.706
85,AmPhos,1.25,600,7.770274856360629,5.8792628310620785,-1448660.1442340498,-1666743.2219218889,0.0,-444183.3795727971,-459279.9876584633,135344656.87153196,1929051411.7507188,10.114754139911383,-1746041.706
85,AmPhos,1.25,900,7.770274856360629,5.8792628310620785,-1448660.1442340498,-1666743.2219218889,0.0,-444183.3795727971,-459279.9876584633,135344656.87153196,1929051411.7507188,10.114754139911383,-1746041.706
85,AmPhos,2.5,60,7.770274856360629,5.8792628310620785,-1448660.1442340498,-1666743.2219218889,0.0,-444183.3795727971,-459279.9876584633,135344656.87153196,1929051411.7507188,10.114754139911383,-1746041.706
85,AmPhos,2.5,150,7.770274856360629,5.8792628310620785,-1448660.1442340498,-1666743.2219218889,0.0,-444183.3795727971,-459279.9876584633,135344656.87153196,1929051411.7507188,10.114754139911383,-1746041.706
85,AmPhos,2.5,300,7.770274856360629,5.8792628310620785,-1448660.1442340498,-1666743.2219218889,0.0,-444183.3795727971,-459279.9876584633,135344656.87153196,1929051411.7507188,10.114754139911383,-1746041.706
85,AmPhos,2.5,600,7.770274856360629,5.8792628310620785,-1448660.1442340498,-1666743.2219218889,0.0,-444183.3795727971,-459279.9876584633,135344656.87153196,1929051411.7507188,10.114754139911383,-1746041.706
85,AmPhos,2.5,900,7.770274856360629,5.8792628310620785,-1448660.1442340498,-1666743.2219218889,0.0,-444183.3795727971,-459279.9876584633,135344656.87153196,1929051411.7507188,10.114754139911383,-1746041.706
85,AmPhos,5.0,60,7.770274856360629,5.8792628310620785,-1448660.1442340498,-1666743.2219218889,0.0,-444183.3795727971,-459279.9876584633,135344656.87153196,1929051411.7507188,10.114754139911383,-1746041.706
85,AmPhos,5.0,150,7.770274856360629,5.8792628310620785,-1448660.1442340498,-1666743.2219218889,0.0,-444183.3795727971,-459279.9876584633,135344656.87153196,1929051411.7507188,10.114754139911383,-1746041.706
85,AmPhos,5.0,300,7.770274856360629,5.8792628310620785,-1448660.1442340498,-1666743.2219218889,0.0,-444183.3795727971,-459279.9876584633,135344656.87153196,1929051411.7507188,10.114754139911383,-1746041.706
85,AmPhos,5.0,600,7.770274856360629,5.8792628310620785,-1448660.1442340498,-1666743.2219218889,0.0,-444183.3795727971,-459279.9876584633,135344656.87153196,1929051411.7507188,10.114754139911383,-1746041.706
85,AmPhos,5.0,900,7.770274856360629,5.8792628310620785,-1448660.1442340498,-1666743.2219218889,0.0,-444183.3795727971,-459279.9876584633,135344656.87153196,1929051411.7507188,10.114754139911383,-1746041.706
85,RuPhos,0.5,60,18.206344445236027,15.897319298936054,-1566247.643969555,-1784332.437096581,0.0,-444183.3795727971,-459279.9876584633,57.98451087740736,1486.9209200405944,10.40157665964216,-1863641.151
85,RuPhos,0.5,150,18.206344445236027,15.897319298936054,-1566247.643969555,-1784332.437096581,0.0,-444183.3795727971,-459279.9876584633,57.98451087740736,1486.9209200405944,10.40157665964216,-1863641.151
85,RuPhos,0.5,300,18.206344445236027,15.897319298936054,-1566247.643969555,-1784332.437096581,0.0,-444183.3795727971,-459279.9876584633,57.98451087740736,1486.9209200405944,10.40157665964216,-1863641.151
85,RuPhos,0.5,600,18.206344445236027,15.897319298936054,-1566247.643969555,-1784332.437096581,0.0,-444183.3795727971,-459279.9876584633,57.98451087740736,1486.9209200405944,10.40157665964216,-1863641.151
85,RuPhos,0.5,900,18.206344445236027,15.897319298936054,-1566247.643969555,-1784332.437096581,0.0,-444183.3795727971,-459279.9876584633,57.98451087740736,1486.9209200405944,10.40157665964216,-1863641.151
85,RuPhos,1.25,60,18.206344445236027,15.897319298936054,-1566247.643969555,-1784332.437096581,0.0,-444183.3795727971,-459279.9876584633,57.98451087740736,1486.9209200405944,10.40157665964216,-1863641.151
85,RuPhos,1.25,150,18.206344445236027,15.897319298936054,-1566247.643969555,-1784332.437096581,0.0,-444183.3795727971,-459279.9876584633,57.98451087740736,1486.9209200405944,10.40157665964216,-1863641.151
85,RuPhos,1.25,300,18.206344445236027,15.897319298936054,-1566247.643969555,-1784332.437096581,0.0,-444183.3795727971,-459279.9876584633,57.98451087740736,1486.9209200405944,10.40157665964216,-1863641.151
85,RuPhos,1.25,600,18.206344445236027,15.897319298936054,-1566247.643969555,-1784332.437096581,0.0,-444183.3795727971,-459279.9876584633,57.98451087740736,1486.9209200405944,10.40157665964216,-1863641.151
85,RuPhos,1.25,900,18.206344445236027,15.897319298936054,-1566247.643969555,-1784332.437096581,0.0,-444183.3795727971,-459279.9876584633,57.98451087740736,1486.9209200405944,10.40157665964216,-1863641.151
85,RuPhos,2.5,60,18.206344445236027,15.897319298936054,-1566247.643969555,-1784332.437096581,0.0,-444183.3795727971,-459279.9876584633,57.98451087740736,1486.9209200405944,10.40157665964216,-1863641.151
85,RuPhos,2.5,150,18.206344445236027,15.897319298936054,-1566247.643969555,-1784332.437096581,0.0,-444183.3795727971,-459279.9876584633,57.98451087740736,1486.9209200405944,10.40157665964216,-1863641.151
85,RuPhos,2.5,300,18.206344445236027,15.897319298936054,-1566247.643969555,-1784332.437096581,0.0,-444183.3795727971,-459279.9876584633,57.98451087740736,1486.9209200405944,10.40157665964216,-1863641.151
85,RuPhos,2.5,600,18.206344445236027,15.897319298936054,-1566247.643969555,-1784332.437096581,0.0,-444183.3795727971,-459279.9876584633,57.98451087740736,1486.9209200405944,10.40157665964216,-1863641.151
85,RuPhos,2.5,900,18.206344445236027,15.897319298936054,-1566247.643969555,-1784332.437096581,0.0,-444183.3795727971,-459279.9876584633,57.98451087740736,1486.9209200405944,10.40157665964216,-1863641.151
85,RuPhos,5.0,60,18.206344445236027,15.897319298936054,-1566247.643969555,-1784332.437096581,0.0,-444183.3795727971,-459279.9876584633,57.98451087740736,1486.9209200405944,10.40157665964216,-1863641.151
85,RuPhos,5.0,150,18.206344445236027,15.897319298936054,-1566247.643969555,-1784332.437096581,0.0,-444183.3795727971,-459279.9876584633,57.98451087740736,1486.9209200405944,10.40157665964216,-1863641.151
85,RuPhos,5.0,300,18.206344445236027,15.897319298936054,-1566247.643969555,-1784332.437096581,0.0,-444183.3795727971,-459279.9876584633,57.98451087740736,1486.9209200405944,10.40157665964216,-1863641.151
85,RuPhos,5.0,600,18.206344445236027,15.897319298936054,-1566247.643969555,-1784332.437096581,0.0,-444183.3795727971,-459279.9876584633,57.98451087740736,1486.9209200405944,10.40157665964216,-1863641.151
85,RuPhos,5.0,900,18.206344445236027,15.897319298936054,-1566247.643969555,-1784332.437096581,0.0,-444183.3795727971,-459279.9876584633,57.98451087740736,1486.9209200405944,10.40157665964216,-1863641.151
85,SPhos,0.5,60,14.247037447988987,13.204988334095106,-1467646.9046362662,-1685727.764741156,0.0,-444183.3795727971,-459279.9876584633,15111.10057723826,65336.88196050108,11.3030332098715,-1765037.254
85,SPhos,0.5,150,14.247037447988987,13.204988334095106,-1467646.9046362662,-1685727.764741156,0.0,-444183.3795727971,-459279.9876584633,15111.10057723826,65336.88196050108,11.3030332098715,-1765037.254
85,SPhos,0.5,300,14.247037447988987,13.204988334095106,-1467646.9046362662,-1685727.764741156,0.0,-444183.3795727971,-459279.9876584633,15111.10057723826,65336.88196050108,11.3030332098715,-1765037.254
85,SPhos,0.5,600,14.247037447988987,13.204988334095106,-1467646.9046362662,-1685727.764741156,0.0,-444183.3795727971,-459279.9876584633,15111.10057723826,65336.88196050108,11.3030332098715,-1765037.254
85,SPhos,0.5,900,14.247037447988987,13.204988334095106,-1467646.9046362662,-1685727.764741156,0.0,-444183.3795727971,-459279.9876584633,15111.10057723826,65336.88196050108,11.3030332098715,-1765037.254
85,SPhos,1.25,60,14.247037447988987,13.204988334095106,-1467646.9046362662,-1685727.764741156,0.0,-444183.3795727971,-459279.9876584633,15111.10057723826,65336.88196050108,11.3030332098715,-1765037.254
85,SPhos,1.25,150,14.247037447988987,13.204988334095106,-1467646.9046362662,-1685727.764741156,0.0,-444183.3795727971,-459279.9876584633,15111.10057723826,65336.88196050108,11.3030332098715,-1765037.254
85,SPhos,1.25,300,14.247037447988987,13.204988334095106,-1467646.9046362662,-1685727.764741156,0.0,-444183.3795727971,-459279.9876584633,15111.10057723826,65336.88196050108,11.3030332098715,-1765037.254
85,SPhos,1.25,600,14.247037447988987,13.204988334095106,-1467646.9046362662,-1685727.764741156,0.0,-444183.3795727971,-459279.9876584633,15111.10057723826,65336.88196050108,11.3030332098715,-1765037.254
85,SPhos,1.25,900,14.247037447988987,13.204988334095106,-1467646.9046362662,-1685727.764741156,0.0,-444183.3795727971,-459279.9876584633,15111.10057723826,65336.88196050108,11.3030332098715,-1765037.254
85,SPhos,2.5,60,14.247037447988987,13.204988334095106,-1467646.9046362662,-1685727.764741156,0.0,-444183.3795727971,-459279.9876584633,15111.10057723826,65336.88196050108,11.3030332098715,-1765037.254
85,SPhos,2.5,150,14.247037447988987,13.204988334095106,-1467646.9046362662,-1685727.764741156,0.0,-444183.3795727971,-459279.9876584633,15111.10057723826,65336.88196050108,11.3030332098715,-1765037.254
85,SPhos,2.5,300,14.247037447988987,13.204988334095106,-1467646.9046362662,-1685727.764741156,0.0,-444183.3795727971,-459279.9876584633,15111.10057723826,65336.88196050108,11.3030332098715,-1765037.254
85,SPhos,2.5,600,14.247037447988987,13.204988334095106,-1467646.9046362662,-1685727.764741156,0.0,-444183.3795727971,-459279.9876584633,15111.10057723826,65336.88196050108,11.3030332098715,-1765037.254
85,SPhos,2.5,900,14.247037447988987,13.204988334095106,-1467646.9046362662,-1685727.764741156,0.0,-444183.3795727971,-459279.9876584633,15111.10057723826,65336.88196050108,11.3030332098715,-1765037.254
85,SPhos,5.0,60,14.247037447988987,13.204988334095106,-1467646.9046362662,-1685727.764741156,0.0,-444183.3795727971,-459279.9876584633,15111.10057723826,65336.88196050108,11.3030332098715,-1765037.254
85,SPhos,5.0,150,14.247037447988987,13.204988334095106,-1467646.9046362662,-1685727.764741156,0.0,-444183.3795727971,-459279.9876584633,15111.10057723826,65336.88196050108,11.3030332098715,-1765037.254
85,SPhos,5.0,300,14.247037447988987,13.204988334095106,-1467646.9046362662,-1685727.764741156,0.0,-444183.3795727971,-459279.9876584633,15111.10057723826,65336.88196050108,11.3030332098715,-1765037.254
85,SPhos,5.0,600,14.247037447988987,13.204988334095106,-1467646.9046362662,-1685727.764741156,0.0,-444183.3795727971,-459279.9876584633,15111.10057723826,65336.88196050108,11.3030332098715,-1765037.254
85,SPhos,5.0,900,14.247037447988987,13.204988334095106,-1467646.9046362662,-1685727.764741156,0.0,-444183.3795727971,-459279.9876584633,15111.10057723826,65336.88196050108,11.3030332098715,-1765037.254
85,tBu3,0.5,60,6.192920420202427,2.3350375215522945,-1035507.2287042254,-1253587.3310556363,0.0,-444183.3795727971,-459279.9876584633,1241505808.0381713,280571455641.2495,10.211022859904917,-1332886.194
85,tBu3,0.5,150,6.192920420202427,2.3350375215522945,-1035507.2287042254,-1253587.3310556363,0.0,-444183.3795727971,-459279.9876584633,1241505808.0381713,280571455641.2495,10.211022859904917,-1332886.194
85,tBu3,0.5,300,6.192920420202427,2.3350375215522945,-1035507.2287042254,-1253587.3310556363,0.0,-444183.3795727971,-459279.9876584633,1241505808.0381713,280571455641.2495,10.211022859904917,-1332886.194
85,tBu3,0.5,600,6.192920420202427,2.3350375215522945,-1035507.2287042254,-1253587.3310556363,0.0,-444183.3795727971,-459279.9876584633,1241505808.0381713,280571455641.2495,10.211022859904917,-1332886.194
85,tBu3,0.5,900,6.192920420202427,2.3350375215522945,-1035507.2287042254,-1253587.3310556363,0.0,-444183.3795727971,-459279.9876584633,1241505808.0381713,280571455641.2495,10.211022859904917,-1332886.194
85,tBu3,1.25,60,6.192920420202427,2.3350375215522945,-1035507.2287042254,-1253587.3310556363,0.0,-444183.3795727971,-459279.9876584633,1241505808.0381713,280571455641.2495,10.211022859904917,-1332886.194
85,tBu3,1.25,150,6.192920420202427,2.3350375215522945,-1035507.2287042254,-1253587.3310556363,0.0,-444183.3795727971,-459279.9876584633,1241505808.0381713,280571455641.2495,10.211022859904917,-1332886.194
85,tBu3,1.25,300,6.192920420202427,2.3350375215522945,-1035507.2287042254,-1253587.3310556363,0.0,-444183.3795727971,-459279.9876584633,1241505808.0381713,280571455641.2495,10.211022859904917,-1332886.194
85,tBu3,1.25,600,6.192920420202427,2.3350375215522945,-1035507.2287042254,-1253587.3310556363,0.0,-444183.3795727971,-459279.9876584633,1241505808.0381713,280571455641.2495,10.211022859904917,-1332886.194
85,tBu3,1.25,900,6.192920420202427,2.3350375215522945,-1035507.2287042254,-1253587.3310556363,0.0,-444183.3795727971,-459279.9876584633,1241505808.0381713,280571455641.2495,10.211022859904917,-1332886.194
85,tBu3,2.5,60,6.192920420202427,2.3350375215522945,-1035507.2287042254,-1253587.3310556363,0.0,-444183.3795727971,-459279.9876584633,1241505808.0381713,280571455641.2495,10.211022859904917,-1332886.194
85,tBu3,2.5,150,6.192920420202427,2.3350375215522945,-1035507.2287042254,-1253587.3310556363,0.0,-444183.3795727971,-459279.9876584633,1241505808.0381713,280571455641.2495,10.211022859904917,-1332886.194
85,tBu3,2.5,300,6.192920420202427,2.3350375215522945,-1035507.2287042254,-1253587.3310556363,0.0,-444183.3795727971,-459279.9876584633,1241505808.0381713,280571455641.2495,10.211022859904917,-1332886.194
85,tBu3,2.5,600,6.192920420202427,2.3350375215522945,-1035507.2287042254,-1253587.3310556363,0.0,-444183.3795727971,-459279.9876584633,1241505808.0381713,280571455641.2495,10.211022859904917,-1332886.194
85,tBu3,2.5,900,6.192920420202427,2.3350375215522945,-1035507.2287042254,-1253587.3310556363,0.0,-444183.3795727971,-459279.9876584633,1241505808.0381713,280571455641.2495,10.211022859904917,-1332886.194
85,tBu3,5.0,60,6.192920420202427,2.3350375215522945,-1035507.2287042254,-1253587.3310556363,0.0,-444183.3795727971,-459279.9876584633,1241505808.0381713,280571455641.2495,10.211022859904917,-1332886.194
85,tBu3,5.0,150,6.192920420202427,2.3350375215522945,-1035507.2287042254,-1253587.3310556363,0.0,-444183.3795727971,-459279.9876584633,1241505808.0381713,280571455641.2495,10.211022859904917,-1332886.194
85,tBu3,5.0,300,6.192920420202427,2.3350375215522945,-1035507.2287042254,-1253587.3310556363,0.0,-444183.3795727971,-459279.9876584633,1241505808.0381713,280571455641.2495,10.211022859904917,-1332886.194
85,tBu3,5.0,600,6.192920420202427,2.3350375215522945,-1035507.2287042254,-1253587.3310556363,0.0,-444183.3795727971,-459279.9876584633,1241505808.0381713,280571455641.2495,10.211022859904917,-1332886.194
85,tBu3,5.0,900,6.192920420202427,2.3350375215522945,-1035507.2287042254,-1253587.3310556363,0.0,-444183.3795727971,-459279.9876584633,1241505808.0381713,280571455641.2495,10.211022859904917,-1332886.194
85,XPhos,0.5,60,9.658911279169843,10.652223148848861,-1545788.059679771,-1763875.1411883512,0.0,-444183.3795727971,-459279.9876584633,9527699.03668363,2359746.6158612752,10.64990585995838,-1843175.627
85,XPhos,0.5,150,9.658911279169843,10.652223148848861,-1545788.059679771,-1763875.1411883512,0.0,-444183.3795727971,-459279.9876584633,9527699.03668363,2359746.6158612752,10.64990585995838,-1843175.627
85,XPhos,0.5,300,9.658911279169843,10.652223148848861,-1545788.059679771,-1763875.1411883512,0.0,-444183.3795727971,-459279.9876584633,9527699.03668363,2359746.6158612752,10.64990585995838,-1843175.627
85,XPhos,0.5,600,9.658911279169843,10.652223148848861,-1545788.059679771,-1763875.1411883512,0.0,-444183.3795727971,-459279.9876584633,9527699.03668363,2359746.6158612752,10.64990585995838,-1843175.627
85,XPhos,0.5,900,9.658911279169843,10.652223148848861,-1545788.059679771,-1763875.1411883512,0.0,-444183.3795727971,-459279.9876584633,9527699.03668363,2359746.6158612752,10.64990585995838,-1843175.627
85,XPhos,1.25,60,9.658911279169843,10.652223148848861,-1545788.059679771,-1763875.1411883512,0.0,-444183.3795727971,-459279.9876584633,9527699.03668363,2359746.6158612752,10.64990585995838,-1843175.627
85,XPhos,1.25,150,9.658911279169843,10.652223148848861,-1545788.059679771,-1763875.1411883512,0.0,-444183.3795727971,-459279.9876584633,9527699.03668363,2359746.6158612752,10.64990585995838,-1843175.627
85,XPhos,1.25,300,9.658911279169843,10.652223148848861,-1545788.059679771,-1763875.1411883512,0.0,-444183.3795727971,-459279.9876584633,9527699.03668363,2359746.6158612752,10.64990585995838,-1843175.627
85,XPhos,1.25,600,9.658911279169843,10.652223148848861,-1545788.059679771,-1763875.1411883512,0.0,-444183.3795727971,-459279.9876584633,9527699.03668363,2359746.6158612752,10.64990585995838,-1843175.627
85,XPhos,1.25,900,9.658911279169843,10.652223148848861,-1545788.059679771,-1763875.1411883512,0.0,-444183.3795727971,-459279.9876584633,9527699.03668363,2359746.6158612752,10.64990585995838,-1843175.627
85,XPhos,2.5,60,9.658911279169843,10.652223148848861,-1545788.059679771,-1763875.1411883512,0.0,-444183.3795727971,-459279.9876584633,9527699.03668363,2359746.6158612752,10.64990585995838,-1843175.627
85,XPhos,2.5,150,9.658911279169843,10.652223148848861,-1545788.059679771,-1763875.1411883512,0.0,-444183.3795727971,-459279.9876584633,9527699.03668363,2359746.6158612752,10.64990585995838,-1843175.627
85,XPhos,2.5,300,9.658911279169843,10.652223148848861,-1545788.059679771,-1763875.1411883512,0.0,-444183.3795727971,-459279.9876584633,9527699.03668363,2359746.6158612752,10.64990585995838,-1843175.627
85,XPhos,2.5,600,9.658911279169843,10.652223148848861,-1545788.059679771,-1763875.1411883512,0.0,-444183.3795727971,-459279.9876584633,9527699.03668363,2359746.6158612752,10.64990585995838,-1843175.627
85,XPhos,2.5,900,9.658911279169843,10.652223148848861,-1545788.059679771,-1763875.1411883512,0.0,-444183.3795727971,-459279.9876584633,9527699.03668363,2359746.6158612752,10.64990585995838,-1843175.627
85,XPhos,5.0,60,9.658911279169843,10.652223148848861,-1545788.059679771,-1763875.1411883512,0.0,-444183.3795727971,-459279.9876584633,9527699.03668363,2359746.6158612752,10.64990585995838,-1843175.627
85,XPhos,5.0,150,9.658911279169843,10.652223148848861,-1545788.059679771,-1763875.1411883512,0.0,-444183.3795727971,-459279.9876584633,9527699.03668363,2359746.6158612752,10.64990585995838,-1843175.627
85,XPhos,5.0,300,9.658911279169843,10.652223148848861,-1545788.059679771,-1763875.1411883512,0.0,-444183.3795727971,-459279.9876584633,9527699.03668363,2359746.6158612752,10.64990585995838,-1843175.627
85,XPhos,5.0,600,9.658911279169843,10.652223148848861,-1545788.059679771,-1763875.1411883512,0.0,-444183.3795727971,-459279.9876584633,9527699.03668363,2359746.6158612752,10.64990585995838,-1843175.627
85,XPhos,5.0,900,9.658911279169843,10.652223148848861,-1545788.059679771,-1763875.1411883512,0.0,-444183.3795727971,-459279.9876584633,9527699.03668363,2359746.6158612752,10.64990585995838,-1843175.627
90,PCy3,0.5,60,7.250434421934187,15.623461617389694,-1181209.021445404,-1399289.280377695,0.0,-444183.7832555871,-459280.6732924233,327782387.80955976,2996.947120354819,11.540260799927635,-1478598.247
90,PCy3,0.5,150,7.250434421934187,15.623461617389694,-1181209.021445404,-1399289.280377695,0.0,-444183.7832555871,-459280.6732924233,327782387.80955976,2996.947120354819,11.540260799927635,-1478598.247
90,PCy3,0.5,300,7.250434421934187,15.623461617389694,-1181209.021445404,-1399289.280377695,0.0,-444183.7832555871,-459280.6732924233,327782387.80955976,2996.947120354819,11.540260799927635,-1478598.247
90,PCy3,0.5,600,7.250434421934187,15.623461617389694,-1181209.021445404,-1399289.280377695,0.0,-444183.7832555871,-459280.6732924233,327782387.80955976,2996.947120354819,11.540260799927635,-1478598.247
90,PCy3,0.5,900,7.250434421934187,15.623461617389694,-1181209.021445404,-1399289.280377695,0.0,-444183.7832555871,-459280.6732924233,327782387.80955976,2996.947120354819,11.540260799927635,-1478598.247
90,PCy3,1.25,60,7.250434421934187,15.623461617389694,-1181209.021445404,-1399289.280377695,0.0,-444183.7832555871,-459280.6732924233,327782387.80955976,2996.947120354819,11.540260799927635,-1478598.247
90,PCy3,1.25,150,7.250434421934187,15.623461617389694,-1181209.021445404,-1399289.280377695,0.0,-444183.7832555871,-459280.6732924233,327782387.80955976,2996.947120354819,11.540260799927635,-1478598.247
90,PCy3,1.25,300,7.250434421934187,15.623461617389694,-1181209.021445404,-1399289.280377695,0.0,-444183.7832555871,-459280.6732924233,327782387.80955976,2996.947120354819,11.540260799927635,-1478598.247
90,PCy3,1.25,600,7.250434421934187,15.623461617389694,-1181209.021445404,-1399289.280377695,0.0,-444183.7832555871,-459280.6732924233,327782387.80955976,2996.947120354819,11.540260799927635,-1478598.247
90,PCy3,1.25,900,7.250434421934187,15.623461617389694,-1181209.021445404,-1399289.280377695,0.0,-444183.7832555871,-459280.6732924233,327782387.80955976,2996.947120354819,11.540260799927635,-1478598.247
90,PCy3,2.5,60,7.250434421934187,15.623461617389694,-1181209.021445404,-1399289.280377695,0.0,-444183.7832555871,-459280.6732924233,327782387.80955976,2996.947120354819,11.540260799927635,-1478598.247
90,PCy3,2.5,150,7.250434421934187,15.623461617389694,-1181209.021445404,-1399289.280377695,0.0,-444183.7832555871,-459280.6732924233,327782387.80955976,2996.947120354819,11.540260799927635,-1478598.247
90,PCy3,2.5,300,7.250434421934187,15.623461617389694,-1181209.021445404,-1399289.280377695,0.0,-444183.7832555871,-459280.6732924233,327782387.80955976,2996.947120354819,11.540260799927635,-1478598.247
90,PCy3,2.5,600,7.250434421934187,15.623461617389694,-1181209.021445404,-1399289.280377695,0.0,-444183.7832555871,-459280.6732924233,327782387.80955976,2996.947120354819,11.540260799927635,-1478598.247
90,PCy3,2.5,900,7.250434421934187,15.623461617389694,-1181209.021445404,-1399289.280377695,0.0,-444183.7832555871,-459280.6732924233,327782387.80955976,2996.947120354819,11.540260799927635,-1478598.247
90,PCy3,5.0,60,7.250434421934187,15.623461617389694,-1181209.021445404,-1399289.280377695,0.0,-444183.7832555871,-459280.6732924233,327782387.80955976,2996.947120354819,11.540260799927635,-1478598.247
90,PCy3,5.0,150,7.250434421934187,15.623461617389694,-1181209.021445404,-1399289.280377695,0.0,-444183.7832555871,-459280.6732924233,327782387.80955976,2996.947120354819,11.540260799927635,-1478598.247
90,PCy3,5.0,300,7.250434421934187,15.623461617389694,-1181209.021445404,-1399289.280377695,0.0,-444183.7832555871,-459280.6732924233,327782387.80955976,2996.947120354819,11.540260799927635,-1478598.247
90,PCy3,5.0,600,7.250434421934187,15.623461617389694,-1181209.021445404,-1399289.280377695,0.0,-444183.7832555871,-459280.6732924233,327782387.80955976,2996.947120354819,11.540260799927635,-1478598.247
90,PCy3,5.0,900,7.250434421934187,15.623461617389694,-1181209.021445404,-1399289.280377695,0.0,-444183.7832555871,-459280.6732924233,327782387.80955976,2996.947120354819,11.540260799927635,-1478598.247
90,PPh3,0.5,60,7.36661971360445,8.58353101904504,-1174569.325877972,-1392654.503304221,0.0,-444183.7832555871,-459280.6732924233,279039089.18806523,51680308.12636762,8.810080769471824,-1471958.915
90,PPh3,0.5,150,7.36661971360445,8.58353101904504,-1174569.325877972,-1392654.503304221,0.0,-444183.7832555871,-459280.6732924233,279039089.18806523,51680308.12636762,8.810080769471824,-1471958.915
90,PPh3,0.5,300,7.36661971360445,8.58353101904504,-1174569.325877972,-1392654.503304221,0.0,-444183.7832555871,-459280.6732924233,279039089.18806523,51680308.12636762,8.810080769471824,-1471958.915
90,PPh3,0.5,600,7.36661971360445,8.58353101904504,-1174569.325877972,-1392654.503304221,0.0,-444183.7832555871,-459280.6732924233,279039089.18806523,51680308.12636762,8.810080769471824,-1471958.915
90,PPh3,0.5,900,7.36661971360445,8.58353101904504,-1174569.325877972,-1392654.503304221,0.0,-444183.7832555871,-459280.6732924233,279039089.18806523,51680308.12636762,8.810080769471824,-1471958.915
90,PPh3,1.25,60,7.36661971360445,8.58353101904504,-1174569.325877972,-1392654.503304221,0.0,-444183.7832555871,-459280.6732924233,279039089.18806523,51680308.12636762,8.810080769471824,-1471958.915
90,PPh3,1.25,150,7.36661971360445,8.58353101904504,-1174569.325877972,-1392654.503304221,0.0,-444183.7832555871,-459280.6732924233,279039089.18806523,51680308.12636762,8.810080769471824,-1471958.915
90,PPh3,1.25,300,7.36661971360445,8.58353101904504,-1174569.325877972,-1392654.503304221,0.0,-444183.7832555871,-459280.6732924233,279039089.18806523,51680308.12636762,8.810080769471824,-1471958.915
90,PPh3,1.25,600,7.36661971360445,8.58353101904504,-1174569.325877972,-1392654.503304221,0.0,-444183.7832555871,-459280.6732924233,279039089.18806523,51680308.12636762,8.810080769471824,-1471958.915
90,PPh3,1.25,900,7.36661971360445,8.58353101904504,-1174569.325877972,-1392654.503304221,0.0,-444183.7832555871,-459280.6732924233,279039089.18806523,51680308.12636762,8.810080769471824,-1471958.915
90,PPh3,2.5,60,7.36661971360445,8.58353101904504,-1174569.325877972,-1392654.503304221,0.0,-444183.7832555871,-459280.6732924233,279039089.18806523,51680308.12636762,8.810080769471824,-1471958.915
90,PPh3,2.5,150,7.36661971360445,8.58353101904504,-1174569.325877972,-1392654.503304221,0.0,-444183.7832555871,-459280.6732924233,279039089.18806523,51680308.12636762,8.810080769471824,-1471958.915
90,PPh3,2.5,300,7.36661971360445,8.58353101904504,-1174569.325877972,-1392654.503304221,0.0,-444183.7832555871,-459280.6732924233,279039089.18806523,51680308.12636762,8.810080769471824,-1471958.915
90,PPh3,2.5,600,7.36661971360445,8.58353101904504,-1174569.325877972,-1392654.503304221,0.0,-444183.7832555871,-459280.6732924233,279039089.18806523,51680308.12636762,8.810080769471824,-1471958.915
90,PPh3,2.5,900,7.36661971360445,8.58353101904504,-1174569.325877972,-1392654.503304221,0.0,-444183.7832555871,-459280.6732924233,279039089.18806523,51680308.12636762,8.810080769471824,-1471958.915
90,PPh3,5.0,60,7.36661971360445,8.58353101904504,-1174569.325877972,-1392654.503304221,0.0,-444183.7832555871,-459280.6732924233,279039089.18806523,51680308.12636762,8.810080769471824,-1471958.915
90,PPh3,5.0,150,7.36661971360445,8.58353101904504,-1174569.325877972,-1392654.503304221,0.0,-444183.7832555871,-459280.6732924233,279039089.18806523,51680308.12636762,8.810080769471824,-1471958.915
90,PPh3,5.0,300,7.36661971360445,8.58353101904504,-1174569.325877972,-1392654.503304221,0.0,-444183.7832555871,-459280.6732924233,279039089.18806523,51680308.12636762,8.810080769471824,-1471958.915
90,PPh3,5.0,600,7.36661971360445,8.58353101904504,-1174569.325877972,-1392654.503304221,0.0,-444183.7832555871,-459280.6732924233,279039089.18806523,51680308.12636762,8.810080769471824,-1471958.915
90,PPh3,5.0,900,7.36661971360445,8.58353101904504,-1174569.325877972,-1392654.503304221,0.0,-444183.7832555871,-459280.6732924233,279039089.18806523,51680308.12636762,8.810080769471824,-1471958.915
90,AmPhos,0.5,60,7.772972056176513,5.879861411172897,-1448661.5365463,-1666745.0114768487,0.0,-444183.7832555871,-459280.6732924233,158899047.92967576,2189775158.43863,10.114754140144214,-1746043.333
90,AmPhos,0.5,150,7.772972056176513,5.879861411172897,-1448661.5365463,-1666745.0114768487,0.0,-444183.7832555871,-459280.6732924233,158899047.92967576,2189775158.43863,10.114754140144214,-1746043.333
90,AmPhos,0.5,300,7.772972056176513,5.879861411172897,-1448661.5365463,-1666745.0114768487,0.0,-444183.7832555871,-459280.6732924233,158899047.92967576,2189775158.43863,10.114754140144214,-1746043.333
90,AmPhos,0.5,600,7.772972056176513,5.879861411172897,-1448661.5365463,-1666745.0114768487,0.0,-444183.7832555871,-459280.6732924233,158899047.92967576,2189775158.43863,10.114754140144214,-1746043.333
90,AmPhos,0.5,900,7.772972056176513,5.879861411172897,-1448661.5365463,-1666745.0114768487,0.0,-444183.7832555871,-459280.6732924233,158899047.92967576,2189775158.43863,10.114754140144214,-1746043.333
90,AmPhos,1.25,60,7.772972056176513,5.879861411172897,-1448661.5365463,-1666745.0114768487,0.0,-444183.7832555871,-459280.6732924233,158899047.92967576,2189775158.43863,10.114754140144214,-1746043.333
90,AmPhos,1.25,150,7.772972056176513,5.879861411172897,-1448661.5365463,-1666745.0114768487,0.0,-444183.7832555871,-459280.6732924233,158899047.92967576,2189775158.43863,10.114754140144214,-1746043.333
90,AmPhos,1.25,300,7.772972056176513,5.879861411172897,-1448661.5365463,-1666745.0114768487,0.0,-444183.7832555871,-459280.6732924233,158899047.92967576,2189775158.43863,10.114754140144214,-1746043.333
90,AmPhos,1.25,600,7.772972056176513,5.879861411172897,-1448661.5365463,-1666745.0114768487,0.0,-444183.7832555871,-459280.6732924233,158899047.92967576,2189775158.43863,10.114754140144214,-1746043.333
90,AmPhos,1.25,900,7.772972056176513,5.879861411172897,-1448661.5365463,-1666745.0114768487,0.0,-444183.7832555871,-459280.6732924233,158899047.92967576,2189775158.43863,10.114754140144214,-1746043.333
90,AmPhos,2.5,60,7.772972056176513,5.879861411172897,-1448661.5365463,-1666745.0114768487,0.0,-444183.7832555871,-459280.6732924233,158899047.92967576,2189775158.43863,10.114754140144214,-1746043.333
90,AmPhos,2.5,150,7.772972056176513,5.879861411172897,-1448661.5365463,-1666745.0114768487,0.0,-444183.7832555871,-459280.6732924233,158899047.92967576,2189775158.43863,10.114754140144214,-1746043.333
90,AmPhos,2.5,300,7.772972056176513,5.879861411172897,-1448661.5365463,-1666745.0114768487,0.0,-444183.7832555871,-459280.6732924233,158899047.92967576,2189775158.43863,10.114754140144214,-1746043.333
90,AmPhos,2.5,600,7.772972056176513,5.879861411172897,-1448661.5365463,-1666745.0114768487,0.0,-444183.7832555871,-459280.6732924233,158899047.92967576,2189775158.43863,10.114754140144214,-1746043.333
90,AmPhos,2.5,900,7.772972056176513,5.879861411172897,-1448661.5365463,-1666745.0114768487,0.0,-444183.7832555871,-459280.6732924233,158899047.92967576,2189775158.43863,10.114754140144214,-1746043.333
90,AmPhos,5.0,60,7.772972056176513,5.879861411172897,-1448661.5365463,-1666745.0114768487,0.0,-444183.7832555871,-459280.6732924233,158899047.92967576,2189775158.43863,10.114754140144214,-1746043.333
90,AmPhos,5.0,150,7.772972056176513,5.879861411172897,-1448661.5365463,-1666745.0114768487,0.0,-444183.7832555871,-459280.6732924233,158899047.92967576,2189775158.43863,10.114754140144214,-1746043.333
90,AmPhos,5.0,300,7.772972056176513,5.879861411172897,-1448661.5365463,-1666745.0114768487,0.0,-444183.7832555871,-459280.6732924233,158899047.92967576,2189775158.43863,10.114754140144214,-1746043.333
90,AmPhos,5.0,600,7.772972056176513,5.879861411172897,-1448661.5365463,-1666745.0114768487,0.0,-444183.7832555871,-459280.6732924233,158899047.92967576,2189775158.43863,10.114754140144214,-1746043.333
90,AmPhos,5.0,900,7.772972056176513,5.879861411172897,-1448661.5365463,-1666745.0114768487,0.0,-444183.7832555871,-459280.6732924233,158899047.92967576,2189775158.43863,10.114754140144214,-1746043.333
90,RuPhos,0.5,60,18.44885087525472,15.902559178648517,-1566248.995358395,-1784334.1932323114,0.0,-444183.7832555871,-459280.6732924233,59.75214379248784,2035.7176503557635,10.40157665964216,-1863642.757
90,RuPhos,0.5,150,18.44885087525472,15.902559178648517,-1566248.995358395,-1784334.1932323114,0.0,-444183.7832555871,-459280.6732924233,59.75214379248784,2035.7176503557635,10.40157665964216,-1863642.757
90,RuPhos,0.5,300,18.44885087525472,15.902559178648517,-1566248.995358395,-1784334.1932323114,0.0,-444183.7832555871,-459280.6732924233,59.75214379248784,2035.7176503557635,10.40157665964216,-1863642.757
90,RuPhos,0.5,600,18.44885087525472,15.902559178648517,-1566248.995358395,-1784334.1932323114,0.0,-444183.7832555871,-459280.6732924233,59.75214379248784,2035.7176503557635,10.40157665964216,-1863642.757
90,RuPhos,0.5,900,18.44885087525472,15.902559178648517,-1566248.995358395,-1784334.1932323114,0.0,-444183.7832555871,-459280.6732924233,59.75214379248784,2035.7176503557635,10.40157665964216,-1863642.757
90,RuPhos,1.25,60,18.44885087525472,15.902559178648517,-1566248.995358395,-1784334.1932323114,0.0,-444183.7832555871,-459280.6732924233,59.75214379248784,2035.7176503557635,10.40157665964216,-1863642.757
90,RuPhos,1.25,150,18.44885087525472,15.902559178648517,-1566248.995358395,-1784334.1932323114,0.0,-444183.7832555871,-459280.6732924233,59.75214379248784,2035.7176503557635,10.40157665964216,-1863642.757
90,RuPhos,1.25,300,18.44885087525472,15.902559178648517,-1566248.995358395,-1784334.1932323114,0.0,-444183.7832555871,-459280.6732924233,59.75214379248784,2035.7176503557635,10.40157665964216,-1863642.757
90,RuPhos,1.25,600,18.44885087525472,15.902559178648517,-1566248.995358395,-1784334.1932323114,0.0,-444183.7832555871,-459280.6732924233,59.75214379248784,2035.7176503557635,10.40157665964216,-1863642.757
90,RuPhos,1.25,900,18.44885087525472,15.902559178648517,-1566248.995358395,-1784334.1932323114,0.0,-444183.7832555871,-459280.6732924233,59.75214379248784,2035.7176503557635,10.40157665964216,-1863642.757
90,RuPhos,2.5,60,18.44885087525472,15.902559178648517,-1566248.995358395,-1784334.1932323114,0.0,-444183.7832555871,-459280.6732924233,59.75214379248784,2035.7176503557635,10.40157665964216,-1863642.757
90,RuPhos,2.5,150,18.44885087525472,15.902559178648517,-1566248.995358395,-1784334.1932323114,0.0,-444183.7832555871,-459280.6732924233,59.75214379248784,2035.7176503557635,10.40157665964216,-1863642.757
90,RuPhos,2.5,300,18.44885087525472,15.902559178648517,-1566248.995358395,-1784334.1932323114,0.0,-444183.7832555871,-459280.6732924233,59.75214379248784,2035.7176503557635,10.40157665964216,-1863642.757
90,RuPhos,2.5,600,18.44885087525472,15.902559178648517,-1566248.995358395,-1784334.1932323114,0.0,-444183.7832555871,-459280.6732924233,59.75214379248784,2035.7176503557635,10.40157665964216,-1863642.757
90,RuPhos,2.5,900,18.44885087525472,15.902559178648517,-1566248.995358395,-1784334.1932323114,0.0,-444183.7832555871,-459280.6732924233,59.75214379248784,2035.7176503557635,10.40157665964216,-1863642.757
90,RuPhos,5.0,60,18.44885087525472,15.902559178648517,-1566248.995358395,-1784334.1932323114,0.0,-444183.7832555871,-459280.6732924233,59.75214379248784,2035.7176503557635,10.40157665964216,-1863642.757
90,RuPhos,5.0,150,18.44885087525472,15.902559178648517,-1566248.995358395,-1784334.1932323114,0.0,-444183.7832555871,-459280.6732924233,59.75214379248784,2035.7176503557635,10.40157665964216,-1863642.757
90,RuPhos,5.0,300,18.44885087525472,15.902559178648517,-1566248.995358395,-1784334.1932323114,0.0,-444183.7832555871,-459280.6732924233,59.75214379248784,2035.7176503557635,10.40157665964216,-1863642.757
90,RuPhos,5.0,600,18.44885087525472,15.902559178648517,-1566248.995358395,-1784334.1932323114,0.0,-444183.7832555871,-459280.6732924233,59.75214379248784,2035.7176503557635,10.40157665964216,-1863642.757
90,RuPhos,5.0,900,18.44885087525472,15.902559178648517,-1566248.995358395,-1784334.1932323114,0.0,-444183.7832555871,-459280.6732924233,59.75214379248784,2035.7176503557635,10.40157665964216,-1863642.757
90,SPhos,0.5,60,14.460117997834459,13.216914504067972,-1467648.1605042263,-1685729.379576646,0.0,-444183.7832555871,-459280.6732924233,15023.872109372905,84128.7676441272,11.323033209890127,-1765038.719
90,SPhos,0.5,150,14.460117997834459,13.216914504067972,-1467648.1605042263,-1685729.379576646,0.0,-444183.7832555871,-459280.6732924233,15023.872109372905,84128.7676441272,11.323033209890127,-1765038.719
90,SPhos,0.5,300,14.460117997834459,13.216914504067972,-1467648.1605042263,-1685729.379576646,0.0,-444183.7832555871,-459280.6732924233,15023.872109372905,84128.7676441272,11.323033209890127,-1765038.719
90,SPhos,0.5,600,14.460117997834459,13.216914504067972,-1467648.1605042263,-1685729.379576646,0.0,-444183.7832555871,-459280.6732924233,15023.872109372905,84128.7676441272,11.323033209890127,-1765038.719
90,SPhos,0.5,900,14.460117997834459,13.216914504067972,-1467648.1605042263,-1685729.379576646,0.0,-444183.7832555871,-459280.6732924233,15023.872109372905,84128.7676441272,11.323033209890127,-1765038.719
90,SPhos,1.25,60,14.460117997834459,13.216914504067972,-1467648.1605042263,-1685729.379576646,0.0,-444183.7832555871,-459280.6732924233,15023.872109372905,84128.7676441272,11.323033209890127,-1765038.719
90,SPhos,1.25,150,14.460117997834459,13.216914504067972,-1467648.1605042263,-1685729.379576646,0.0,-444183.7832555871,-459280.6732924233,15023.872109372905,84128.7676441272,11.323033209890127,-1765038.719
90,SPhos,1.25,300,14.460117997834459,13.216914504067972,-1467648.1605042263,-1685729.379576646,0.0,-444183.7832555871,-459280.6732924233,15023.872109372905,84128.7676441272,11.323033209890127,-1765038.719
90,SPhos,1.25,600,14.460117997834459,13.216914504067972,-1467648.1605042263,-1685729.379576646,0.0,-444183.7832555871,-459280.6732924233,15023.872109372905,84128.7676441272,11.323033209890127,-1765038.719
90,SPhos,1.25,900,14.460117997834459,13.216914504067972,-1467648.1605042263,-1685729.379576646,0.0,-444183.7832555871,-459280.6732924233,15023.872109372905,84128.7676441272,11.323033209890127,-1765038.719
90,SPhos,2.5,60,14.460117997834459,13.216914504067972,-1467648.1605042263,-1685729.379576646,0.0,-444183.7832555871,-459280.6732924233,15023.872109372905,84128.7676441272,11.323033209890127,-1765038.719
90,SPhos,2.5,150,14.460117997834459,13.216914504067972,-1467648.1605042263,-1685729.379576646,0.0,-444183.7832555871,-459280.6732924233,15023.872109372905,84128.7676441272,11.323033209890127,-1765038.719
90,SPhos,2.5,300,14.460117997834459,13.216914504067972,-1467648.1605042263,-1685729.379576646,0.0,-444183.7832555871,-459280.6732924233,15023.872109372905,84128.7676441272,11.323033209890127,-1765038.719
90,SPhos,2.5,600,14.460117997834459,13.216914504067972,-1467648.1605042263,-1685729.379576646,0.0,-444183.7832555871,-459280.6732924233,15023.872109372905,84128.7676441272,11.323033209890127,-1765038.719
90,SPhos,2.5,900,14.460117997834459,13.216914504067972,-1467648.1605042263,-1685729.379576646,0.0,-444183.7832555871,-459280.6732924233,15023.872109372905,84128.7676441272,11.323033209890127,-1765038.719
90,SPhos,5.0,60,14.460117997834459,13.216914504067972,-1467648.1605042263,-1685729.379576646,0.0,-444183.7832555871,-459280.6732924233,15023.872109372905,84128.7676441272,11.323033209890127,-1765038.719
90,SPhos,5.0,150,14.460117997834459,13.216914504067972,-1467648.1605042263,-1685729.379576646,0.0,-444183.7832555871,-459280.6732924233,15023.872109372905,84128.7676441272,11.323033209890127,-1765038.719
90,SPhos,5.0,300,14.460117997834459,13.216914504067972,-1467648.1605042263,-1685729.379576646,0.0,-444183.7832555871,-459280.6732924233,15023.872109372905,84128.7676441272,11.323033209890127,-1765038.719
90,SPhos,5.0,600,14.460117997834459,13.216914504067972,-1467648.1605042263,-1685729.379576646,0.0,-444183.7832555871,-459280.6732924233,15023.872109372905,84128.7676441272,11.323033209890127,-1765038.719
90,SPhos,5.0,900,14.460117997834459,13.216914504067972,-1467648.1605042263,-1685729.379576646,0.0,-444183.7832555871,-459280.6732924233,15023.872109372905,84128.7676441272,11.323033209890127,-1765038.719
90,tBu3,0.5,60,6.197412280365825,2.3418479312676936,-1035508.1673165852,-1253588.6650090865,0.0,-444183.7832555871,-459280.6732924233,1410251920.408977,294838346816.1321,10.211022860137746,-1332887.381
90,tBu3,0.5,150,6.197412280365825,2.3418479312676936,-1035508.1673165852,-1253588.6650090865,0.0,-444183.7832555871,-459280.6732924233,1410251920.408977,294838346816.1321,10.211022860137746,-1332887.381
90,tBu3,0.5,300,6.197412280365825,2.3418479312676936,-1035508.1673165852,-1253588.6650090865,0.0,-444183.7832555871,-459280.6732924233,1410251920.408977,294838346816.1321,10.211022860137746,-1332887.381
90,tBu3,0.5,600,6.197412280365825,2.3418479312676936,-1035508.1673165852,-1253588.6650090865,0.0,-444183.7832555871,-459280.6732924233,1410251920.408977,294838346816.1321,10.211022860137746,-1332887.381
90,tBu3,0.5,900,6.197412280365825,2.3418479312676936,-1035508.1673165852,-1253588.6650090865,0.0,-444183.7832555871,-459280.6732924233,1410251920.408977,294838346816.1321,10.211022860137746,-1332887.381
90,tBu3,1.25,60,6.197412280365825,2.3418479312676936,-1035508.1673165852,-1253588.6650090865,0.0,-444183.7832555871,-459280.6732924233,1410251920.408977,294838346816.1321,10.211022860137746,-1332887.381
90,tBu3,1.25,150,6.197412280365825,2.3418479312676936,-1035508.1673165852,-1253588.6650090865,0.0,-444183.7832555871,-459280.6732924233,1410251920.408977,294838346816.1321,10.211022860137746,-1332887.381
90,tBu3,1.25,300,6.197412280365825,2.3418479312676936,-1035508.1673165852,-1253588.6650090865,0.0,-444183.7832555871,-459280.6732924233,1410251920.408977,294838346816.1321,10.211022860137746,-1332887.381
90,tBu3,1.25,600,6.197412280365825,2.3418479312676936,-1035508.1673165852,-1253588.6650090865,0.0,-444183.7832555871,-459280.6732924233,1410251920.408977,294838346816.1321,10.211022860137746,-1332887.381
90,tBu3,1.25,900,6.197412280365825,2.3418479312676936,-1035508.1673165852,-1253588.6650090865,0.0,-444183.7832555871,-459280.6732924233,1410251920.408977,294838346816.1321,10.211022860137746,-1332887.381
90,tBu3,2.5,60,6.197412280365825,2.3418479312676936,-1035508.1673165852,-1253588.6650090865,0.0,-444183.7832555871,-459280.6732924233,1410251920.408977,294838346816.1321,10.211022860137746,-1332887.381
90,tBu3,2.5,150,6.197412280365825,2.3418479312676936,-1035508.1673165852,-1253588.6650090865,0.0,-444183.7832555871,-459280.6732924233,1410251920.408977,294838346816.1321,10.211022860137746,-1332887.381
90,tBu3,2.5,300,6.197412280365825,2.3418479312676936,-1035508.1673165852,-1253588.6650090865,0.0,-444183.7832555871,-459280.6732924233,1410251920.408977,294838346816.1321,10.211022860137746,-1332887.381
90,tBu3,2.5,600,6.197412280365825,2.3418479312676936,-1035508.1673165852,-1253588.6650090865,0.0,-444183.7832555871,-459280.6732924233,1410251920.408977,294838346816.1321,10.211022860137746,-1332887.381
90,tBu3,2.5,900,6.197412280365825,2.3418479312676936,-1035508.1673165852,-1253588.6650090865,0.0,-444183.7832555871,-459280.6732924233,1410251920.408977,294838346816.1321,10.211022860137746,-1332887.381
90,tBu3,5.0,60,6.197412280365825,2.3418479312676936,-1035508.1673165852,-1253588.6650090865,0.0,-444183.7832555871,-459280.6732924233,1410251920.408977,294838346816.1321,10.211022860137746,-1332887.381
90,tBu3,5.0,150,6.197412280365825,2.3418479312676936,-1035508.1673165852,-1253588.6650090865,0.0,-444183.7832555871,-459280.6732924233,1410251920.408977,294838346816.1321,10.211022860137746,-1332887.381
90,tBu3,5.0,300,6.197412280365825,2.3418479312676936,-1035508.1673165852,-1253588.6650090865,0.0,-444183.7832555871,-459280.6732924233,1410251920.408977,294838346816.1321,10.211022860137746,-1332887.381
90,tBu3,5.0,600,6.197412280365825,2.3418479312676936,-1035508.1673165852,-1253588.6650090865,0.0,-444183.7832555871,-459280.6732924233,1410251920.408977,294838346816.1321,10.211022860137746,-1332887.381
90,tBu3,5.0,900,6.197412280365825,2.3418479312676936,-1035508.1673165852,-1253588.6650090865,0.0,-444183.7832555871,-459280.6732924233,1410251920.408977,294838346816.1321,10.211022860137746,-1332887.381
90,XPhos,0.5,60,9.903775429353118,10.663170099025592,-1545789.478945881,-1763876.954146601,0.0,-444183.7832555871,-459280.6732924233,8294668.784778856,2895967.171676029,10.64990585995838,-1843177.292
90,XPhos,0.5,150,9.903775429353118,10.663170099025592,-1545789.478945881,-1763876.954146601,0.0,-444183.7832555871,-459280.6732924233,8294668.784778856,2895967.171676029,10.64990585995838,-1843177.292
90,XPhos,0.5,300,9.903775429353118,10.663170099025592,-1545789.478945881,-1763876.954146601,0.0,-444183.7832555871,-459280.6732924233,8294668.784778856,2895967.171676029,10.64990585995838,-1843177.292
90,XPhos,0.5,600,9.903775429353118,10.663170099025592,-1545789.478945881,-1763876.954146601,0.0,-444183.7832555871,-459280.6732924233,8294668.784778856,2895967.171676029,10.64990585995838,-1843177.292
90,XPhos,0.5,900,9.903775429353118,10.663170099025592,-1545789.478945881,-1763876.954146601,0.0,-444183.7832555871,-459280.6732924233,8294668.784778856,2895967.171676029,10.64990585995838,-1843177.292
90,XPhos,1.25,60,9.903775429353118,10.663170099025592,-1545789.478945881,-1763876.954146601,0.0,-444183.7832555871,-459280.6732924233,8294668.784778856,2895967.171676029,10.64990585995838,-1843177.292
90,XPhos,1.25,150,9.903775429353118,10.663170099025592,-1545789.478945881,-1763876.954146601,0.0,-444183.7832555871,-459280.6732924233,8294668.784778856,2895967.171676029,10.64990585995838,-1843177.292
90,XPhos,1.25,300,9.903775429353118,10.663170099025592,-1545789.478945881,-1763876.954146601,0.0,-444183.7832555871,-459280.6732924233,8294668.784778856,2895967.171676029,10.64990585995838,-1843177.292
90,XPhos,1.25,600,9.903775429353118,10.663170099025592,-1545789.478945881,-1763876.954146601,0.0,-444183.7832555871,-459280.6732924233,8294668.784778856,2895967.171676029,10.64990585995838,-1843177.292
90,XPhos,1.25,900,9.903775429353118,10.663170099025592,-1545789.478945881,-1763876.954146601,0.0,-444183.7832555871,-459280.6732924233,8294668.784778856,2895967.171676029,10.64990585995838,-1843177.292
90,XPhos,2.5,60,9.903775429353118,10.663170099025592,-1545789.478945881,-1763876.954146601,0.0,-444183.7832555871,-459280.6732924233,8294668.784778856,2895967.171676029,10.64990585995838,-1843177.292
90,XPhos,2.5,150,9.903775429353118,10.663170099025592,-1545789.478945881,-1763876.954146601,0.0,-444183.7832555871,-459280.6732924233,8294668.784778856,2895967.171676029,10.64990585995838,-1843177.292
90,XPhos,2.5,300,9.903775429353118,10.663170099025592,-1545789.478945881,-1763876.954146601,0.0,-444183.7832555871,-459280.6732924233,8294668.784778856,2895967.171676029,10.64990585995838,-1843177.292
90,XPhos,2.5,600,9.903775429353118,10.663170099025592,-1545789.478945881,-1763876.954146601,0.0,-444183.7832555871,-459280.6732924233,8294668.784778856,2895967.171676029,10.64990585995838,-1843177.292
90,XPhos,2.5,900,9.903775429353118,10.663170099025592,-1545789.478945881,-1763876.954146601,0.0,-444183.7832555871,-459280.6732924233,8294668.784778856,2895967.171676029,10.64990585995838,-1843177.292
90,XPhos,5.0,60,9.903775429353118,10.663170099025592,-1545789.478945881,-1763876.954146601,0.0,-444183.7832555871,-459280.6732924233,8294668.784778856,2895967.171676029,10.64990585995838,-1843177.292
90,XPhos,5.0,150,9.903775429353118,10.663170099025592,-1545789.478945881,-1763876.954146601,0.0,-444183.7832555871,-459280.6732924233,8294668.784778856,2895967.171676029,10.64990585995838,-1843177.292
90,XPhos,5.0,300,9.903775429353118,10.663170099025592,-1545789.478945881,-1763876.954146601,0.0,-444183.7832555871,-459280.6732924233,8294668.784778856,2895967.171676029,10.64990585995838,-1843177.292
90,XPhos,5.0,600,9.903775429353118,10.663170099025592,-1545789.478945881,-1763876.954146601,0.0,-444183.7832555871,-459280.6732924233,8294668.784778856,2895967.171676029,10.64990585995838,-1843177.292
90,XPhos,5.0,900,9.903775429353118,10.663170099025592,-1545789.478945881,-1763876.954146601,0.0,-444183.7832555871,-459280.6732924233,8294668.784778856,2895967.171676029,10.64990585995838,-1843177.292
95,PCy3,0.5,60,7.483122691977769,15.600924426922575,-1181210.045349194,-1399290.7237053553,0.0,-444184.1887689871,-459281.3638484633,277111197.40086144,4204.286100471907,11.55026079993695,-1478599.509
95,PCy3,0.5,150,7.483122691977769,15.600924426922575,-1181210.045349194,-1399290.7237053553,0.0,-444184.1887689871,-459281.3638484633,277111197.40086144,4204.286100471907,11.55026079993695,-1478599.509
95,PCy3,0.5,300,7.483122691977769,15.600924426922575,-1181210.045349194,-1399290.7237053553,0.0,-444184.1887689871,-459281.3638484633,277111197.40086144,4204.286100471907,11.55026079993695,-1478599.509
95,PCy3,0.5,600,7.483122691977769,15.600924426922575,-1181210.045349194,-1399290.7237053553,0.0,-444184.1887689871,-459281.3638484633,277111197.40086144,4204.286100471907,11.55026079993695,-1478599.509
95,PCy3,0.5,900,7.483122691977769,15.600924426922575,-1181210.045349194,-1399290.7237053553,0.0,-444184.1887689871,-459281.3638484633,277111197.40086144,4204.286100471907,11.55026079993695,-1478599.509
95,PCy3,1.25,60,7.483122691977769,15.600924426922575,-1181210.045349194,-1399290.7237053553,0.0,-444184.1887689871,-459281.3638484633,277111197.40086144,4204.286100471907,11.55026079993695,-1478599.509
95,PCy3,1.25,150,7.483122691977769,15.600924426922575,-1181210.045349194,-1399290.7237053553,0.0,-444184.1887689871,-459281.3638484633,277111197.40086144,4204.286100471907,11.55026079993695,-1478599.509
95,PCy3,1.25,300,7.483122691977769,15.600924426922575,-1181210.045349194,-1399290.7237053553,0.0,-444184.1887689871,-459281.3638484633,277111197.40086144,4204.286100471907,11.55026079993695,-1478599.509
95,PCy3,1.25,600,7.483122691977769,15.600924426922575,-1181210.045349194,-1399290.7237053553,0.0,-444184.1887689871,-459281.3638484633,277111197.40086144,4204.286100471907,11.55026079993695,-1478599.509
95,PCy3,1.25,900,7.483122691977769,15.600924426922575,-1181210.045349194,-1399290.7237053553,0.0,-444184.1887689871,-459281.3638484633,277111197.40086144,4204.286100471907,11.55026079993695,-1478599.509
95,PCy3,2.5,60,7.483122691977769,15.600924426922575,-1181210.045349194,-1399290.7237053553,0.0,-444184.1887689871,-459281.3638484633,277111197.40086144,4204.286100471907,11.55026079993695,-1478599.509
95,PCy3,2.5,150,7.483122691977769,15.600924426922575,-1181210.045349194,-1399290.7237053553,0.0,-444184.1887689871,-459281.3638484633,277111197.40086144,4204.286100471907,11.55026079993695,-1478599.509
95,PCy3,2.5,300,7.483122691977769,15.600924426922575,-1181210.045349194,-1399290.7237053553,0.0,-444184.1887689871,-459281.3638484633,277111197.40086144,4204.286100471907,11.55026079993695,-1478599.509
95,PCy3,2.5,600,7.483122691977769,15.600924426922575,-1181210.045349194,-1399290.7237053553,0.0,-444184.1887689871,-459281.3638484633,277111197.40086144,4204.286100471907,11.55026079993695,-1478599.509
95,PCy3,2.5,900,7.483122691977769,15.600924426922575,-1181210.045349194,-1399290.7237053553,0.0,-444184.1887689871,-459281.3638484633,277111197.40086144,4204.286100471907,11.55026079993695,-1478599.509
95,PCy3,5.0,60,7.483122691977769,15.600924426922575,-1181210.045349194,-1399290.7237053553,0.0,-444184.1887689871,-459281.3638484633,277111197.40086144,4204.286100471907,11.55026079993695,-1478599.509
95,PCy3,5.0,150,7.483122691977769,15.600924426922575,-1181210.045349194,-1399290.7237053553,0.0,-444184.1887689871,-459281.3638484633,277111197.40086144,4204.286100471907,11.55026079993695,-1478599.509
95,PCy3,5.0,300,7.483122691977769,15.600924426922575,-1181210.045349194,-1399290.7237053553,0.0,-444184.1887689871,-459281.3638484633,277111197.40086144,4204.286100471907,11.55026079993695,-1478599.509
95,PCy3,5.0,600,7.483122691977769,15.600924426922575,-1181210.045349194,-1399290.7237053553,0.0,-444184.1887689871,-459281.3638484633,277111197.40086144,4204.286100471907,11.55026079993695,-1478599.509
95,PCy3,5.0,900,7.483122691977769,15.600924426922575,-1181210.045349194,-1399290.7237053553,0.0,-444184.1887689871,-459281.3638484633,277111197.40086144,4204.286100471907,11.55026079993695,-1478599.509
95,PPh3,0.5,60,7.587962673511356,8.576060798950493,-1174570.2778607318,-1392655.861721601,0.0,-444184.1887689871,-459281.3638484633,240114303.0566574,62209171.21206936,8.810080769937485,-1471960.119
95,PPh3,0.5,150,7.587962673511356,8.576060798950493,-1174570.2778607318,-1392655.861721601,0.0,-444184.1887689871,-459281.3638484633,240114303.0566574,62209171.21206936,8.810080769937485,-1471960.119
95,PPh3,0.5,300,7.587962673511356,8.576060798950493,-1174570.2778607318,-1392655.861721601,0.0,-444184.1887689871,-459281.3638484633,240114303.0566574,62209171.21206936,8.810080769937485,-1471960.119
95,PPh3,0.5,600,7.587962673511356,8.576060798950493,-1174570.2778607318,-1392655.861721601,0.0,-444184.1887689871,-459281.3638484633,240114303.0566574,62209171.21206936,8.810080769937485,-1471960.119
95,PPh3,0.5,900,7.587962673511356,8.576060798950493,-1174570.2778607318,-1392655.861721601,0.0,-444184.1887689871,-459281.3638484633,240114303.0566574,62209171.21206936,8.810080769937485,-1471960.119
95,PPh3,1.25,60,7.587962673511356,8.576060798950493,-1174570.2778607318,-1392655.861721601,0.0,-444184.1887689871,-459281.3638484633,240114303.0566574,62209171.21206936,8.810080769937485,-1471960.119
95,PPh3,1.25,150,7.587962673511356,8.576060798950493,-1174570.2778607318,-1392655.861721601,0.0,-444184.1887689871,-459281.3638484633,240114303.0566574,62209171.21206936,8.810080769937485,-1471960.119
95,PPh3,1.25,300,7.587962673511356,8.576060798950493,-1174570.2778607318,-1392655.861721601,0.0,-444184.1887689871,-459281.3638484633,240114303.0566574,62209171.21206936,8.810080769937485,-1471960.119
95,PPh3,1.25,600,7.587962673511356,8.576060798950493,-1174570.2778607318,-1392655.861721601,0.0,-444184.1887689871,-459281.3638484633,240114303.0566574,62209171.21206936,8.810080769937485,-1471960.119
95,PPh3,1.25,900,7.587962673511356,8.576060798950493,-1174570.2778607318,-1392655.861721601,0.0,-444184.1887689871,-459281.3638484633,240114303.0566574,62209171.21206936,8.810080769937485,-1471960.119
95,PPh3,2.5,60,7.587962673511356,8.576060798950493,-1174570.2778607318,-1392655.861721601,0.0,-444184.1887689871,-459281.3638484633,240114303.0566574,62209171.21206936,8.810080769937485,-1471960.119
95,PPh3,2.5,150,7.587962673511356,8.576060798950493,-1174570.2778607318,-1392655.861721601,0.0,-444184.1887689871,-459281.3638484633,240114303.0566574,62209171.21206936,8.810080769937485,-1471960.119
95,PPh3,2.5,300,7.587962673511356,8.576060798950493,-1174570.2778607318,-1392655.861721601,0.0,-444184.1887689871,-459281.3638484633,240114303.0566574,62209171.21206936,8.810080769937485,-1471960.119
95,PPh3,2.5,600,7.587962673511356,8.576060798950493,-1174570.2778607318,-1392655.861721601,0.0,-444184.1887689871,-459281.3638484633,240114303.0566574,62209171.21206936,8.810080769937485,-1471960.119
95,PPh3,2.5,900,7.587962673511356,8.576060798950493,-1174570.2778607318,-1392655.861721601,0.0,-444184.1887689871,-459281.3638484633,240114303.0566574,62209171.21206936,8.810080769937485,-1471960.119
95,PPh3,5.0,60,7.587962673511356,8.576060798950493,-1174570.2778607318,-1392655.861721601,0.0,-444184.1887689871,-459281.3638484633,240114303.0566574,62209171.21206936,8.810080769937485,-1471960.119
95,PPh3,5.0,150,7.587962673511356,8.576060798950493,-1174570.2778607318,-1392655.861721601,0.0,-444184.1887689871,-459281.3638484633,240114303.0566574,62209171.21206936,8.810080769937485,-1471960.119
95,PPh3,5.0,300,7.587962673511356,8.576060798950493,-1174570.2778607318,-1392655.861721601,0.0,-444184.1887689871,-459281.3638484633,240114303.0566574,62209171.21206936,8.810080769937485,-1471960.119
95,PPh3,5.0,600,7.587962673511356,8.576060798950493,-1174570.2778607318,-1392655.861721601,0.0,-444184.1887689871,-459281.3638484633,240114303.0566574,62209171.21206936,8.810080769937485,-1471960.119
95,PPh3,5.0,900,7.587962673511356,8.576060798950493,-1174570.2778607318,-1392655.861721601,0.0,-444184.1887689871,-459281.3638484633,240114303.0566574,62209171.21206936,8.810080769937485,-1471960.119
95,AmPhos,0.5,60,7.775767956394702,5.880464641144499,-1448662.9423079798,-1666746.819773289,0.0,-444184.1887689871,-459281.3638484633,185751096.01665783,2477640150.4684305,10.13475413993001,-1746044.976
95,AmPhos,0.5,150,7.775767956394702,5.880464641144499,-1448662.9423079798,-1666746.819773289,0.0,-444184.1887689871,-459281.3638484633,185751096.01665783,2477640150.4684305,10.13475413993001,-1746044.976
95,AmPhos,0.5,300,7.775767956394702,5.880464641144499,-1448662.9423079798,-1666746.819773289,0.0,-444184.1887689871,-459281.3638484633,185751096.01665783,2477640150.4684305,10.13475413993001,-1746044.976
95,AmPhos,0.5,600,7.775767956394702,5.880464641144499,-1448662.9423079798,-1666746.819773289,0.0,-444184.1887689871,-459281.3638484633,185751096.01665783,2477640150.4684305,10.13475413993001,-1746044.976
95,AmPhos,0.5,900,7.775767956394702,5.880464641144499,-1448662.9423079798,-1666746.819773289,0.0,-444184.1887689871,-459281.3638484633,185751096.01665783,2477640150.4684305,10.13475413993001,-1746044.976
95,AmPhos,1.25,60,7.775767956394702,5.880464641144499,-1448662.9423079798,-1666746.819773289,0.0,-444184.1887689871,-459281.3638484633,185751096.01665783,2477640150.4684305,10.13475413993001,-1746044.976
95,AmPhos,1.25,150,7.775767956394702,5.880464641144499,-1448662.9423079798,-1666746.819773289,0.0,-444184.1887689871,-459281.3638484633,185751096.01665783,2477640150.4684305,10.13475413993001,-1746044.976
95,AmPhos,1.25,300,7.775767956394702,5.880464641144499,-1448662.9423079798,-1666746.819773289,0.0,-444184.1887689871,-459281.3638484633,185751096.01665783,2477640150.4684305,10.13475413993001,-1746044.976
95,AmPhos,1.25,600,7.775767956394702,5.880464641144499,-1448662.9423079798,-1666746.819773289,0.0,-444184.1887689871,-459281.3638484633,185751096.01665783,2477640150.4684305,10.13475413993001,-1746044.976
95,AmPhos,1.25,900,7.775767956394702,5.880464641144499,-1448662.9423079798,-1666746.819773289,0.0,-444184.1887689871,-459281.3638484633,185751096.01665783,2477640150.4684305,10.13475413993001,-1746044.976
95,AmPhos,2.5,60,7.775767956394702,5.880464641144499,-1448662.9423079798,-1666746.819773289,0.0,-444184.1887689871,-459281.3638484633,185751096.01665783,2477640150.4684305,10.13475413993001,-1746044.976
95,AmPhos,2.5,150,7.775767956394702,5.880464641144499,-1448662.9423079798,-1666746.819773289,0.0,-444184.1887689871,-459281.3638484633,185751096.01665783,2477640150.4684305,10.13475413993001,-1746044.976
95,AmPhos,2.5,300,7.775767956394702,5.880464641144499,-1448662.9423079798,-1666746.819773289,0.0,-444184.1887689871,-459281.3638484633,185751096.01665783,2477640150.4684305,10.13475413993001,-1746044.976
95,AmPhos,2.5,600,7.775767956394702,5.880464641144499,-1448662.9423079798,-1666746.819773289,0.0,-444184.1887689871,-459281.3638484633,185751096.01665783,2477640150.4684305,10.13475413993001,-1746044.976
95,AmPhos,2.5,900,7.775767956394702,5.880464641144499,-1448662.9423079798,-1666746.819773289,0.0,-444184.1887689871,-459281.3638484633,185751096.01665783,2477640150.4684305,10.13475413993001,-1746044.976
95,AmPhos,5.0,60,7.775767956394702,5.880464641144499,-1448662.9423079798,-1666746.819773289,0.0,-444184.1887689871,-459281.3638484633,185751096.01665783,2477640150.4684305,10.13475413993001,-1746044.976
95,AmPhos,5.0,150,7.775767956394702,5.880464641144499,-1448662.9423079798,-1666746.819773289,0.0,-444184.1887689871,-459281.3638484633,185751096.01665783,2477640150.4684305,10.13475413993001,-1746044.976
95,AmPhos,5.0,300,7.775767956394702,5.880464641144499,-1448662.9423079798,-1666746.819773289,0.0,-444184.1887689871,-459281.3638484633,185751096.01665783,2477640150.4684305,10.13475413993001,-1746044.976
95,AmPhos,5.0,600,7.775767956394702,5.880464641144499,-1448662.9423079798,-1666746.819773289,0.0,-444184.1887689871,-459281.3638484633,185751096.01665783,2477640150.4684305,10.13475413993001,-1746044.976
95,AmPhos,5.0,900,7.775767956394702,5.880464641144499,-1448662.9423079798,-1666746.819773289,0.0,-444184.1887689871,-459281.3638484633,185751096.01665783,2477640150.4684305,10.13475413993001,-1746044.976
95,RuPhos,0.5,60,18.691304735140875,15.907923408551142,-1566250.360131885,-1784335.9678671914,0.0,-444184.1887689871,-459281.3638484633,61.53938637646395,2763.4320518807126,10.421576660126448,-1863644.379
95,RuPhos,0.5,150,18.691304735140875,15.907923408551142,-1566250.360131885,-1784335.9678671914,0.0,-444184.1887689871,-459281.3638484633,61.53938637646395,2763.4320518807126,10.421576660126448,-1863644.379
95,RuPhos,0.5,300,18.691304735140875,15.907923408551142,-1566250.360131885,-1784335.9678671914,0.0,-444184.1887689871,-459281.3638484633,61.53938637646395,2763.4320518807126,10.421576660126448,-1863644.379
95,RuPhos,0.5,600,18.691304735140875,15.907923408551142,-1566250.360131885,-1784335.9678671914,0.0,-444184.1887689871,-459281.3638484633,61.53938637646395,2763.4320518807126,10.421576660126448,-1863644.379
95,RuPhos,0.5,900,18.691304735140875,15.907923408551142,-1566250.360131885,-1784335.9678671914,0.0,-444184.1887689871,-459281.3638484633,61.53938637646395,2763.4320518807126,10.421576660126448,-1863644.379
95,RuPhos,1.25,60,18.691304735140875,15.907923408551142,-1566250.360131885,-1784335.9678671914,0.0,-444184.1887689871,-459281.3638484633,61.53938637646395,2763.4320518807126,10.421576660126448,-1863644.379
95,RuPhos,1.25,150,18.691304735140875,15.907923408551142,-1566250.360131885,-1784335.9678671914,0.0,-444184.1887689871,-459281.3638484633,61.53938637646395,2763.4320518807126,10.421576660126448,-1863644.379
95,RuPhos,1.25,300,18.691304735140875,15.907923408551142,-1566250.360131885,-1784335.9678671914,0.0,-444184.1887689871,-459281.3638484633,61.53938637646395,2763.4320518807126,10.421576660126448,-1863644.379
95,RuPhos,1.25,600,18.691304735140875,15.907923408551142,-1566250.360131885,-1784335.9678671914,0.0,-444184.1887689871,-459281.3638484633,61.53938637646395,2763.4320518807126,10.421576660126448,-1863644.379
95,RuPhos,1.25,900,18.691304735140875,15.907923408551142,-1566250.360131885,-1784335.9678671914,0.0,-444184.1887689871,-459281.3638484633,61.53938637646395,2763.4320518807126,10.421576660126448,-1863644.379
95,RuPhos,2.5,60,18.691304735140875,15.907923408551142,-1566250.360131885,-1784335.9678671914,0.0,-444184.1887689871,-459281.3638484633,61.53938637646395,2763.4320518807126,10.421576660126448,-1863644.379
95,RuPhos,2.5,150,18.691304735140875,15.907923408551142,-1566250.360131885,-1784335.9678671914,0.0,-444184.1887689871,-459281.3638484633,61.53938637646395,2763.4320518807126,10.421576660126448,-1863644.379
95,RuPhos,2.5,300,18.691304735140875,15.907923408551142,-1566250.360131885,-1784335.9678671914,0.0,-444184.1887689871,-459281.3638484633,61.53938637646395,2763.4320518807126,10.421576660126448,-1863644.379
95,RuPhos,2.5,600,18.691304735140875,15.907923408551142,-1566250.360131885,-1784335.9678671914,0.0,-444184.1887689871,-459281.3638484633,61.53938637646395,2763.4320518807126,10.421576660126448,-1863644.379
95,RuPhos,2.5,900,18.691304735140875,15.907923408551142,-1566250.360131885,-1784335.9678671914,0.0,-444184.1887689871,-459281.3638484633,61.53938637646395,2763.4320518807126,10.421576660126448,-1863644.379
95,RuPhos,5.0,60,18.691304735140875,15.907923408551142,-1566250.360131885,-1784335.9678671914,0.0,-444184.1887689871,-459281.3638484633,61.53938637646395,2763.4320518807126,10.421576660126448,-1863644.379
95,RuPhos,5.0,150,18.691304735140875,15.907923408551142,-1566250.360131885,-1784335.9678671914,0.0,-444184.1887689871,-459281.3638484633,61.53938637646395,2763.4320518807126,10.421576660126448,-1863644.379
95,RuPhos,5.0,300,18.691304735140875,15.907923408551142,-1566250.360131885,-1784335.9678671914,0.0,-444184.1887689871,-459281.3638484633,61.53938637646395,2763.4320518807126,10.421576660126448,-1863644.379
95,RuPhos,5.0,600,18.691304735140875,15.907923408551142,-1566250.360131885,-1784335.9678671914,0.0,-444184.1887689871,-459281.3638484633,61.53938637646395,2763.4320518807126,10.421576660126448,-1863644.379
95,RuPhos,5.0,900,18.691304735140875,15.907923408551142,-1566250.360131885,-1784335.9678671914,0.0,-444184.1887689871,-459281.3638484633,61.53938637646395,2763.4320518807126,10.421576660126448,-1863644.379
95,SPhos,0.5,60,14.67319693788886,13.228750424226746,-1467649.4280038362,-1685731.0111979658,0.0,-444184.1887689871,-459281.3638484633,14942.323068252126,107617.60795195767,11.333033210132273,-1765040.199
95,SPhos,0.5,150,14.67319693788886,13.228750424226746,-1467649.4280038362,-1685731.0111979658,0.0,-444184.1887689871,-459281.3638484633,14942.323068252126,107617.60795195767,11.333033210132273,-1765040.199
95,SPhos,0.5,300,14.67319693788886,13.228750424226746,-1467649.4280038362,-1685731.0111979658,0.0,-444184.1887689871,-459281.3638484633,14942.323068252126,107617.60795195767,11.333033210132273,-1765040.199
95,SPhos,0.5,600,14.67319693788886,13.228750424226746,-1467649.4280038362,-1685731.0111979658,0.0,-444184.1887689871,-459281.3638484633,14942.323068252126,107617.60795195767,11.333033210132273,-1765040.199
95,SPhos,0.5,900,14.67319693788886,13.228750424226746,-1467649.4280038362,-1685731.0111979658,0.0,-444184.1887689871,-459281.3638484633,14942.323068252126,107617.60795195767,11.333033210132273,-1765040.199
95,SPhos,1.25,60,14.67319693788886,13.228750424226746,-1467649.4280038362,-1685731.0111979658,0.0,-444184.1887689871,-459281.3638484633,14942.323068252126,107617.60795195767,11.333033210132273,-1765040.199
95,SPhos,1.25,150,14.67319693788886,13.228750424226746,-1467649.4280038362,-1685731.0111979658,0.0,-444184.1887689871,-459281.3638484633,14942.323068252126,107617.60795195767,11.333033210132273,-1765040.199
95,SPhos,1.25,300,14.67319693788886,13.228750424226746,-1467649.4280038362,-1685731.0111979658,0.0,-444184.1887689871,-459281.3638484633,14942.323068252126,107617.60795195767,11.333033210132273,-1765040.199
95,SPhos,1.25,600,14.67319693788886,13.228750424226746,-1467649.4280038362,-1685731.0111979658,0.0,-444184.1887689871,-459281.3638484633,14942.323068252126,107617.60795195767,11.333033210132273,-1765040.199
95,SPhos,1.25,900,14.67319693788886,13.228750424226746,-1467649.4280038362,-1685731.0111979658,0.0,-444184.1887689871,-459281.3638484633,14942.323068252126,107617.60795195767,11.333033210132273,-1765040.199
95,SPhos,2.5,60,14.67319693788886,13.228750424226746,-1467649.4280038362,-1685731.0111979658,0.0,-444184.1887689871,-459281.3638484633,14942.323068252126,107617.60795195767,11.333033210132273,-1765040.199
95,SPhos,2.5,150,14.67319693788886,13.228750424226746,-1467649.4280038362,-1685731.0111979658,0.0,-444184.1887689871,-459281.3638484633,14942.323068252126,107617.60795195767,11.333033210132273,-1765040.199
95,SPhos,2.5,300,14.67319693788886,13.228750424226746,-1467649.4280038362,-1685731.0111979658,0.0,-444184.1887689871,-459281.3638484633,14942.323068252126,107617.60795195767,11.333033210132273,-1765040.199
95,SPhos,2.5,600,14.67319693788886,13.228750424226746,-1467649.4280038362,-1685731.0111979658,0.0,-444184.1887689871,-459281.3638484633,14942.323068252126,107617.60795195767,11.333033210132273,-1765040.199
95,SPhos,2.5,900,14.67319693788886,13.228750424226746,-1467649.4280038362,-1685731.0111979658,0.0,-444184.1887689871,-459281.3638484633,14942.323068252126,107617.60795195767,11.333033210132273,-1765040.199
95,SPhos,5.0,60,14.67319693788886,13.228750424226746,-1467649.4280038362,-1685731.0111979658,0.0,-444184.1887689871,-459281.3638484633,14942.323068252126,107617.60795195767,11.333033210132273,-1765040.199
95,SPhos,5.0,150,14.67319693788886,13.228750424226746,-1467649.4280038362,-1685731.0111979658,0.0,-444184.1887689871,-459281.3638484633,14942.323068252126,107617.60795195767,11.333033210132273,-1765040.199
95,SPhos,5.0,300,14.67319693788886,13.228750424226746,-1467649.4280038362,-1685731.0111979658,0.0,-444184.1887689871,-459281.3638484633,14942.323068252126,107617.60795195767,11.333033210132273,-1765040.199
95,SPhos,5.0,600,14.67319693788886,13.228750424226746,-1467649.4280038362,-1685731.0111979658,0.0,-444184.1887689871,-459281.3638484633,14942.323068252126,107617.60795195767,11.333033210132273,-1765040.199
95,SPhos,5.0,900,14.67319693788886,13.228750424226746,-1467649.4280038362,-1685731.0111979658,0.0,-444184.1887689871,-459281.3638484633,14942.323068252126,107617.60795195767,11.333033210132273,-1765040.199
95,tBu3,0.5,60,6.201966980355792,2.348743251292035,-1035509.1140686752,-1253590.0123421666,0.0,-444184.1887689871,-459281.3638484633,1596559639.7565093,309435514394.05896,10.231022860156372,-1332888.579
95,tBu3,0.5,150,6.201966980355792,2.348743251292035,-1035509.1140686752,-1253590.0123421666,0.0,-444184.1887689871,-459281.3638484633,1596559639.7565093,309435514394.05896,10.231022860156372,-1332888.579
95,tBu3,0.5,300,6.201966980355792,2.348743251292035,-1035509.1140686752,-1253590.0123421666,0.0,-444184.1887689871,-459281.3638484633,1596559639.7565093,309435514394.05896,10.231022860156372,-1332888.579
95,tBu3,0.5,600,6.201966980355792,2.348743251292035,-1035509.1140686752,-1253590.0123421666,0.0,-444184.1887689871,-459281.3638484633,1596559639.7565093,309435514394.05896,10.231022860156372,-1332888.579
95,tBu3,0.5,900,6.201966980355792,2.348743251292035,-1035509.1140686752,-1253590.0123421666,0.0,-444184.1887689871,-459281.3638484633,1596559639.7565093,309435514394.05896,10.231022860156372,-1332888.579
95,tBu3,1.25,60,6.201966980355792,2.348743251292035,-1035509.1140686752,-1253590.0123421666,0.0,-444184.1887689871,-459281.3638484633,1596559639.7565093,309435514394.05896,10.231022860156372,-1332888.579
95,tBu3,1.25,150,6.201966980355792,2.348743251292035,-1035509.1140686752,-1253590.0123421666,0.0,-444184.1887689871,-459281.3638484633,1596559639.7565093,309435514394.05896,10.231022860156372,-1332888.579
95,tBu3,1.25,300,6.201966980355792,2.348743251292035,-1035509.1140686752,-1253590.0123421666,0.0,-444184.1887689871,-459281.3638484633,1596559639.7565093,309435514394.05896,10.231022860156372,-1332888.579
95,tBu3,1.25,600,6.201966980355792,2.348743251292035,-1035509.1140686752,-1253590.0123421666,0.0,-444184.1887689871,-459281.3638484633,1596559639.7565093,309435514394.05896,10.231022860156372,-1332888.579
95,tBu3,1.25,900,6.201966980355792,2.348743251292035,-1035509.1140686752,-1253590.0123421666,0.0,-444184.1887689871,-459281.3638484633,1596559639.7565093,309435514394.05896,10.231022860156372,-1332888.579
95,tBu3,2.5,60,6.201966980355792,2.348743251292035,-1035509.1140686752,-1253590.0123421666,0.0,-444184.1887689871,-459281.3638484633,1596559639.7565093,309435514394.05896,10.231022860156372,-1332888.579
95,tBu3,2.5,150,6.201966980355792,2.348743251292035,-1035509.1140686752,-1253590.0123421666,0.0,-444184.1887689871,-459281.3638484633,1596559639.7565093,309435514394.05896,10.231022860156372,-1332888.579
95,tBu3,2.5,300,6.201966980355792,2.348743251292035,-1035509.1140686752,-1253590.0123421666,0.0,-444184.1887689871,-459281.3638484633,1596559639.7565093,309435514394.05896,10.231022860156372,-1332888.579
95,tBu3,2.5,600,6.201966980355792,2.348743251292035,-1035509.1140686752,-1253590.0123421666,0.0,-444184.1887689871,-459281.3638484633,1596559639.7565093,309435514394.05896,10.231022860156372,-1332888.579
95,tBu3,2.5,900,6.201966980355792,2.348743251292035,-1035509.1140686752,-1253590.0123421666,0.0,-444184.1887689871,-459281.3638484633,1596559639.7565093,309435514394.05896,10.231022860156372,-1332888.579
95,tBu3,5.0,60,6.201966980355792,2.348743251292035,-1035509.1140686752,-1253590.0123421666,0.0,-444184.1887689871,-459281.3638484633,1596559639.7565093,309435514394.05896,10.231022860156372,-1332888.579
95,tBu3,5.0,150,6.201966980355792,2.348743251292035,-1035509.1140686752,-1253590.0123421666,0.0,-444184.1887689871,-459281.3638484633,1596559639.7565093,309435514394.05896,10.231022860156372,-1332888.579
95,tBu3,5.0,300,6.201966980355792,2.348743251292035,-1035509.1140686752,-1253590.0123421666,0.0,-444184.1887689871,-459281.3638484633,1596559639.7565093,309435514394.05896,10.231022860156372,-1332888.579
95,tBu3,5.0,600,6.201966980355792,2.348743251292035,-1035509.1140686752,-1253590.0123421666,0.0,-444184.1887689871,-459281.3638484633,1596559639.7565093,309435514394.05896,10.231022860156372,-1332888.579
95,tBu3,5.0,900,6.201966980355792,2.348743251292035,-1035509.1140686752,-1253590.0123421666,0.0,-444184.1887689871,-459281.3638484633,1596559639.7565093,309435514394.05896,10.231022860156372,-1332888.579
95,XPhos,0.5,60,10.148550909478217,10.673999548889697,-1545790.9121783709,-1763878.786439151,0.0,-444184.1887689871,-459281.3638484633,7250681.390432455,3535552.7200377653,10.659905859734865,-1843178.975
95,XPhos,0.5,150,10.148550909478217,10.673999548889697,-1545790.9121783709,-1763878.786439151,0.0,-444184.1887689871,-459281.3638484633,7250681.390432455,3535552.7200377653,10.659905859734865,-1843178.975
95,XPhos,0.5,300,10.148550909478217,10.673999548889697,-1545790.9121783709,-1763878.786439151,0.0,-444184.1887689871,-459281.3638484633,7250681.390432455,3535552.7200377653,10.659905859734865,-1843178.975
95,XPhos,0.5,600,10.148550909478217,10.673999548889697,-1545790.9121783709,-1763878.786439151,0.0,-444184.1887689871,-459281.3638484633,7250681.390432455,3535552.7200377653,10.659905859734865,-1843178.975
95,XPhos,0.5,900,10.148550909478217,10.673999548889697,-1545790.9121783709,-1763878.786439151,0.0,-444184.1887689871,-459281.3638484633,7250681.390432455,3535552.7200377653,10.659905859734865,-1843178.975
95,XPhos,1.25,60,10.148550909478217,10.673999548889697,-1545790.9121783709,-1763878.786439151,0.0,-444184.1887689871,-459281.3638484633,7250681.390432455,3535552.7200377653,10.659905859734865,-1843178.975
95,XPhos,1.25,150,10.148550909478217,10.673999548889697,-1545790.9121783709,-1763878.786439151,0.0,-444184.1887689871,-459281.3638484633,7250681.390432455,3535552.7200377653,10.659905859734865,-1843178.975
95,XPhos,1.25,300,10.148550909478217,10.673999548889697,-1545790.9121783709,-1763878.786439151,0.0,-444184.1887689871,-459281.3638484633,7250681.390432455,3535552.7200377653,10.659905859734865,-1843178.975
95,XPhos,1.25,600,10.148550909478217,10.673999548889697,-1545790.9121783709,-1763878.786439151,0.0,-444184.1887689871,-459281.3638484633,7250681.390432455,3535552.7200377653,10.659905859734865,-1843178.975
95,XPhos,1.25,900,10.148550909478217,10.673999548889697,-1545790.9121783709,-1763878.786439151,0.0,-444184.1887689871,-459281.3638484633,7250681.390432455,3535552.7200377653,10.659905859734865,-1843178.975
95,XPhos,2.5,60,10.148550909478217,10.673999548889697,-1545790.9121783709,-1763878.786439151,0.0,-444184.1887689871,-459281.3638484633,7250681.390432455,3535552.7200377653,10.659905859734865,-1843178.975
95,XPhos,2.5,150,10.148550909478217,10.673999548889697,-1545790.9121783709,-1763878.786439151,0.0,-444184.1887689871,-459281.3638484633,7250681.390432455,3535552.7200377653,10.659905859734865,-1843178.975
95,XPhos,2.5,300,10.148550909478217,10.673999548889697,-1545790.9121783709,-1763878.786439151,0.0,-444184.1887689871,-459281.3638484633,7250681.390432455,3535552.7200377653,10.659905859734865,-1843178.975
95,XPhos,2.5,600,10.148550909478217,10.673999548889697,-1545790.9121783709,-1763878.786439151,0.0,-444184.1887689871,-459281.3638484633,7250681.390432455,3535552.7200377653,10.659905859734865,-1843178.975
95,XPhos,2.5,900,10.148550909478217,10.673999548889697,-1545790.9121783709,-1763878.786439151,0.0,-444184.1887689871,-459281.3638484633,7250681.390432455,3535552.7200377653,10.659905859734865,-1843178.975
95,XPhos,5.0,60,10.148550909478217,10.673999548889697,-1545790.9121783709,-1763878.786439151,0.0,-444184.1887689871,-459281.3638484633,7250681.390432455,3535552.7200377653,10.659905859734865,-1843178.975
95,XPhos,5.0,150,10.148550909478217,10.673999548889697,-1545790.9121783709,-1763878.786439151,0.0,-444184.1887689871,-459281.3638484633,7250681.390432455,3535552.7200377653,10.659905859734865,-1843178.975
95,XPhos,5.0,300,10.148550909478217,10.673999548889697,-1545790.9121783709,-1763878.786439151,0.0,-444184.1887689871,-459281.3638484633,7250681.390432455,3535552.7200377653,10.659905859734865,-1843178.975
95,XPhos,5.0,600,10.148550909478217,10.673999548889697,-1545790.9121783709,-1763878.786439151,0.0,-444184.1887689871,-459281.3638484633,7250681.390432455,3535552.7200377653,10.659905859734865,-1843178.975
95,XPhos,5.0,900,10.148550909478217,10.673999548889697,-1545790.9121783709,-1763878.786439151,0.0,-444184.1887689871,-459281.3638484633,7250681.390432455,3535552.7200377653,10.659905859734865,-1843178.975
100,PCy3,0.5,60,7.715751342009753,15.578290867153555,-1181211.078325714,-1399292.1813268852,0.0,-444184.5961092371,-459282.0593113233,235391606.64992365,5846.569732551803,11.560260799713433,-1478600.784
100,PCy3,0.5,150,7.715751342009753,15.578290867153555,-1181211.078325714,-1399292.1813268852,0.0,-444184.5961092371,-459282.0593113233,235391606.64992365,5846.569732551803,11.560260799713433,-1478600.784
100,PCy3,0.5,300,7.715751342009753,15.578290867153555,-1181211.078325714,-1399292.1813268852,0.0,-444184.5961092371,-459282.0593113233,235391606.64992365,5846.569732551803,11.560260799713433,-1478600.784
100,PCy3,0.5,600,7.715751342009753,15.578290867153555,-1181211.078325714,-1399292.1813268852,0.0,-444184.5961092371,-459282.0593113233,235391606.64992365,5846.569732551803,11.560260799713433,-1478600.784
100,PCy3,0.5,900,7.715751342009753,15.578290867153555,-1181211.078325714,-1399292.1813268852,0.0,-444184.5961092371,-459282.0593113233,235391606.64992365,5846.569732551803,11.560260799713433,-1478600.784
100,PCy3,1.25,60,7.715751342009753,15.578290867153555,-1181211.078325714,-1399292.1813268852,0.0,-444184.5961092371,-459282.0593113233,235391606.64992365,5846.569732551803,11.560260799713433,-1478600.784
100,PCy3,1.25,150,7.715751342009753,15.578290867153555,-1181211.078325714,-1399292.1813268852,0.0,-444184.5961092371,-459282.0593113233,235391606.64992365,5846.569732551803,11.560260799713433,-1478600.784
100,PCy3,1.25,300,7.715751342009753,15.578290867153555,-1181211.078325714,-1399292.1813268852,0.0,-444184.5961092371,-459282.0593113233,235391606.64992365,5846.569732551803,11.560260799713433,-1478600.784
100,PCy3,1.25,600,7.715751342009753,15.578290867153555,-1181211.078325714,-1399292.1813268852,0.0,-444184.5961092371,-459282.0593113233,235391606.64992365,5846.569732551803,11.560260799713433,-1478600.784
100,PCy3,1.25,900,7.715751342009753,15.578290867153555,-1181211.078325714,-1399292.1813268852,0.0,-444184.5961092371,-459282.0593113233,235391606.64992365,5846.569732551803,11.560260799713433,-1478600.784
100,PCy3,2.5,60,7.715751342009753,15.578290867153555,-1181211.078325714,-1399292.1813268852,0.0,-444184.5961092371,-459282.0593113233,235391606.64992365,5846.569732551803,11.560260799713433,-1478600.784
100,PCy3,2.5,150,7.715751342009753,15.578290867153555,-1181211.078325714,-1399292.1813268852,0.0,-444184.5961092371,-459282.0593113233,235391606.64992365,5846.569732551803,11.560260799713433,-1478600.784
100,PCy3,2.5,300,7.715751342009753,15.578290867153555,-1181211.078325714,-1399292.1813268852,0.0,-444184.5961092371,-459282.0593113233,235391606.64992365,5846.569732551803,11.560260799713433,-1478600.784
100,PCy3,2.5,600,7.715751342009753,15.578290867153555,-1181211.078325714,-1399292.1813268852,0.0,-444184.5961092371,-459282.0593113233,235391606.64992365,5846.569732551803,11.560260799713433,-1478600.784
100,PCy3,2.5,900,7.715751342009753,15.578290867153555,-1181211.078325714,-1399292.1813268852,0.0,-444184.5961092371,-459282.0593113233,235391606.64992365,5846.569732551803,11.560260799713433,-1478600.784
100,PCy3,5.0,60,7.715751342009753,15.578290867153555,-1181211.078325714,-1399292.1813268852,0.0,-444184.5961092371,-459282.0593113233,235391606.64992365,5846.569732551803,11.560260799713433,-1478600.784
100,PCy3,5.0,150,7.715751342009753,15.578290867153555,-1181211.078325714,-1399292.1813268852,0.0,-444184.5961092371,-459282.0593113233,235391606.64992365,5846.569732551803,11.560260799713433,-1478600.784
100,PCy3,5.0,300,7.715751342009753,15.578290867153555,-1181211.078325714,-1399292.1813268852,0.0,-444184.5961092371,-459282.0593113233,235391606.64992365,5846.569732551803,11.560260799713433,-1478600.784
100,PCy3,5.0,600,7.715751342009753,15.578290867153555,-1181211.078325714,-1399292.1813268852,0.0,-444184.5961092371,-459282.0593113233,235391606.64992365,5846.569732551803,11.560260799713433,-1478600.784
100,PCy3,5.0,900,7.715751342009753,15.578290867153555,-1181211.078325714,-1399292.1813268852,0.0,-444184.5961092371,-459282.0593113233,235391606.64992365,5846.569732551803,11.560260799713433,-1478600.784
100,PPh3,0.5,60,7.809205203317106,8.568478679051623,-1174571.237460832,-1392657.233030061,0.0,-444184.5961092371,-459282.0593113233,207518786.22476524,74536709.26482123,8.790080769686028,-1471961.335
100,PPh3,0.5,150,7.809205203317106,8.568478679051623,-1174571.237460832,-1392657.233030061,0.0,-444184.5961092371,-459282.0593113233,207518786.22476524,74536709.26482123,8.790080769686028,-1471961.335
100,PPh3,0.5,300,7.809205203317106,8.568478679051623,-1174571.237460832,-1392657.233030061,0.0,-444184.5961092371,-459282.0593113233,207518786.22476524,74536709.26482123,8.790080769686028,-1471961.335
100,PPh3,0.5,600,7.809205203317106,8.568478679051623,-1174571.237460832,-1392657.233030061,0.0,-444184.5961092371,-459282.0593113233,207518786.22476524,74536709.26482123,8.790080769686028,-1471961.335
100,PPh3,0.5,900,7.809205203317106,8.568478679051623,-1174571.237460832,-1392657.233030061,0.0,-444184.5961092371,-459282.0593113233,207518786.22476524,74536709.26482123,8.790080769686028,-1471961.335
100,PPh3,1.25,60,7.809205203317106,8.568478679051623,-1174571.237460832,-1392657.233030061,0.0,-444184.5961092371,-459282.0593113233,207518786.22476524,74536709.26482123,8.790080769686028,-1471961.335
100,PPh3,1.25,150,7.809205203317106,8.568478679051623,-1174571.237460832,-1392657.233030061,0.0,-444184.5961092371,-459282.0593113233,207518786.22476524,74536709.26482123,8.790080769686028,-1471961.335
100,PPh3,1.25,300,7.809205203317106,8.568478679051623,-1174571.237460832,-1392657.233030061,0.0,-444184.5961092371,-459282.0593113233,207518786.22476524,74536709.26482123,8.790080769686028,-1471961.335
100,PPh3,1.25,600,7.809205203317106,8.568478679051623,-1174571.237460832,-1392657.233030061,0.0,-444184.5961092371,-459282.0593113233,207518786.22476524,74536709.26482123,8.790080769686028,-1471961.335
100,PPh3,1.25,900,7.809205203317106,8.568478679051623,-1174571.237460832,-1392657.233030061,0.0,-444184.5961092371,-459282.0593113233,207518786.22476524,74536709.26482123,8.790080769686028,-1471961.335
100,PPh3,2.5,60,7.809205203317106,8.568478679051623,-1174571.237460832,-1392657.233030061,0.0,-444184.5961092371,-459282.0593113233,207518786.22476524,74536709.26482123,8.790080769686028,-1471961.335
100,PPh3,2.5,150,7.809205203317106,8.568478679051623,-1174571.237460832,-1392657.233030061,0.0,-444184.5961092371,-459282.0593113233,207518786.22476524,74536709.26482123,8.790080769686028,-1471961.335
100,PPh3,2.5,300,7.809205203317106,8.568478679051623,-1174571.237460832,-1392657.233030061,0.0,-444184.5961092371,-459282.0593113233,207518786.22476524,74536709.26482123,8.790080769686028,-1471961.335
100,PPh3,2.5,600,7.809205203317106,8.568478679051623,-1174571.237460832,-1392657.233030061,0.0,-444184.5961092371,-459282.0593113233,207518786.22476524,74536709.26482123,8.790080769686028,-1471961.335
100,PPh3,2.5,900,7.809205203317106,8.568478679051623,-1174571.237460832,-1392657.233030061,0.0,-444184.5961092371,-459282.0593113233,207518786.22476524,74536709.26482123,8.790080769686028,-1471961.335
100,PPh3,5.0,60,7.809205203317106,8.568478679051623,-1174571.237460832,-1392657.233030061,0.0,-444184.5961092371,-459282.0593113233,207518786.22476524,74536709.26482123,8.790080769686028,-1471961.335
100,PPh3,5.0,150,7.809205203317106,8.568478679051623,-1174571.237460832,-1392657.233030061,0.0,-444184.5961092371,-459282.0593113233,207518786.22476524,74536709.26482123,8.790080769686028,-1471961.335
100,PPh3,5.0,300,7.809205203317106,8.568478679051623,-1174571.237460832,-1392657.233030061,0.0,-444184.5961092371,-459282.0593113233,207518786.22476524,74536709.26482123,8.790080769686028,-1471961.335
100,PPh3,5.0,600,7.809205203317106,8.568478679051623,-1174571.237460832,-1392657.233030061,0.0,-444184.5961092371,-459282.0593113233,207518786.22476524,74536709.26482123,8.790080769686028,-1471961.335
100,PPh3,5.0,900,7.809205203317106,8.568478679051623,-1174571.237460832,-1392657.233030061,0.0,-444184.5961092371,-459282.0593113233,207518786.22476524,74536709.26482123,8.790080769686028,-1471961.335
100,AmPhos,0.5,60,7.778662436408922,5.881074141012505,-1448664.3614900098,-1666748.646766529,0.0,-444184.5961092371,-459282.0593113233,216244734.80658674,2794569040.851907,10.144754139939325,-1746046.636
100,AmPhos,0.5,150,7.778662436408922,5.881074141012505,-1448664.3614900098,-1666748.646766529,0.0,-444184.5961092371,-459282.0593113233,216244734.80658674,2794569040.851907,10.144754139939325,-1746046.636
100,AmPhos,0.5,300,7.778662436408922,5.881074141012505,-1448664.3614900098,-1666748.646766529,0.0,-444184.5961092371,-459282.0593113233,216244734.80658674,2794569040.851907,10.144754139939325,-1746046.636
100,AmPhos,0.5,600,7.778662436408922,5.881074141012505,-1448664.3614900098,-1666748.646766529,0.0,-444184.5961092371,-459282.0593113233,216244734.80658674,2794569040.851907,10.144754139939325,-1746046.636
100,AmPhos,0.5,900,7.778662436408922,5.881074141012505,-1448664.3614900098,-1666748.646766529,0.0,-444184.5961092371,-459282.0593113233,216244734.80658674,2794569040.851907,10.144754139939325,-1746046.636
100,AmPhos,1.25,60,7.778662436408922,5.881074141012505,-1448664.3614900098,-1666748.646766529,0.0,-444184.5961092371,-459282.0593113233,216244734.80658674,2794569040.851907,10.144754139939325,-1746046.636
100,AmPhos,1.25,150,7.778662436408922,5.881074141012505,-1448664.3614900098,-1666748.646766529,0.0,-444184.5961092371,-459282.0593113233,216244734.80658674,2794569040.851907,10.144754139939325,-1746046.636
100,AmPhos,1.25,300,7.778662436408922,5.881074141012505,-1448664.3614900098,-1666748.646766529,0.0,-444184.5961092371,-459282.0593113233,216244734.80658674,2794569040.851907,10.144754139939325,-1746046.636
100,AmPhos,1.25,600,7.778662436408922,5.881074141012505,-1448664.3614900098,-1666748.646766529,0.0,-444184.5961092371,-459282.0593113233,216244734.80658674,2794569040.851907,10.144754139939325,-1746046.636
100,AmPhos,1.25,900,7.778662436408922,5.881074141012505,-1448664.3614900098,-1666748.646766529,0.0,-444184.5961092371,-459282.0593113233,216244734.80658674,2794569040.851907,10.144754139939325,-1746046.636
100,AmPhos,2.5,60,7.778662436408922,5.881074141012505,-1448664.3614900098,-1666748.646766529,0.0,-444184.5961092371,-459282.0593113233,216244734.80658674,2794569040.851907,10.144754139939325,-1746046.636
100,AmPhos,2.5,150,7.778662436408922,5.881074141012505,-1448664.3614900098,-1666748.646766529,0.0,-444184.5961092371,-459282.0593113233,216244734.80658674,2794569040.851907,10.144754139939325,-1746046.636
100,AmPhos,2.5,300,7.778662436408922,5.881074141012505,-1448664.3614900098,-1666748.646766529,0.0,-444184.5961092371,-459282.0593113233,216244734.80658674,2794569040.851907,10.144754139939325,-1746046.636
100,AmPhos,2.5,600,7.778662436408922,5.881074141012505,-1448664.3614900098,-1666748.646766529,0.0,-444184.5961092371,-459282.0593113233,216244734.80658674,2794569040.851907,10.144754139939325,-1746046.636
100,AmPhos,2.5,900,7.778662436408922,5.881074141012505,-1448664.3614900098,-1666748.646766529,0.0,-444184.5961092371,-459282.0593113233,216244734.80658674,2794569040.851907,10.144754139939325,-1746046.636
100,AmPhos,5.0,60,7.778662436408922,5.881074141012505,-1448664.3614900098,-1666748.646766529,0.0,-444184.5961092371,-459282.0593113233,216244734.80658674,2794569040.851907,10.144754139939325,-1746046.636
100,AmPhos,5.0,150,7.778662436408922,5.881074141012505,-1448664.3614900098,-1666748.646766529,0.0,-444184.5961092371,-459282.0593113233,216244734.80658674,2794569040.851907,10.144754139939325,-1746046.636
100,AmPhos,5.0,300,7.778662436408922,5.881074141012505,-1448664.3614900098,-1666748.646766529,0.0,-444184.5961092371,-459282.0593113233,216244734.80658674,2794569040.851907,10.144754139939325,-1746046.636
100,AmPhos,5.0,600,7.778662436408922,5.881074141012505,-1448664.3614900098,-1666748.646766529,0.0,-444184.5961092371,-459282.0593113233,216244734.80658674,2794569040.851907,10.144754139939325,-1746046.636
100,AmPhos,5.0,900,7.778662436408922,5.881074141012505,-1448664.3614900098,-1666748.646766529,0.0,-444184.5961092371,-459282.0593113233,216244734.80658674,2794569040.851907,10.144754139939325,-1746046.636
100,RuPhos,0.5,60,18.933706875192,15.91341198864393,-1566251.738274505,-1784337.7609724514,0.0,-444184.5961092371,-459282.0593113233,63.3459921272618,3720.7389344870035,10.421576659893615,-1863646.019
100,RuPhos,0.5,150,18.933706875192,15.91341198864393,-1566251.738274505,-1784337.7609724514,0.0,-444184.5961092371,-459282.0593113233,63.3459921272618,3720.7389344870035,10.421576659893615,-1863646.019
100,RuPhos,0.5,300,18.933706875192,15.91341198864393,-1566251.738274505,-1784337.7609724514,0.0,-444184.5961092371,-459282.0593113233,63.3459921272618,3720.7389344870035,10.421576659893615,-1863646.019
100,RuPhos,0.5,600,18.933706875192,15.91341198864393,-1566251.738274505,-1784337.7609724514,0.0,-444184.5961092371,-459282.0593113233,63.3459921272618,3720.7389344870035,10.421576659893615,-1863646.019
100,RuPhos,0.5,900,18.933706875192,15.91341198864393,-1566251.738274505,-1784337.7609724514,0.0,-444184.5961092371,-459282.0593113233,63.3459921272618,3720.7389344870035,10.421576659893615,-1863646.019
100,RuPhos,1.25,60,18.933706875192,15.91341198864393,-1566251.738274505,-1784337.7609724514,0.0,-444184.5961092371,-459282.0593113233,63.3459921272618,3720.7389344870035,10.421576659893615,-1863646.019
100,RuPhos,1.25,150,18.933706875192,15.91341198864393,-1566251.738274505,-1784337.7609724514,0.0,-444184.5961092371,-459282.0593113233,63.3459921272618,3720.7389344870035,10.421576659893615,-1863646.019
100,RuPhos,1.25,300,18.933706875192,15.91341198864393,-1566251.738274505,-1784337.7609724514,0.0,-444184.5961092371,-459282.0593113233,63.3459921272618,3720.7389344870035,10.421576659893615,-1863646.019
100,RuPhos,1.25,600,18.933706875192,15.91341198864393,-1566251.738274505,-1784337.7609724514,0.0,-444184.5961092371,-459282.0593113233,63.3459921272618,3720.7389344870035,10.421576659893615,-1863646.019
100,RuPhos,1.25,900,18.933706875192,15.91341198864393,-1566251.738274505,-1784337.7609724514,0.0,-444184.5961092371,-459282.0593113233,63.3459921272618,3720.7389344870035,10.421576659893615,-1863646.019
100,RuPhos,2.5,60,18.933706875192,15.91341198864393,-1566251.738274505,-1784337.7609724514,0.0,-444184.5961092371,-459282.0593113233,63.3459921272618,3720.7389344870035,10.421576659893615,-1863646.019
100,RuPhos,2.5,150,18.933706875192,15.91341198864393,-1566251.738274505,-1784337.7609724514,0.0,-444184.5961092371,-459282.0593113233,63.3459921272618,3720.7389344870035,10.421576659893615,-1863646.019
100,RuPhos,2.5,300,18.933706875192,15.91341198864393,-1566251.738274505,-1784337.7609724514,0.0,-444184.5961092371,-459282.0593113233,63.3459921272618,3720.7389344870035,10.421576659893615,-1863646.019
100,RuPhos,2.5,600,18.933706875192,15.91341198864393,-1566251.738274505,-1784337.7609724514,0.0,-444184.5961092371,-459282.0593113233,63.3459921272618,3720.7389344870035,10.421576659893615,-1863646.019
100,RuPhos,2.5,900,18.933706875192,15.91341198864393,-1566251.738274505,-1784337.7609724514,0.0,-444184.5961092371,-459282.0593113233,63.3459921272618,3720.7389344870035,10.421576659893615,-1863646.019
100,RuPhos,5.0,60,18.933706875192,15.91341198864393,-1566251.738274505,-1784337.7609724514,0.0,-444184.5961092371,-459282.0593113233,63.3459921272618,3720.7389344870035,10.421576659893615,-1863646.019
100,RuPhos,5.0,150,18.933706875192,15.91341198864393,-1566251.738274505,-1784337.7609724514,0.0,-444184.5961092371,-459282.0593113233,63.3459921272618,3720.7389344870035,10.421576659893615,-1863646.019
100,RuPhos,5.0,300,18.933706875192,15.91341198864393,-1566251.738274505,-1784337.7609724514,0.0,-444184.5961092371,-459282.0593113233,63.3459921272618,3720.7389344870035,10.421576659893615,-1863646.019
100,RuPhos,5.0,600,18.933706875192,15.91341198864393,-1566251.738274505,-1784337.7609724514,0.0,-444184.5961092371,-459282.0593113233,63.3459921272618,3720.7389344870035,10.421576659893615,-1863646.019
100,RuPhos,5.0,900,18.933706875192,15.91341198864393,-1566251.738274505,-1784337.7609724514,0.0,-444184.5961092371,-459282.0593113233,63.3459921272618,3720.7389344870035,10.421576659893615,-1863646.019
100,SPhos,0.5,60,14.886274977819994,13.240499064093456,-1467650.7071208763,-1685732.659578356,0.0,-444184.5961092371,-459282.0593113233,14866.107744963463,136800.11328444284,11.343033209675925,-1765041.694
100,SPhos,0.5,150,14.886274977819994,13.240499064093456,-1467650.7071208763,-1685732.659578356,0.0,-444184.5961092371,-459282.0593113233,14866.107744963463,136800.11328444284,11.343033209675925,-1765041.694
100,SPhos,0.5,300,14.886274977819994,13.240499064093456,-1467650.7071208763,-1685732.659578356,0.0,-444184.5961092371,-459282.0593113233,14866.107744963463,136800.11328444284,11.343033209675925,-1765041.694
100,SPhos,0.5,600,14.886274977819994,13.240499064093456,-1467650.7071208763,-1685732.659578356,0.0,-444184.5961092371,-459282.0593113233,14866.107744963463,136800.11328444284,11.343033209675925,-1765041.694
100,SPhos,0.5,900,14.886274977819994,13.240499064093456,-1467650.7071208763,-1685732.659578356,0.0,-444184.5961092371,-459282.0593113233,14866.107744963463,136800.11328444284,11.343033209675925,-1765041.694
100,SPhos,1.25,60,14.886274977819994,13.240499064093456,-1467650.7071208763,-1685732.659578356,0.0,-444184.5961092371,-459282.0593113233,14866.107744963463,136800.11328444284,11.343033209675925,-1765041.694
100,SPhos,1.25,150,14.886274977819994,13.240499064093456,-1467650.7071208763,-1685732.659578356,0.0,-444184.5961092371,-459282.0593113233,14866.107744963463,136800.11328444284,11.343033209675925,-1765041.694
100,SPhos,1.25,300,14.886274977819994,13.240499064093456,-1467650.7071208763,-1685732.659578356,0.0,-444184.5961092371,-459282.0593113233,14866.107744963463,136800.11328444284,11.343033209675925,-1765041.694
100,SPhos,1.25,600,14.886274977819994,13.240499064093456,-1467650.7071208763,-1685732.659578356,0.0,-444184.5961092371,-459282.0593113233,14866.107744963463,136800.11328444284,11.343033209675925,-1765041.694
100,SPhos,1.25,900,14.886274977819994,13.240499064093456,-1467650.7071208763,-1685732.659578356,0.0,-444184.5961092371,-459282.0593113233,14866.107744963463,136800.11328444284,11.343033209675925,-1765041.694
100,SPhos,2.5,60,14.886274977819994,13.240499064093456,-1467650.7071208763,-1685732.659578356,0.0,-444184.5961092371,-459282.0593113233,14866.107744963463,136800.11328444284,11.343033209675925,-1765041.694
100,SPhos,2.5,150,14.886274977819994,13.240499064093456,-1467650.7071208763,-1685732.659578356,0.0,-444184.5961092371,-459282.0593113233,14866.107744963463,136800.11328444284,11.343033209675925,-1765041.694
100,SPhos,2.5,300,14.886274977819994,13.240499064093456,-1467650.7071208763,-1685732.659578356,0.0,-444184.5961092371,-459282.0593113233,14866.107744963463,136800.11328444284,11.343033209675925,-1765041.694
100,SPhos,2.5,600,14.886274977819994,13.240499064093456,-1467650.7071208763,-1685732.659578356,0.0,-444184.5961092371,-459282.0593113233,14866.107744963463,136800.11328444284,11.343033209675925,-1765041.694
100,SPhos,2.5,900,14.886274977819994,13.240499064093456,-1467650.7071208763,-1685732.659578356,0.0,-444184.5961092371,-459282.0593113233,14866.107744963463,136800.11328444284,11.343033209675925,-1765041.694
100,SPhos,5.0,60,14.886274977819994,13.240499064093456,-1467650.7071208763,-1685732.659578356,0.0,-444184.5961092371,-459282.0593113233,14866.107744963463,136800.11328444284,11.343033209675925,-1765041.694
100,SPhos,5.0,150,14.886274977819994,13.240499064093456,-1467650.7071208763,-1685732.659578356,0.0,-444184.5961092371,-459282.0593113233,14866.107744963463,136800.11328444284,11.343033209675925,-1765041.694
100,SPhos,5.0,300,14.886274977819994,13.240499064093456,-1467650.7071208763,-1685732.659578356,0.0,-444184.5961092371,-459282.0593113233,14866.107744963463,136800.11328444284,11.343033209675925,-1765041.694
100,SPhos,5.0,600,14.886274977819994,13.240499064093456,-1467650.7071208763,-1685732.659578356,0.0,-444184.5961092371,-459282.0593113233,14866.107744963463,136800.11328444284,11.343033209675925,-1765041.694
100,SPhos,5.0,900,14.886274977819994,13.240499064093456,-1467650.7071208763,-1685732.659578356,0.0,-444184.5961092371,-459282.0593113233,14866.107744963463,136800.11328444284,11.343033209675925,-1765041.694
100,tBu3,0.5,60,6.206584440427832,2.3557235216721892,-1035510.0689373752,-1253591.3730170864,0.0,-444184.5961092371,-459282.0593113233,1801655380.2815652,324356961675.8968,10.231022859923542,-1332889.789
100,tBu3,0.5,150,6.206584440427832,2.3557235216721892,-1035510.0689373752,-1253591.3730170864,0.0,-444184.5961092371,-459282.0593113233,1801655380.2815652,324356961675.8968,10.231022859923542,-1332889.789
100,tBu3,0.5,300,6.206584440427832,2.3557235216721892,-1035510.0689373752,-1253591.3730170864,0.0,-444184.5961092371,-459282.0593113233,1801655380.2815652,324356961675.8968,10.231022859923542,-1332889.789
100,tBu3,0.5,600,6.206584440427832,2.3557235216721892,-1035510.0689373752,-1253591.3730170864,0.0,-444184.5961092371,-459282.0593113233,1801655380.2815652,324356961675.8968,10.231022859923542,-1332889.789
100,tBu3,0.5,900,6.206584440427832,2.3557235216721892,-1035510.0689373752,-1253591.3730170864,0.0,-444184.5961092371,-459282.0593113233,1801655380.2815652,324356961675.8968,10.231022859923542,-1332889.789
100,tBu3,1.25,60,6.206584440427832,2.3557235216721892,-1035510.0689373752,-1253591.3730170864,0.0,-444184.5961092371,-459282.0593113233,1801655380.2815652,324356961675.8968,10.231022859923542,-1332889.789
100,tBu3,1.25,150,6.206584440427832,2.3557235216721892,-1035510.0689373752,-1253591.3730170864,0.0,-444184.5961092371,-459282.0593113233,1801655380.2815652,324356961675.8968,10.231022859923542,-1332889.789
100,tBu3,1.25,300,6.206584440427832,2.3557235216721892,-1035510.0689373752,-1253591.3730170864,0.0,-444184.5961092371,-459282.0593113233,1801655380.2815652,324356961675.8968,10.231022859923542,-1332889.789
100,tBu3,1.25,600,6.206584440427832,2.3557235216721892,-1035510.0689373752,-1253591.3730170864,0.0,-444184.5961092371,-459282.0593113233,1801655380.2815652,324356961675.8968,10.231022859923542,-1332889.789
100,tBu3,1.25,900,6.206584440427832,2.3557235216721892,-1035510.0689373752,-1253591.3730170864,0.0,-444184.5961092371,-459282.0593113233,1801655380.2815652,324356961675.8968,10.231022859923542,-1332889.789
100,tBu3,2.5,60,6.206584440427832,2.3557235216721892,-1035510.0689373752,-1253591.3730170864,0.0,-444184.5961092371,-459282.0593113233,1801655380.2815652,324356961675.8968,10.231022859923542,-1332889.789
100,tBu3,2.5,150,6.206584440427832,2.3557235216721892,-1035510.0689373752,-1253591.3730170864,0.0,-444184.5961092371,-459282.0593113233,1801655380.2815652,324356961675.8968,10.231022859923542,-1332889.789
100,tBu3,2.5,300,6.206584440427832,2.3557235216721892,-1035510.0689373752,-1253591.3730170864,0.0,-444184.5961092371,-459282.0593113233,1801655380.2815652,324356961675.8968,10.231022859923542,-1332889.789
100,tBu3,2.5,600,6.206584440427832,2.3557235216721892,-1035510.0689373752,-1253591.3730170864,0.0,-444184.5961092371,-459282.0593113233,1801655380.2815652,324356961675.8968,10.231022859923542,-1332889.789
100,tBu3,2.5,900,6.206584440427832,2.3557235216721892,-1035510.0689373752,-1253591.3730170864,0.0,-444184.5961092371,-459282.0593113233,1801655380.2815652,324356961675.8968,10.231022859923542,-1332889.789
100,tBu3,5.0,60,6.206584440427832,2.3557235216721892,-1035510.0689373752,-1253591.3730170864,0.0,-444184.5961092371,-459282.0593113233,1801655380.2815652,324356961675.8968,10.231022859923542,-1332889.789
100,tBu3,5.0,150,6.206584440427832,2.3557235216721892,-1035510.0689373752,-1253591.3730170864,0.0,-444184.5961092371,-459282.0593113233,1801655380.2815652,324356961675.8968,10.231022859923542,-1332889.789
100,tBu3,5.0,300,6.206584440427832,2.3557235216721892,-1035510.0689373752,-1253591.3730170864,0.0,-444184.5961092371,-459282.0593113233,1801655380.2815652,324356961675.8968,10.231022859923542,-1332889.789
100,tBu3,5.0,600,6.206584440427832,2.3557235216721892,-1035510.0689373752,-1253591.3730170864,0.0,-444184.5961092371,-459282.0593113233,1801655380.2815652,324356961675.8968,10.231022859923542,-1332889.789
100,tBu3,5.0,900,6.206584440427832,2.3557235216721892,-1035510.0689373752,-1253591.3730170864,0.0,-444184.5961092371,-459282.0593113233,1801655380.2815652,324356961675.8968,10.231022859923542,-1332889.789
100,XPhos,0.5,60,10.393239109078422,10.684714378789067,-1545792.359363991,-1763880.6380365512,0.0,-444184.5961092371,-459282.0593113233,6362888.981633075,4294817.146869944,10.669905859977009,-1843180.675
100,XPhos,0.5,150,10.393239109078422,10.684714378789067,-1545792.359363991,-1763880.6380365512,0.0,-444184.5961092371,-459282.0593113233,6362888.981633075,4294817.146869944,10.669905859977009,-1843180.675
100,XPhos,0.5,300,10.393239109078422,10.684714378789067,-1545792.359363991,-1763880.6380365512,0.0,-444184.5961092371,-459282.0593113233,6362888.981633075,4294817.146869944,10.669905859977009,-1843180.675
100,XPhos,0.5,600,10.393239109078422,10.684714378789067,-1545792.359363991,-1763880.6380365512,0.0,-444184.5961092371,-459282.0593113233,6362888.981633075,4294817.146869944,10.669905859977009,-1843180.675
100,XPhos,0.5,900,10.393239109078422,10.684714378789067,-1545792.359363991,-1763880.6380365512,0.0,-444184.5961092371,-459282.0593113233,6362888.981633075,4294817.146869944,10.669905859977009,-1843180.675
100,XPhos,1.25,60,10.393239109078422,10.684714378789067,-1545792.359363991,-1763880.6380365512,0.0,-444184.5961092371,-459282.0593113233,6362888.981633075,4294817.146869944,10.669905859977009,-1843180.675
100,XPhos,1.25,150,10.393239109078422,10.684714378789067,-1545792.359363991,-1763880.6380365512,0.0,-444184.5961092371,-459282.0593113233,6362888.981633075,4294817.146869944,10.669905859977009,-1843180.675
100,XPhos,1.25,300,10.393239109078422,10.684714378789067,-1545792.359363991,-1763880.6380365512,0.0,-444184.5961092371,-459282.0593113233,6362888.981633075,4294817.146869944,10.669905859977009,-1843180.675
100,XPhos,1.25,600,10.393239109078422,10.684714378789067,-1545792.359363991,-1763880.6380365512,0.0,-444184.5961092371,-459282.0593113233,6362888.981633075,4294817.146869944,10.669905859977009,-1843180.675
100,XPhos,1.25,900,10.393239109078422,10.684714378789067,-1545792.359363991,-1763880.6380365512,0.0,-444184.5961092371,-459282.0593113233,6362888.981633075,4294817.146869944,10.669905859977009,-1843180.675
100,XPhos,2.5,60,10.393239109078422,10.684714378789067,-1545792.359363991,-1763880.6380365512,0.0,-444184.5961092371,-459282.0593113233,6362888.981633075,4294817.146869944,10.669905859977009,-1843180.675
100,XPhos,2.5,150,10.393239109078422,10.684714378789067,-1545792.359363991,-1763880.6380365512,0.0,-444184.5961092371,-459282.0593113233,6362888.981633075,4294817.146869944,10.669905859977009,-1843180.675
100,XPhos,2.5,300,10.393239109078422,10.684714378789067,-1545792.359363991,-1763880.6380365512,0.0,-444184.5961092371,-459282.0593113233,6362888.981633075,4294817.146869944,10.669905859977009,-1843180.675
100,XPhos,2.5,600,10.393239109078422,10.684714378789067,-1545792.359363991,-1763880.6380365512,0.0,-444184.5961092371,-459282.0593113233,6362888.981633075,4294817.146869944,10.669905859977009,-1843180.675
100,XPhos,2.5,900,10.393239109078422,10.684714378789067,-1545792.359363991,-1763880.6380365512,0.0,-444184.5961092371,-459282.0593113233,6362888.981633075,4294817.146869944,10.669905859977009,-1843180.675
100,XPhos,5.0,60,10.393239109078422,10.684714378789067,-1545792.359363991,-1763880.6380365512,0.0,-444184.5961092371,-459282.0593113233,6362888.981633075,4294817.146869944,10.669905859977009,-1843180.675
100,XPhos,5.0,150,10.393239109078422,10.684714378789067,-1545792.359363991,-1763880.6380365512,0.0,-444184.5961092371,-459282.0593113233,6362888.981633075,4294817.146869944,10.669905859977009,-1843180.675
100,XPhos,5.0,300,10.393239109078422,10.684714378789067,-1545792.359363991,-1763880.6380365512,0.0,-444184.5961092371,-459282.0593113233,6362888.981633075,4294817.146869944,10.669905859977009,-1843180.675
100,XPhos,5.0,600,10.393239109078422,10.684714378789067,-1545792.359363991,-1763880.6380365512,0.0,-444184.5961092371,-459282.0593113233,6362888.981633075,4294817.146869944,10.669905859977009,-1843180.675
100,XPhos,5.0,900,10.393239109078422,10.684714378789067,-1545792.359363991,-1763880.6380365512,0.0,-444184.5961092371,-459282.0593113233,6362888.981633075,4294817.146869944,10.669905859977009,-1843180.675
105,PCy3,0.5,60,7.948321542236954,15.555563907371834,-1181212.120372024,-1399293.653224585,0.0,-444185.0052725071,-459282.7596657633,200868825.2077691,8062.205049708938,11.570260799955577,-1478602.071
105,PCy3,0.5,150,7.948321542236954,15.555563907371834,-1181212.120372024,-1399293.653224585,0.0,-444185.0052725071,-459282.7596657633,200868825.2077691,8062.205049708938,11.570260799955577,-1478602.071
105,PCy3,0.5,300,7.948321542236954,15.555563907371834,-1181212.120372024,-1399293.653224585,0.0,-444185.0052725071,-459282.7596657633,200868825.2077691,8062.205049708938,11.570260799955577,-1478602.071
105,PCy3,0.5,600,7.948321542236954,15.555563907371834,-1181212.120372024,-1399293.653224585,0.0,-444185.0052725071,-459282.7596657633,200868825.2077691,8062.205049708938,11.570260799955577,-1478602.071
105,PCy3,0.5,900,7.948321542236954,15.555563907371834,-1181212.120372024,-1399293.653224585,0.0,-444185.0052725071,-459282.7596657633,200868825.2077691,8062.205049708938,11.570260799955577,-1478602.071
105,PCy3,1.25,60,7.948321542236954,15.555563907371834,-1181212.120372024,-1399293.653224585,0.0,-444185.0052725071,-459282.7596657633,200868825.2077691,8062.205049708938,11.570260799955577,-1478602.071
105,PCy3,1.25,150,7.948321542236954,15.555563907371834,-1181212.120372024,-1399293.653224585,0.0,-444185.0052725071,-459282.7596657633,200868825.2077691,8062.205049708938,11.570260799955577,-1478602.071
105,PCy3,1.25,300,7.948321542236954,15.555563907371834,-1181212.120372024,-1399293.653224585,0.0,-444185.0052725071,-459282.7596657633,200868825.2077691,8062.205049708938,11.570260799955577,-1478602.071
105,PCy3,1.25,600,7.948321542236954,15.555563907371834,-1181212.120372024,-1399293.653224585,0.0,-444185.0052725071,-459282.7596657633,200868825.2077691,8062.205049708938,11.570260799955577,-1478602.071
105,PCy3,1.25,900,7.948321542236954,15.555563907371834,-1181212.120372024,-1399293.653224585,0.0,-444185.0052725071,-459282.7596657633,200868825.2077691,8062.205049708938,11.570260799955577,-1478602.071
105,PCy3,2.5,60,7.948321542236954,15.555563907371834,-1181212.120372024,-1399293.653224585,0.0,-444185.0052725071,-459282.7596657633,200868825.2077691,8062.205049708938,11.570260799955577,-1478602.071
105,PCy3,2.5,150,7.948321542236954,15.555563907371834,-1181212.120372024,-1399293.653224585,0.0,-444185.0052725071,-459282.7596657633,200868825.2077691,8062.205049708938,11.570260799955577,-1478602.071
105,PCy3,2.5,300,7.948321542236954,15.555563907371834,-1181212.120372024,-1399293.653224585,0.0,-444185.0052725071,-459282.7596657633,200868825.2077691,8062.205049708938,11.570260799955577,-1478602.071
105,PCy3,2.5,600,7.948321542236954,15.555563907371834,-1181212.120372024,-1399293.653224585,0.0,-444185.0052725071,-459282.7596657633,200868825.2077691,8062.205049708938,11.570260799955577,-1478602.071
105,PCy3,2.5,900,7.948321542236954,15.555563907371834,-1181212.120372024,-1399293.653224585,0.0,-444185.0052725071,-459282.7596657633,200868825.2077691,8062.205049708938,11.570260799955577,-1478602.071
105,PCy3,5.0,60,7.948321542236954,15.555563907371834,-1181212.120372024,-1399293.653224585,0.0,-444185.0052725071,-459282.7596657633,200868825.2077691,8062.205049708938,11.570260799955577,-1478602.071
105,PCy3,5.0,150,7.948321542236954,15.555563907371834,-1181212.120372024,-1399293.653224585,0.0,-444185.0052725071,-459282.7596657633,200868825.2077691,8062.205049708938,11.570260799955577,-1478602.071
105,PCy3,5.0,300,7.948321542236954,15.555563907371834,-1181212.120372024,-1399293.653224585,0.0,-444185.0052725071,-459282.7596657633,200868825.2077691,8062.205049708938,11.570260799955577,-1478602.071
105,PCy3,5.0,600,7.948321542236954,15.555563907371834,-1181212.120372024,-1399293.653224585,0.0,-444185.0052725071,-459282.7596657633,200868825.2077691,8062.205049708938,11.570260799955577,-1478602.071
105,PCy3,5.0,900,7.948321542236954,15.555563907371834,-1181212.120372024,-1399293.653224585,0.0,-444185.0052725071,-459282.7596657633,200868825.2077691,8062.205049708938,11.570260799955577,-1478602.071
105,PPh3,0.5,60,8.030349103501067,8.560787699185312,-1174572.204665182,-1392658.617201391,0.0,-444185.0052725071,-459282.7596657633,180096924.25953132,88909785.25421162,8.780080769909546,-1471962.562
105,PPh3,0.5,150,8.030349103501067,8.560787699185312,-1174572.204665182,-1392658.617201391,0.0,-444185.0052725071,-459282.7596657633,180096924.25953132,88909785.25421162,8.780080769909546,-1471962.562
105,PPh3,0.5,300,8.030349103501067,8.560787699185312,-1174572.204665182,-1392658.617201391,0.0,-444185.0052725071,-459282.7596657633,180096924.25953132,88909785.25421162,8.780080769909546,-1471962.562
105,PPh3,0.5,600,8.030349103501067,8.560787699185312,-1174572.204665182,-1392658.617201391,0.0,-444185.0052725071,-459282.7596657633,180096924.25953132,88909785.25421162,8.780080769909546,-1471962.562
105,PPh3,0.5,900,8.030349103501067,8.560787699185312,-1174572.204665182,-1392658.617201391,0.0,-444185.0052725071,-459282.7596657633,180096924.25953132,88909785.25421162,8.780080769909546,-1471962.562
105,PPh3,1.25,60,8.030349103501067,8.560787699185312,-1174572.204665182,-1392658.617201391,0.0,-444185.0052725071,-459282.7596657633,180096924.25953132,88909785.25421162,8.780080769909546,-1471962.562
105,PPh3,1.25,150,8.030349103501067,8.560787699185312,-1174572.204665182,-1392658.617201391,0.0,-444185.0052725071,-459282.7596657633,180096924.25953132,88909785.25421162,8.780080769909546,-1471962.562
105,PPh3,1.25,300,8.030349103501067,8.560787699185312,-1174572.204665182,-1392658.617201391,0.0,-444185.0052725071,-459282.7596657633,180096924.25953132,88909785.25421162,8.780080769909546,-1471962.562
105,PPh3,1.25,600,8.030349103501067,8.560787699185312,-1174572.204665182,-1392658.617201391,0.0,-444185.0052725071,-459282.7596657633,180096924.25953132,88909785.25421162,8.780080769909546,-1471962.562
105,PPh3,1.25,900,8.030349103501067,8.560787699185312,-1174572.204665182,-1392658.617201391,0.0,-444185.0052725071,-459282.7596657633,180096924.25953132,88909785.25421162,8.780080769909546,-1471962.562
105,PPh3,2.5,60,8.030349103501067,8.560787699185312,-1174572.204665182,-1392658.617201391,0.0,-444185.0052725071,-459282.7596657633,180096924.25953132,88909785.25421162,8.780080769909546,-1471962.562
105,PPh3,2.5,150,8.030349103501067,8.560787699185312,-1174572.204665182,-1392658.617201391,0.0,-444185.0052725071,-459282.7596657633,180096924.25953132,88909785.25421162,8.780080769909546,-1471962.562
105,PPh3,2.5,300,8.030349103501067,8.560787699185312,-1174572.204665182,-1392658.617201391,0.0,-444185.0052725071,-459282.7596657633,180096924.25953132,88909785.25421162,8.780080769909546,-1471962.562
105,PPh3,2.5,600,8.030349103501067,8.560787699185312,-1174572.204665182,-1392658.617201391,0.0,-444185.0052725071,-459282.7596657633,180096924.25953132,88909785.25421162,8.780080769909546,-1471962.562
105,PPh3,2.5,900,8.030349103501067,8.560787699185312,-1174572.204665182,-1392658.617201391,0.0,-444185.0052725071,-459282.7596657633,180096924.25953132,88909785.25421162,8.780080769909546,-1471962.562
105,PPh3,5.0,60,8.030349103501067,8.560787699185312,-1174572.204665182,-1392658.617201391,0.0,-444185.0052725071,-459282.7596657633,180096924.25953132,88909785.25421162,8.780080769909546,-1471962.562
105,PPh3,5.0,150,8.030349103501067,8.560787699185312,-1174572.204665182,-1392658.617201391,0.0,-444185.0052725071,-459282.7596657633,180096924.25953132,88909785.25421162,8.780080769909546,-1471962.562
105,PPh3,5.0,300,8.030349103501067,8.560787699185312,-1174572.204665182,-1392658.617201391,0.0,-444185.0052725071,-459282.7596657633,180096924.25953132,88909785.25421162,8.780080769909546,-1471962.562
105,PPh3,5.0,600,8.030349103501067,8.560787699185312,-1174572.204665182,-1392658.617201391,0.0,-444185.0052725071,-459282.7596657633,180096924.25953132,88909785.25421162,8.780080769909546,-1471962.562
105,PPh3,5.0,900,8.030349103501067,8.560787699185312,-1174572.204665182,-1392658.617201391,0.0,-444185.0052725071,-459282.7596657633,180096924.25953132,88909785.25421162,8.780080769909546,-1471962.562
105,AmPhos,0.5,60,7.781655416125432,5.881691461196169,-1448665.7940633,-1666750.4924117788,0.0,-444185.0052725071,-459282.7596657633,250745995.55878735,3142544623.0222883,10.154754139715806,-1746048.313
105,AmPhos,0.5,150,7.781655416125432,5.881691461196169,-1448665.7940633,-1666750.4924117788,0.0,-444185.0052725071,-459282.7596657633,250745995.55878735,3142544623.0222883,10.154754139715806,-1746048.313
105,AmPhos,0.5,300,7.781655416125432,5.881691461196169,-1448665.7940633,-1666750.4924117788,0.0,-444185.0052725071,-459282.7596657633,250745995.55878735,3142544623.0222883,10.154754139715806,-1746048.313
105,AmPhos,0.5,600,7.781655416125432,5.881691461196169,-1448665.7940633,-1666750.4924117788,0.0,-444185.0052725071,-459282.7596657633,250745995.55878735,3142544623.0222883,10.154754139715806,-1746048.313
105,AmPhos,0.5,900,7.781655416125432,5.881691461196169,-1448665.7940633,-1666750.4924117788,0.0,-444185.0052725071,-459282.7596657633,250745995.55878735,3142544623.0222883,10.154754139715806,-1746048.313
105,AmPhos,1.25,60,7.781655416125432,5.881691461196169,-1448665.7940633,-1666750.4924117788,0.0,-444185.0052725071,-459282.7596657633,250745995.55878735,3142544623.0222883,10.154754139715806,-1746048.313
105,AmPhos,1.25,150,7.781655416125432,5.881691461196169,-1448665.7940633,-1666750.4924117788,0.0,-444185.0052725071,-459282.7596657633,250745995.55878735,3142544623.0222883,10.154754139715806,-1746048.313
105,AmPhos,1.25,300,7.781655416125432,5.881691461196169,-1448665.7940633,-1666750.4924117788,0.0,-444185.0052725071,-459282.7596657633,250745995.55878735,3142544623.0222883,10.154754139715806,-1746048.313
105,AmPhos,1.25,600,7.781655416125432,5.881691461196169,-1448665.7940633,-1666750.4924117788,0.0,-444185.0052725071,-459282.7596657633,250745995.55878735,3142544623.0222883,10.154754139715806,-1746048.313
105,AmPhos,1.25,900,7.781655416125432,5.881691461196169,-1448665.7940633,-1666750.4924117788,0.0,-444185.0052725071,-459282.7596657633,250745995.55878735,3142544623.0222883,10.154754139715806,-1746048.313
105,AmPhos,2.5,60,7.781655416125432,5.881691461196169,-1448665.7940633,-1666750.4924117788,0.0,-444185.0052725071,-459282.7596657633,250745995.55878735,3142544623.0222883,10.154754139715806,-1746048.313
105,AmPhos,2.5,150,7.781655416125432,5.881691461196169,-1448665.7940633,-1666750.4924117788,0.0,-444185.0052725071,-459282.7596657633,250745995.55878735,3142544623.0222883,10.154754139715806,-1746048.313
105,AmPhos,2.5,300,7.781655416125432,5.881691461196169,-1448665.7940633,-1666750.4924117788,0.0,-444185.0052725071,-459282.7596657633,250745995.55878735,3142544623.0222883,10.154754139715806,-1746048.313
105,AmPhos,2.5,600,7.781655416125432,5.881691461196169,-1448665.7940633,-1666750.4924117788,0.0,-444185.0052725071,-459282.7596657633,250745995.55878735,3142544623.0222883,10.154754139715806,-1746048.313
105,AmPhos,2.5,900,7.781655416125432,5.881691461196169,-1448665.7940633,-1666750.4924117788,0.0,-444185.0052725071,-459282.7596657633,250745995.55878735,3142544623.0222883,10.154754139715806,-1746048.313
105,AmPhos,5.0,60,7.781655416125432,5.881691461196169,-1448665.7940633,-1666750.4924117788,0.0,-444185.0052725071,-459282.7596657633,250745995.55878735,3142544623.0222883,10.154754139715806,-1746048.313
105,AmPhos,5.0,150,7.781655416125432,5.881691461196169,-1448665.7940633,-1666750.4924117788,0.0,-444185.0052725071,-459282.7596657633,250745995.55878735,3142544623.0222883,10.154754139715806,-1746048.313
105,AmPhos,5.0,300,7.781655416125432,5.881691461196169,-1448665.7940633,-1666750.4924117788,0.0,-444185.0052725071,-459282.7596657633,250745995.55878735,3142544623.0222883,10.154754139715806,-1746048.313
105,AmPhos,5.0,600,7.781655416125432,5.881691461196169,-1448665.7940633,-1666750.4924117788,0.0,-444185.0052725071,-459282.7596657633,250745995.55878735,3142544623.0222883,10.154754139715806,-1746048.313
105,AmPhos,5.0,900,7.781655416125432,5.881691461196169,-1448665.7940633,-1666750.4924117788,0.0,-444185.0052725071,-459282.7596657633,250745995.55878735,3142544623.0222883,10.154754139715806,-1746048.313
105,RuPhos,0.5,60,19.176058075157925,15.919024858390912,-1566253.129770275,-1784339.5725187417,0.0,-444185.0052725071,-459282.7596657633,65.17172382576413,4970.4831688753775,10.421576660126448,-1863647.675
105,RuPhos,0.5,150,19.176058075157925,15.919024858390912,-1566253.129770275,-1784339.5725187417,0.0,-444185.0052725071,-459282.7596657633,65.17172382576413,4970.4831688753775,10.421576660126448,-1863647.675
105,RuPhos,0.5,300,19.176058075157925,15.919024858390912,-1566253.129770275,-1784339.5725187417,0.0,-444185.0052725071,-459282.7596657633,65.17172382576413,4970.4831688753775,10.421576660126448,-1863647.675
105,RuPhos,0.5,600,19.176058075157925,15.919024858390912,-1566253.129770275,-1784339.5725187417,0.0,-444185.0052725071,-459282.7596657633,65.17172382576413,4970.4831688753775,10.421576660126448,-1863647.675
105,RuPhos,0.5,900,19.176058075157925,15.919024858390912,-1566253.129770275,-1784339.5725187417,0.0,-444185.0052725071,-459282.7596657633,65.17172382576413,4970.4831688753775,10.421576660126448,-1863647.675
105,RuPhos,1.25,60,19.176058075157925,15.919024858390912,-1566253.129770275,-1784339.5725187417,0.0,-444185.0052725071,-459282.7596657633,65.17172382576413,4970.4831688753775,10.421576660126448,-1863647.675
105,RuPhos,1.25,150,19.176058075157925,15.919024858390912,-1566253.129770275,-1784339.5725187417,0.0,-444185.0052725071,-459282.7596657633,65.17172382576413,4970.4831688753775,10.421576660126448,-1863647.675
105,RuPhos,1.25,300,19.176058075157925,15.919024858390912,-1566253.129770275,-1784339.5725187417,0.0,-444185.0052725071,-459282.7596657633,65.17172382576413,4970.4831688753775,10.421576660126448,-1863647.675
105,RuPhos,1.25,600,19.176058075157925,15.919024858390912,-1566253.129770275,-1784339.5725187417,0.0,-444185.0052725071,-459282.7596657633,65.17172382576413,4970.4831688753775,10.421576660126448,-1863647.675
105,RuPhos,1.25,900,19.176058075157925,15.919024858390912,-1566253.129770275,-1784339.5725187417,0.0,-444185.0052725071,-459282.7596657633,65.17172382576413,4970.4831688753775,10.421576660126448,-1863647.675
105,RuPhos,2.5,60,19.176058075157925,15.919024858390912,-1566253.129770275,-1784339.5725187417,0.0,-444185.0052725071,-459282.7596657633,65.17172382576413,4970.4831688753775,10.421576660126448,-1863647.675
105,RuPhos,2.5,150,19.176058075157925,15.919024858390912,-1566253.129770275,-1784339.5725187417,0.0,-444185.0052725071,-459282.7596657633,65.17172382576413,4970.4831688753775,10.421576660126448,-1863647.675
105,RuPhos,2.5,300,19.176058075157925,15.919024858390912,-1566253.129770275,-1784339.5725187417,0.0,-444185.0052725071,-459282.7596657633,65.17172382576413,4970.4831688753775,10.421576660126448,-1863647.675
105,RuPhos,2.5,600,19.176058075157925,15.919024858390912,-1566253.129770275,-1784339.5725187417,0.0,-444185.0052725071,-459282.7596657633,65.17172382576413,4970.4831688753775,10.421576660126448,-1863647.675
105,RuPhos,2.5,900,19.176058075157925,15.919024858390912,-1566253.129770275,-1784339.5725187417,0.0,-444185.0052725071,-459282.7596657633,65.17172382576413,4970.4831688753775,10.421576660126448,-1863647.675
105,RuPhos,5.0,60,19.176058075157925,15.919024858390912,-1566253.129770275,-1784339.5725187417,0.0,-444185.0052725071,-459282.7596657633,65.17172382576413,4970.4831688753775,10.421576660126448,-1863647.675
105,RuPhos,5.0,150,19.176058075157925,15.919024858390912,-1566253.129770275,-1784339.5725187417,0.0,-444185.0052725071,-459282.7596657633,65.17172382576413,4970.4831688753775,10.421576660126448,-1863647.675
105,RuPhos,5.0,300,19.176058075157925,15.919024858390912,-1566253.129770275,-1784339.5725187417,0.0,-444185.0052725071,-459282.7596657633,65.17172382576413,4970.4831688753775,10.421576660126448,-1863647.675
105,RuPhos,5.0,600,19.176058075157925,15.919024858390912,-1566253.129770275,-1784339.5725187417,0.0,-444185.0052725071,-459282.7596657633,65.17172382576413,4970.4831688753775,10.421576660126448,-1863647.675
105,RuPhos,5.0,900,19.176058075157925,15.919024858390912,-1566253.129770275,-1784339.5725187417,0.0,-444185.0052725071,-459282.7596657633,65.17172382576413,4970.4831688753775,10.421576660126448,-1863647.675
105,SPhos,0.5,60,15.09935283777304,13.252163224155083,-1467651.9978407663,-1685734.324690526,0.0,-444185.0052725071,-459282.7596657633,14794.90599541967,172846.1644215903,11.343033209908754,-1765043.205
105,SPhos,0.5,150,15.09935283777304,13.252163224155083,-1467651.9978407663,-1685734.324690526,0.0,-444185.0052725071,-459282.7596657633,14794.90599541967,172846.1644215903,11.343033209908754,-1765043.205
105,SPhos,0.5,300,15.09935283777304,13.252163224155083,-1467651.9978407663,-1685734.324690526,0.0,-444185.0052725071,-459282.7596657633,14794.90599541967,172846.1644215903,11.343033209908754,-1765043.205
105,SPhos,0.5,600,15.09935283777304,13.252163224155083,-1467651.9978407663,-1685734.324690526,0.0,-444185.0052725071,-459282.7596657633,14794.90599541967,172846.1644215903,11.343033209908754,-1765043.205
105,SPhos,0.5,900,15.09935283777304,13.252163224155083,-1467651.9978407663,-1685734.324690526,0.0,-444185.0052725071,-459282.7596657633,14794.90599541967,172846.1644215903,11.343033209908754,-1765043.205
105,SPhos,1.25,60,15.09935283777304,13.252163224155083,-1467651.9978407663,-1685734.324690526,0.0,-444185.0052725071,-459282.7596657633,14794.90599541967,172846.1644215903,11.343033209908754,-1765043.205
105,SPhos,1.25,150,15.09935283777304,13.252163224155083,-1467651.9978407663,-1685734.324690526,0.0,-444185.0052725071,-459282.7596657633,14794.90599541967,172846.1644215903,11.343033209908754,-1765043.205
105,SPhos,1.25,300,15.09935283777304,13.252163224155083,-1467651.9978407663,-1685734.324690526,0.0,-444185.0052725071,-459282.7596657633,14794.90599541967,172846.1644215903,11.343033209908754,-1765043.205
105,SPhos,1.25,600,15.09935283777304,13.252163224155083,-1467651.9978407663,-1685734.324690526,0.0,-444185.0052725071,-459282.7596657633,14794.90599541967,172846.1644215903,11.343033209908754,-1765043.205
105,SPhos,1.25,900,15.09935283777304,13.252163224155083,-1467651.9978407663,-1685734.324690526,0.0,-444185.0052725071,-459282.7596657633,14794.90599541967,172846.1644215903,11.343033209908754,-1765043.205
105,SPhos,2.5,60,15.09935283777304,13.252163224155083,-1467651.9978407663,-1685734.324690526,0.0,-444185.0052725071,-459282.7596657633,14794.90599541967,172846.1644215903,11.343033209908754,-1765043.205
105,SPhos,2.5,150,15.09935283777304,13.252163224155083,-1467651.9978407663,-1685734.324690526,0.0,-444185.0052725071,-459282.7596657633,14794.90599541967,172846.1644215903,11.343033209908754,-1765043.205
105,SPhos,2.5,300,15.09935283777304,13.252163224155083,-1467651.9978407663,-1685734.324690526,0.0,-444185.0052725071,-459282.7596657633,14794.90599541967,172846.1644215903,11.343033209908754,-1765043.205
105,SPhos,2.5,600,15.09935283777304,13.252163224155083,-1467651.9978407663,-1685734.324690526,0.0,-444185.0052725071,-459282.7596657633,14794.90599541967,172846.1644215903,11.343033209908754,-1765043.205
105,SPhos,2.5,900,15.09935283777304,13.252163224155083,-1467651.9978407663,-1685734.324690526,0.0,-444185.0052725071,-459282.7596657633,14794.90599541967,172846.1644215903,11.343033209908754,-1765043.205
105,SPhos,5.0,60,15.09935283777304,13.252163224155083,-1467651.9978407663,-1685734.324690526,0.0,-444185.0052725071,-459282.7596657633,14794.90599541967,172846.1644215903,11.343033209908754,-1765043.205
105,SPhos,5.0,150,15.09935283777304,13.252163224155083,-1467651.9978407663,-1685734.324690526,0.0,-444185.0052725071,-459282.7596657633,14794.90599541967,172846.1644215903,11.343033209908754,-1765043.205
105,SPhos,5.0,300,15.09935283777304,13.252163224155083,-1467651.9978407663,-1685734.324690526,0.0,-444185.0052725071,-459282.7596657633,14794.90599541967,172846.1644215903,11.343033209908754,-1765043.205
105,SPhos,5.0,600,15.09935283777304,13.252163224155083,-1467651.9978407663,-1685734.324690526,0.0,-444185.0052725071,-459282.7596657633,14794.90599541967,172846.1644215903,11.343033209908754,-1765043.205
105,SPhos,5.0,900,15.09935283777304,13.252163224155083,-1467651.9978407663,-1685734.324690526,0.0,-444185.0052725071,-459282.7596657633,14794.90599541967,172846.1644215903,11.343033209908754,-1765043.205
105,tBu3,0.5,60,6.211264560231939,2.3627887312322855,-1035511.0318996854,-1253592.7469961166,0.0,-444185.0052725071,-459282.7596657633,2026800721.8335,339596555279.8129,10.231022860156372,-1332891.011
105,tBu3,0.5,150,6.211264560231939,2.3627887312322855,-1035511.0318996854,-1253592.7469961166,0.0,-444185.0052725071,-459282.7596657633,2026800721.8335,339596555279.8129,10.231022860156372,-1332891.011
105,tBu3,0.5,300,6.211264560231939,2.3627887312322855,-1035511.0318996854,-1253592.7469961166,0.0,-444185.0052725071,-459282.7596657633,2026800721.8335,339596555279.8129,10.231022860156372,-1332891.011
105,tBu3,0.5,600,6.211264560231939,2.3627887312322855,-1035511.0318996854,-1253592.7469961166,0.0,-444185.0052725071,-459282.7596657633,2026800721.8335,339596555279.8129,10.231022860156372,-1332891.011
105,tBu3,0.5,900,6.211264560231939,2.3627887312322855,-1035511.0318996854,-1253592.7469961166,0.0,-444185.0052725071,-459282.7596657633,2026800721.8335,339596555279.8129,10.231022860156372,-1332891.011
105,tBu3,1.25,60,6.211264560231939,2.3627887312322855,-1035511.0318996854,-1253592.7469961166,0.0,-444185.0052725071,-459282.7596657633,2026800721.8335,339596555279.8129,10.231022860156372,-1332891.011
105,tBu3,1.25,150,6.211264560231939,2.3627887312322855,-1035511.0318996854,-1253592.7469961166,0.0,-444185.0052725071,-459282.7596657633,2026800721.8335,339596555279.8129,10.231022860156372,-1332891.011
105,tBu3,1.25,300,6.211264560231939,2.3627887312322855,-1035511.0318996854,-1253592.7469961166,0.0,-444185.0052725071,-459282.7596657633,2026800721.8335,339596555279.8129,10.231022860156372,-1332891.011
105,tBu3,1.25,600,6.211264560231939,2.3627887312322855,-1035511.0318996854,-1253592.7469961166,0.0,-444185.0052725071,-459282.7596657633,2026800721.8335,339596555279.8129,10.231022860156372,-1332891.011
105,tBu3,1.25,900,6.211264560231939,2.3627887312322855,-1035511.0318996854,-1253592.7469961166,0.0,-444185.0052725071,-459282.7596657633,2026800721.8335,339596555279.8129,10.231022860156372,-1332891.011
105,tBu3,2.5,60,6.211264560231939,2.3627887312322855,-1035511.0318996854,-1253592.7469961166,0.0,-444185.0052725071,-459282.7596657633,2026800721.8335,339596555279.8129,10.231022860156372,-1332891.011
105,tBu3,2.5,150,6.211264560231939,2.3627887312322855,-1035511.0318996854,-1253592.7469961166,0.0,-444185.0052725071,-459282.7596657633,2026800721.8335,339596555279.8129,10.231022860156372,-1332891.011
105,tBu3,2.5,300,6.211264560231939,2.3627887312322855,-1035511.0318996854,-1253592.7469961166,0.0,-444185.0052725071,-459282.7596657633,2026800721.8335,339596555279.8129,10.231022860156372,-1332891.011
105,tBu3,2.5,600,6.211264560231939,2.3627887312322855,-1035511.0318996854,-1253592.7469961166,0.0,-444185.0052725071,-459282.7596657633,2026800721.8335,339596555279.8129,10.231022860156372,-1332891.011
105,tBu3,2.5,900,6.211264560231939,2.3627887312322855,-1035511.0318996854,-1253592.7469961166,0.0,-444185.0052725071,-459282.7596657633,2026800721.8335,339596555279.8129,10.231022860156372,-1332891.011
105,tBu3,5.0,60,6.211264560231939,2.3627887312322855,-1035511.0318996854,-1253592.7469961166,0.0,-444185.0052725071,-459282.7596657633,2026800721.8335,339596555279.8129,10.231022860156372,-1332891.011
105,tBu3,5.0,150,6.211264560231939,2.3627887312322855,-1035511.0318996854,-1253592.7469961166,0.0,-444185.0052725071,-459282.7596657633,2026800721.8335,339596555279.8129,10.231022860156372,-1332891.011
105,tBu3,5.0,300,6.211264560231939,2.3627887312322855,-1035511.0318996854,-1253592.7469961166,0.0,-444185.0052725071,-459282.7596657633,2026800721.8335,339596555279.8129,10.231022860156372,-1332891.011
105,tBu3,5.0,600,6.211264560231939,2.3627887312322855,-1035511.0318996854,-1253592.7469961166,0.0,-444185.0052725071,-459282.7596657633,2026800721.8335,339596555279.8129,10.231022860156372,-1332891.011
105,tBu3,5.0,900,6.211264560231939,2.3627887312322855,-1035511.0318996854,-1253592.7469961166,0.0,-444185.0052725071,-459282.7596657633,2026800721.8335,339596555279.8129,10.231022860156372,-1332891.011
105,XPhos,0.5,60,10.637841439107433,10.695317378966138,-1545793.820489031,-1763882.508908831,0.0,-444185.0052725071,-459282.7596657633,5604753.223729682,5192056.22532631,10.669905859977009,-1843182.392
105,XPhos,0.5,150,10.637841439107433,10.695317378966138,-1545793.820489031,-1763882.508908831,0.0,-444185.0052725071,-459282.7596657633,5604753.223729682,5192056.22532631,10.669905859977009,-1843182.392
105,XPhos,0.5,300,10.637841439107433,10.695317378966138,-1545793.820489031,-1763882.508908831,0.0,-444185.0052725071,-459282.7596657633,5604753.223729682,5192056.22532631,10.669905859977009,-1843182.392
105,XPhos,0.5,600,10.637841439107433,10.695317378966138,-1545793.820489031,-1763882.508908831,0.0,-444185.0052725071,-459282.7596657633,5604753.223729682,5192056.22532631,10.669905859977009,-1843182.392
105,XPhos,0.5,900,10.637841439107433,10.695317378966138,-1545793.820489031,-1763882.508908831,0.0,-444185.0052725071,-459282.7596657633,5604753.223729682,5192056.22532631,10.669905859977009,-1843182.392
105,XPhos,1.25,60,10.637841439107433,10.695317378966138,-1545793.820489031,-1763882.508908831,0.0,-444185.0052725071,-459282.7596657633,5604753.223729682,5192056.22532631,10.669905859977009,-1843182.392
105,XPhos,1.25,150,10.637841439107433,10.695317378966138,-1545793.820489031,-1763882.508908831,0.0,-444185.0052725071,-459282.7596657633,5604753.223729682,5192056.22532631,10.669905859977009,-1843182.392
105,XPhos,1.25,300,10.637841439107433,10.695317378966138,-1545793.820489031,-1763882.508908831,0.0,-444185.0052725071,-459282.7596657633,5604753.223729682,5192056.22532631,10.669905859977009,-1843182.392
105,XPhos,1.25,600,10.637841439107433,10.695317378966138,-1545793.820489031,-1763882.508908831,0.0,-444185.0052725071,-459282.7596657633,5604753.223729682,5192056.22532631,10.669905859977009,-1843182.392
105,XPhos,1.25,900,10.637841439107433,10.695317378966138,-1545793.820489031,-1763882.508908831,0.0,-444185.0052725071,-459282.7596657633,5604753.223729682,5192056.22532631,10.669905859977009,-1843182.392
105,XPhos,2.5,60,10.637841439107433,10.695317378966138,-1545793.820489031,-1763882.508908831,0.0,-444185.0052725071,-459282.7596657633,5604753.223729682,5192056.22532631,10.669905859977009,-1843182.392
105,XPhos,2.5,150,10.637841439107433,10.695317378966138,-1545793.820489031,-1763882.508908831,0.0,-444185.0052725071,-459282.7596657633,5604753.223729682,5192056.22532631,10.669905859977009,-1843182.392
105,XPhos,2.5,300,10.637841439107433,10.695317378966138,-1545793.820489031,-1763882.508908831,0.0,-444185.0052725071,-459282.7596657633,5604753.223729682,5192056.22532631,10.669905859977009,-1843182.392
105,XPhos,2.5,600,10.637841439107433,10.695317378966138,-1545793.820489031,-1763882.508908831,0.0,-444185.0052725071,-459282.7596657633,5604753.223729682,5192056.22532631,10.669905859977009,-1843182.392
105,XPhos,2.5,900,10.637841439107433,10.695317378966138,-1545793.820489031,-1763882.508908831,0.0,-444185.0052725071,-459282.7596657633,5604753.223729682,5192056.22532631,10.669905859977009,-1843182.392
105,XPhos,5.0,60,10.637841439107433,10.695317378966138,-1545793.820489031,-1763882.508908831,0.0,-444185.0052725071,-459282.7596657633,5604753.223729682,5192056.22532631,10.669905859977009,-1843182.392
105,XPhos,5.0,150,10.637841439107433,10.695317378966138,-1545793.820489031,-1763882.508908831,0.0,-444185.0052725071,-459282.7596657633,5604753.223729682,5192056.22532631,10.669905859977009,-1843182.392
105,XPhos,5.0,300,10.637841439107433,10.695317378966138,-1545793.820489031,-1763882.508908831,0.0,-444185.0052725071,-459282.7596657633,5604753.223729682,5192056.22532631,10.669905859977009,-1843182.392
105,XPhos,5.0,600,10.637841439107433,10.695317378966138,-1545793.820489031,-1763882.508908831,0.0,-444185.0052725071,-459282.7596657633,5604753.223729682,5192056.22532631,10.669905859977009,-1843182.392
105,XPhos,5.0,900,10.637841439107433,10.695317378966138,-1545793.820489031,-1763882.508908831,0.0,-444185.0052725071,-459282.7596657633,5604753.223729682,5192056.22532631,10.669905859977009,-1843182.392
110,PCy3,0.5,60,8.180834452155977,15.532746417215094,-1181213.171484714,-1399295.1393802152,0.0,-444185.4162548871,-459283.4648965533,172162836.98092988,11027.85059731747,11.58026079996489,-1478603.371
110,PCy3,0.5,150,8.180834452155977,15.532746417215094,-1181213.171484714,-1399295.1393802152,0.0,-444185.4162548871,-459283.4648965533,172162836.98092988,11027.85059731747,11.58026079996489,-1478603.371
110,PCy3,0.5,300,8.180834452155977,15.532746417215094,-1181213.171484714,-1399295.1393802152,0.0,-444185.4162548871,-459283.4648965533,172162836.98092988,11027.85059731747,11.58026079996489,-1478603.371
110,PCy3,0.5,600,8.180834452155977,15.532746417215094,-1181213.171484714,-1399295.1393802152,0.0,-444185.4162548871,-459283.4648965533,172162836.98092988,11027.85059731747,11.58026079996489,-1478603.371
110,PCy3,0.5,900,8.180834452155977,15.532746417215094,-1181213.171484714,-1399295.1393802152,0.0,-444185.4162548871,-459283.4648965533,172162836.98092988,11027.85059731747,11.58026079996489,-1478603.371
110,PCy3,1.25,60,8.180834452155977,15.532746417215094,-1181213.171484714,-1399295.1393802152,0.0,-444185.4162548871,-459283.4648965533,172162836.98092988,11027.85059731747,11.58026079996489,-1478603.371
110,PCy3,1.25,150,8.180834452155977,15.532746417215094,-1181213.171484714,-1399295.1393802152,0.0,-444185.4162548871,-459283.4648965533,172162836.98092988,11027.85059731747,11.58026079996489,-1478603.371
110,PCy3,1.25,300,8.180834452155977,15.532746417215094,-1181213.171484714,-1399295.1393802152,0.0,-444185.4162548871,-459283.4648965533,172162836.98092988,11027.85059731747,11.58026079996489,-1478603.371
110,PCy3,1.25,600,8.180834452155977,15.532746417215094,-1181213.171484714,-1399295.1393802152,0.0,-444185.4162548871,-459283.4648965533,172162836.98092988,11027.85059731747,11.58026079996489,-1478603.371
110,PCy3,1.25,900,8.180834452155977,15.532746417215094,-1181213.171484714,-1399295.1393802152,0.0,-444185.4162548871,-459283.4648965533,172162836.98092988,11027.85059731747,11.58026079996489,-1478603.371
110,PCy3,2.5,60,8.180834452155977,15.532746417215094,-1181213.171484714,-1399295.1393802152,0.0,-444185.4162548871,-459283.4648965533,172162836.98092988,11027.85059731747,11.58026079996489,-1478603.371
110,PCy3,2.5,150,8.180834452155977,15.532746417215094,-1181213.171484714,-1399295.1393802152,0.0,-444185.4162548871,-459283.4648965533,172162836.98092988,11027.85059731747,11.58026079996489,-1478603.371
110,PCy3,2.5,300,8.180834452155977,15.532746417215094,-1181213.171484714,-1399295.1393802152,0.0,-444185.4162548871,-459283.4648965533,172162836.98092988,11027.85059731747,11.58026079996489,-1478603.371
110,PCy3,2.5,600,8.180834452155977,15.532746417215094,-1181213.171484714,-1399295.1393802152,0.0,-444185.4162548871,-459283.4648965533,172162836.98092988,11027.85059731747,11.58026079996489,-1478603.371
110,PCy3,2.5,900,8.180834452155977,15.532746417215094,-1181213.171484714,-1399295.1393802152,0.0,-444185.4162548871,-459283.4648965533,172162836.98092988,11027.85059731747,11.58026079996489,-1478603.371
110,PCy3,5.0,60,8.180834452155977,15.532746417215094,-1181213.171484714,-1399295.1393802152,0.0,-444185.4162548871,-459283.4648965533,172162836.98092988,11027.85059731747,11.58026079996489,-1478603.371
110,PCy3,5.0,150,8.180834452155977,15.532746417215094,-1181213.171484714,-1399295.1393802152,0.0,-444185.4162548871,-459283.4648965533,172162836.98092988,11027.85059731747,11.58026079996489,-1478603.371
110,PCy3,5.0,300,8.180834452155977,15.532746417215094,-1181213.171484714,-1399295.1393802152,0.0,-444185.4162548871,-459283.4648965533,172162836.98092988,11027.85059731747,11.58026079996489,-1478603.371
110,PCy3,5.0,600,8.180834452155977,15.532746417215094,-1181213.171484714,-1399295.1393802152,0.0,-444185.4162548871,-459283.4648965533,172162836.98092988,11027.85059731747,11.58026079996489,-1478603.371
110,PCy3,5.0,900,8.180834452155977,15.532746417215094,-1181213.171484714,-1399295.1393802152,0.0,-444185.4162548871,-459283.4648965533,172162836.98092988,11027.85059731747,11.58026079996489,-1478603.371
110,PPh3,0.5,60,8.251396073726937,8.552990769036114,-1174573.1794603218,-1392660.014206871,0.0,-444185.4162548871,-459283.4648965533,156924895.8507118,105600409.10840687,8.780080769909546,-1471963.799
110,PPh3,0.5,150,8.251396073726937,8.552990769036114,-1174573.1794603218,-1392660.014206871,0.0,-444185.4162548871,-459283.4648965533,156924895.8507118,105600409.10840687,8.780080769909546,-1471963.799
110,PPh3,0.5,300,8.251396073726937,8.552990769036114,-1174573.1794603218,-1392660.014206871,0.0,-444185.4162548871,-459283.4648965533,156924895.8507118,105600409.10840687,8.780080769909546,-1471963.799
110,PPh3,0.5,600,8.251396073726937,8.552990769036114,-1174573.1794603218,-1392660.014206871,0.0,-444185.4162548871,-459283.4648965533,156924895.8507118,105600409.10840687,8.780080769909546,-1471963.799
110,PPh3,0.5,900,8.251396073726937,8.552990769036114,-1174573.1794603218,-1392660.014206871,0.0,-444185.4162548871,-459283.4648965533,156924895.8507118,105600409.10840687,8.780080769909546,-1471963.799
110,PPh3,1.25,60,8.251396073726937,8.552990769036114,-1174573.1794603218,-1392660.014206871,0.0,-444185.4162548871,-459283.4648965533,156924895.8507118,105600409.10840687,8.780080769909546,-1471963.799
110,PPh3,1.25,150,8.251396073726937,8.552990769036114,-1174573.1794603218,-1392660.014206871,0.0,-444185.4162548871,-459283.4648965533,156924895.8507118,105600409.10840687,8.780080769909546,-1471963.799
110,PPh3,1.25,300,8.251396073726937,8.552990769036114,-1174573.1794603218,-1392660.014206871,0.0,-444185.4162548871,-459283.4648965533,156924895.8507118,105600409.10840687,8.780080769909546,-1471963.799
110,PPh3,1.25,600,8.251396073726937,8.552990769036114,-1174573.1794603218,-1392660.014206871,0.0,-444185.4162548871,-459283.4648965533,156924895.8507118,105600409.10840687,8.780080769909546,-1471963.799
110,PPh3,1.25,900,8.251396073726937,8.552990769036114,-1174573.1794603218,-1392660.014206871,0.0,-444185.4162548871,-459283.4648965533,156924895.8507118,105600409.10840687,8.780080769909546,-1471963.799
110,PPh3,2.5,60,8.251396073726937,8.552990769036114,-1174573.1794603218,-1392660.014206871,0.0,-444185.4162548871,-459283.4648965533,156924895.8507118,105600409.10840687,8.780080769909546,-1471963.799
110,PPh3,2.5,150,8.251396073726937,8.552990769036114,-1174573.1794603218,-1392660.014206871,0.0,-444185.4162548871,-459283.4648965533,156924895.8507118,105600409.10840687,8.780080769909546,-1471963.799
110,PPh3,2.5,300,8.251396073726937,8.552990769036114,-1174573.1794603218,-1392660.014206871,0.0,-444185.4162548871,-459283.4648965533,156924895.8507118,105600409.10840687,8.780080769909546,-1471963.799
110,PPh3,2.5,600,8.251396073726937,8.552990769036114,-1174573.1794603218,-1392660.014206871,0.0,-444185.4162548871,-459283.4648965533,156924895.8507118,105600409.10840687,8.780080769909546,-1471963.799
110,PPh3,2.5,900,8.251396073726937,8.552990769036114,-1174573.1794603218,-1392660.014206871,0.0,-444185.4162548871,-459283.4648965533,156924895.8507118,105600409.10840687,8.780080769909546,-1471963.799
110,PPh3,5.0,60,8.251396073726937,8.552990769036114,-1174573.1794603218,-1392660.014206871,0.0,-444185.4162548871,-459283.4648965533,156924895.8507118,105600409.10840687,8.780080769909546,-1471963.799
110,PPh3,5.0,150,8.251396073726937,8.552990769036114,-1174573.1794603218,-1392660.014206871,0.0,-444185.4162548871,-459283.4648965533,156924895.8507118,105600409.10840687,8.780080769909546,-1471963.799
110,PPh3,5.0,300,8.251396073726937,8.552990769036114,-1174573.1794603218,-1392660.014206871,0.0,-444185.4162548871,-459283.4648965533,156924895.8507118,105600409.10840687,8.780080769909546,-1471963.799
110,PPh3,5.0,600,8.251396073726937,8.552990769036114,-1174573.1794603218,-1392660.014206871,0.0,-444185.4162548871,-459283.4648965533,156924895.8507118,105600409.10840687,8.780080769909546,-1471963.799
110,PPh3,5.0,900,8.251396073726937,8.552990769036114,-1174573.1794603218,-1392660.014206871,0.0,-444185.4162548871,-459283.4648965533,156924895.8507118,105600409.10840687,8.780080769909546,-1471963.799
110,AmPhos,0.5,60,7.784746726276353,5.88231805106625,-1448667.23999876,-1666752.3566641689,0.0,-444185.4162548871,-459283.4648965533,289643261.4012489,3523607405.513924,10.16475414019078,-1746050.006
110,AmPhos,0.5,150,7.784746726276353,5.88231805106625,-1448667.23999876,-1666752.3566641689,0.0,-444185.4162548871,-459283.4648965533,289643261.4012489,3523607405.513924,10.16475414019078,-1746050.006
110,AmPhos,0.5,300,7.784746726276353,5.88231805106625,-1448667.23999876,-1666752.3566641689,0.0,-444185.4162548871,-459283.4648965533,289643261.4012489,3523607405.513924,10.16475414019078,-1746050.006
110,AmPhos,0.5,600,7.784746726276353,5.88231805106625,-1448667.23999876,-1666752.3566641689,0.0,-444185.4162548871,-459283.4648965533,289643261.4012489,3523607405.513924,10.16475414019078,-1746050.006
110,AmPhos,0.5,900,7.784746726276353,5.88231805106625,-1448667.23999876,-1666752.3566641689,0.0,-444185.4162548871,-459283.4648965533,289643261.4012489,3523607405.513924,10.16475414019078,-1746050.006
110,AmPhos,1.25,60,7.784746726276353,5.88231805106625,-1448667.23999876,-1666752.3566641689,0.0,-444185.4162548871,-459283.4648965533,289643261.4012489,3523607405.513924,10.16475414019078,-1746050.006
110,AmPhos,1.25,150,7.784746726276353,5.88231805106625,-1448667.23999876,-1666752.3566641689,0.0,-444185.4162548871,-459283.4648965533,289643261.4012489,3523607405.513924,10.16475414019078,-1746050.006
110,AmPhos,1.25,300,7.784746726276353,5.88231805106625,-1448667.23999876,-1666752.3566641689,0.0,-444185.4162548871,-459283.4648965533,289643261.4012489,3523607405.513924,10.16475414019078,-1746050.006
110,AmPhos,1.25,600,7.784746726276353,5.88231805106625,-1448667.23999876,-1666752.3566641689,0.0,-444185.4162548871,-459283.4648965533,289643261.4012489,3523607405.513924,10.16475414019078,-1746050.006
110,AmPhos,1.25,900,7.784746726276353,5.88231805106625,-1448667.23999876,-1666752.3566641689,0.0,-444185.4162548871,-459283.4648965533,289643261.4012489,3523607405.513924,10.16475414019078,-1746050.006
110,AmPhos,2.5,60,7.784746726276353,5.88231805106625,-1448667.23999876,-1666752.3566641689,0.0,-444185.4162548871,-459283.4648965533,289643261.4012489,3523607405.513924,10.16475414019078,-1746050.006
110,AmPhos,2.5,150,7.784746726276353,5.88231805106625,-1448667.23999876,-1666752.3566641689,0.0,-444185.4162548871,-459283.4648965533,289643261.4012489,3523607405.513924,10.16475414019078,-1746050.006
110,AmPhos,2.5,300,7.784746726276353,5.88231805106625,-1448667.23999876,-1666752.3566641689,0.0,-444185.4162548871,-459283.4648965533,289643261.4012489,3523607405.513924,10.16475414019078,-1746050.006
110,AmPhos,2.5,600,7.784746726276353,5.88231805106625,-1448667.23999876,-1666752.3566641689,0.0,-444185.4162548871,-459283.4648965533,289643261.4012489,3523607405.513924,10.16475414019078,-1746050.006
110,AmPhos,2.5,900,7.784746726276353,5.88231805106625,-1448667.23999876,-1666752.3566641689,0.0,-444185.4162548871,-459283.4648965533,289643261.4012489,3523607405.513924,10.16475414019078,-1746050.006
110,AmPhos,5.0,60,7.784746726276353,5.88231805106625,-1448667.23999876,-1666752.3566641689,0.0,-444185.4162548871,-459283.4648965533,289643261.4012489,3523607405.513924,10.16475414019078,-1746050.006
110,AmPhos,5.0,150,7.784746726276353,5.88231805106625,-1448667.23999876,-1666752.3566641689,0.0,-444185.4162548871,-459283.4648965533,289643261.4012489,3523607405.513924,10.16475414019078,-1746050.006
110,AmPhos,5.0,300,7.784746726276353,5.88231805106625,-1448667.23999876,-1666752.3566641689,0.0,-444185.4162548871,-459283.4648965533,289643261.4012489,3523607405.513924,10.16475414019078,-1746050.006
110,AmPhos,5.0,600,7.784746726276353,5.88231805106625,-1448667.23999876,-1666752.3566641689,0.0,-444185.4162548871,-459283.4648965533,289643261.4012489,3523607405.513924,10.16475414019078,-1746050.006
110,AmPhos,5.0,900,7.784746726276353,5.88231805106625,-1448667.23999876,-1666752.3566641689,0.0,-444185.4162548871,-459283.4648965533,289643261.4012489,3523607405.513924,10.16475414019078,-1746050.006
110,RuPhos,0.5,60,19.418359155301005,15.92476194864139,-1566254.534602715,-1784341.4024760714,0.0,-444185.4162548871,-459283.4648965533,67.01634401080203,6590.0633514276105,10.441576659912243,-1863649.348
110,RuPhos,0.5,150,19.418359155301005,15.92476194864139,-1566254.534602715,-1784341.4024760714,0.0,-444185.4162548871,-459283.4648965533,67.01634401080203,6590.0633514276105,10.441576659912243,-1863649.348
110,RuPhos,0.5,300,19.418359155301005,15.92476194864139,-1566254.534602715,-1784341.4024760714,0.0,-444185.4162548871,-459283.4648965533,67.01634401080203,6590.0633514276105,10.441576659912243,-1863649.348
110,RuPhos,0.5,600,19.418359155301005,15.92476194864139,-1566254.534602715,-1784341.4024760714,0.0,-444185.4162548871,-459283.4648965533,67.01634401080203,6590.0633514276105,10.441576659912243,-1863649.348
110,RuPhos,0.5,900,19.418359155301005,15.92476194864139,-1566254.534602715,-1784341.4024760714,0.0,-444185.4162548871,-459283.4648965533,67.01634401080203,6590.0633514276105,10.441576659912243,-1863649.348
110,RuPhos,1.25,60,19.418359155301005,15.92476194864139,-1566254.534602715,-1784341.4024760714,0.0,-444185.4162548871,-459283.4648965533,67.01634401080203,6590.0633514276105,10.441576659912243,-1863649.348
110,RuPhos,1.25,150,19.418359155301005,15.92476194864139,-1566254.534602715,-1784341.4024760714,0.0,-444185.4162548871,-459283.4648965533,67.01634401080203,6590.0633514276105,10.441576659912243,-1863649.348
110,RuPhos,1.25,300,19.418359155301005,15.92476194864139,-1566254.534602715,-1784341.4024760714,0.0,-444185.4162548871,-459283.4648965533,67.01634401080203,6590.0633514276105,10.441576659912243,-1863649.348
110,RuPhos,1.25,600,19.418359155301005,15.92476194864139,-1566254.534602715,-1784341.4024760714,0.0,-444185.4162548871,-459283.4648965533,67.01634401080203,6590.0633514276105,10.441576659912243,-1863649.348
110,RuPhos,1.25,900,19.418359155301005,15.92476194864139,-1566254.534602715,-1784341.4024760714,0.0,-444185.4162548871,-459283.4648965533,67.01634401080203,6590.0633514276105,10.441576659912243,-1863649.348
110,RuPhos,2.5,60,19.418359155301005,15.92476194864139,-1566254.534602715,-1784341.4024760714,0.0,-444185.4162548871,-459283.4648965533,67.01634401080203,6590.0633514276105,10.441576659912243,-1863649.348
110,RuPhos,2.5,150,19.418359155301005,15.92476194864139,-1566254.534602715,-1784341.4024760714,0.0,-444185.4162548871,-459283.4648965533,67.01634401080203,6590.0633514276105,10.441576659912243,-1863649.348
110,RuPhos,2.5,300,19.418359155301005,15.92476194864139,-1566254.534602715,-1784341.4024760714,0.0,-444185.4162548871,-459283.4648965533,67.01634401080203,6590.0633514276105,10.441576659912243,-1863649.348
110,RuPhos,2.5,600,19.418359155301005,15.92476194864139,-1566254.534602715,-1784341.4024760714,0.0,-444185.4162548871,-459283.4648965533,67.01634401080203,6590.0633514276105,10.441576659912243,-1863649.348
110,RuPhos,2.5,900,19.418359155301005,15.92476194864139,-1566254.534602715,-1784341.4024760714,0.0,-444185.4162548871,-459283.4648965533,67.01634401080203,6590.0633514276105,10.441576659912243,-1863649.348
110,RuPhos,5.0,60,19.418359155301005,15.92476194864139,-1566254.534602715,-1784341.4024760714,0.0,-444185.4162548871,-459283.4648965533,67.01634401080203,6590.0633514276105,10.441576659912243,-1863649.348
110,RuPhos,5.0,150,19.418359155301005,15.92476194864139,-1566254.534602715,-1784341.4024760714,0.0,-444185.4162548871,-459283.4648965533,67.01634401080203,6590.0633514276105,10.441576659912243,-1863649.348
110,RuPhos,5.0,300,19.418359155301005,15.92476194864139,-1566254.534602715,-1784341.4024760714,0.0,-444185.4162548871,-459283.4648965533,67.01634401080203,6590.0633514276105,10.441576659912243,-1863649.348
110,RuPhos,5.0,600,19.418359155301005,15.92476194864139,-1566254.534602715,-1784341.4024760714,0.0,-444185.4162548871,-459283.4648965533,67.01634401080203,6590.0633514276105,10.441576659912243,-1863649.348
110,RuPhos,5.0,900,19.418359155301005,15.92476194864139,-1566254.534602715,-1784341.4024760714,0.0,-444185.4162548871,-459283.4648965533,67.01634401080203,6590.0633514276105,10.441576659912243,-1863649.348
110,SPhos,0.5,60,15.312431127997115,13.263745604082942,-1467653.3001485362,-1685736.006506606,0.0,-444185.4162548871,-459283.4648965533,14728.423250338394,217121.89225867897,11.353033210150898,-1765044.73
110,SPhos,0.5,150,15.312431127997115,13.263745604082942,-1467653.3001485362,-1685736.006506606,0.0,-444185.4162548871,-459283.4648965533,14728.423250338394,217121.89225867897,11.353033210150898,-1765044.73
110,SPhos,0.5,300,15.312431127997115,13.263745604082942,-1467653.3001485362,-1685736.006506606,0.0,-444185.4162548871,-459283.4648965533,14728.423250338394,217121.89225867897,11.353033210150898,-1765044.73
110,SPhos,0.5,600,15.312431127997115,13.263745604082942,-1467653.3001485362,-1685736.006506606,0.0,-444185.4162548871,-459283.4648965533,14728.423250338394,217121.89225867897,11.353033210150898,-1765044.73
110,SPhos,0.5,900,15.312431127997115,13.263745604082942,-1467653.3001485362,-1685736.006506606,0.0,-444185.4162548871,-459283.4648965533,14728.423250338394,217121.89225867897,11.353033210150898,-1765044.73
110,SPhos,1.25,60,15.312431127997115,13.263745604082942,-1467653.3001485362,-1685736.006506606,0.0,-444185.4162548871,-459283.4648965533,14728.423250338394,217121.89225867897,11.353033210150898,-1765044.73
110,SPhos,1.25,150,15.312431127997115,13.263745604082942,-1467653.3001485362,-1685736.006506606,0.0,-444185.4162548871,-459283.4648965533,14728.423250338394,217121.89225867897,11.353033210150898,-1765044.73
110,SPhos,1.25,300,15.312431127997115,13.263745604082942,-1467653.3001485362,-1685736.006506606,0.0,-444185.4162548871,-459283.4648965533,14728.423250338394,217121.89225867897,11.353033210150898,-1765044.73
110,SPhos,1.25,600,15.312431127997115,13.263745604082942,-1467653.3001485362,-1685736.006506606,0.0,-444185.4162548871,-459283.4648965533,14728.423250338394,217121.89225867897,11.353033210150898,-1765044.73
110,SPhos,1.25,900,15.312431127997115,13.263745604082942,-1467653.3001485362,-1685736.006506606,0.0,-444185.4162548871,-459283.4648965533,14728.423250338394,217121.89225867897,11.353033210150898,-1765044.73
110,SPhos,2.5,60,15.312431127997115,13.263745604082942,-1467653.3001485362,-1685736.006506606,0.0,-444185.4162548871,-459283.4648965533,14728.423250338394,217121.89225867897,11.353033210150898,-1765044.73
110,SPhos,2.5,150,15.312431127997115,13.263745604082942,-1467653.3001485362,-1685736.006506606,0.0,-444185.4162548871,-459283.4648965533,14728.423250338394,217121.89225867897,11.353033210150898,-1765044.73
110,SPhos,2.5,300,15.312431127997115,13.263745604082942,-1467653.3001485362,-1685736.006506606,0.0,-444185.4162548871,-459283.4648965533,14728.423250338394,217121.89225867897,11.353033210150898,-1765044.73
110,SPhos,2.5,600,15.312431127997115,13.263745604082942,-1467653.3001485362,-1685736.006506606,0.0,-444185.4162548871,-459283.4648965533,14728.423250338394,217121.89225867897,11.353033210150898,-1765044.73
110,SPhos,2.5,900,15.312431127997115,13.263745604082942,-1467653.3001485362,-1685736.006506606,0.0,-444185.4162548871,-459283.4648965533,14728.423250338394,217121.89225867897,11.353033210150898,-1765044.73
110,SPhos,5.0,60,15.312431127997115,13.263745604082942,-1467653.3001485362,-1685736.006506606,0.0,-444185.4162548871,-459283.4648965533,14728.423250338394,217121.89225867897,11.353033210150898,-1765044.73
110,SPhos,5.0,150,15.312431127997115,13.263745604082942,-1467653.3001485362,-1685736.006506606,0.0,-444185.4162548871,-459283.4648965533,14728.423250338394,217121.89225867897,11.353033210150898,-1765044.73
110,SPhos,5.0,300,15.312431127997115,13.263745604082942,-1467653.3001485362,-1685736.006506606,0.0,-444185.4162548871,-459283.4648965533,14728.423250338394,217121.89225867897,11.353033210150898,-1765044.73
110,SPhos,5.0,600,15.312431127997115,13.263745604082942,-1467653.3001485362,-1685736.006506606,0.0,-444185.4162548871,-459283.4648965533,14728.423250338394,217121.89225867897,11.353033210150898,-1765044.73
110,SPhos,5.0,900,15.312431127997115,13.263745604082942,-1467653.3001485362,-1685736.006506606,0.0,-444185.4162548871,-459283.4648965533,14728.423250338394,217121.89225867897,11.353033210150898,-1765044.73
110,tBu3,0.5,60,6.2160072101978585,2.369938841788098,-1035512.0029327454,-1253594.1342415663,0.0,-444185.4162548871,-459283.4648965533,2273290524.405973,355148035352.39856,10.241022859932857,-1332892.243
110,tBu3,0.5,150,6.2160072101978585,2.369938841788098,-1035512.0029327454,-1253594.1342415663,0.0,-444185.4162548871,-459283.4648965533,2273290524.405973,355148035352.39856,10.241022859932857,-1332892.243
110,tBu3,0.5,300,6.2160072101978585,2.369938841788098,-1035512.0029327454,-1253594.1342415663,0.0,-444185.4162548871,-459283.4648965533,2273290524.405973,355148035352.39856,10.241022859932857,-1332892.243
110,tBu3,0.5,600,6.2160072101978585,2.369938841788098,-1035512.0029327454,-1253594.1342415663,0.0,-444185.4162548871,-459283.4648965533,2273290524.405973,355148035352.39856,10.241022859932857,-1332892.243
110,tBu3,0.5,900,6.2160072101978585,2.369938841788098,-1035512.0029327454,-1253594.1342415663,0.0,-444185.4162548871,-459283.4648965533,2273290524.405973,355148035352.39856,10.241022859932857,-1332892.243
110,tBu3,1.25,60,6.2160072101978585,2.369938841788098,-1035512.0029327454,-1253594.1342415663,0.0,-444185.4162548871,-459283.4648965533,2273290524.405973,355148035352.39856,10.241022859932857,-1332892.243
110,tBu3,1.25,150,6.2160072101978585,2.369938841788098,-1035512.0029327454,-1253594.1342415663,0.0,-444185.4162548871,-459283.4648965533,2273290524.405973,355148035352.39856,10.241022859932857,-1332892.243
110,tBu3,1.25,300,6.2160072101978585,2.369938841788098,-1035512.0029327454,-1253594.1342415663,0.0,-444185.4162548871,-459283.4648965533,2273290524.405973,355148035352.39856,10.241022859932857,-1332892.243
110,tBu3,1.25,600,6.2160072101978585,2.369938841788098,-1035512.0029327454,-1253594.1342415663,0.0,-444185.4162548871,-459283.4648965533,2273290524.405973,355148035352.39856,10.241022859932857,-1332892.243
110,tBu3,1.25,900,6.2160072101978585,2.369938841788098,-1035512.0029327454,-1253594.1342415663,0.0,-444185.4162548871,-459283.4648965533,2273290524.405973,355148035352.39856,10.241022859932857,-1332892.243
110,tBu3,2.5,60,6.2160072101978585,2.369938841788098,-1035512.0029327454,-1253594.1342415663,0.0,-444185.4162548871,-459283.4648965533,2273290524.405973,355148035352.39856,10.241022859932857,-1332892.243
110,tBu3,2.5,150,6.2160072101978585,2.369938841788098,-1035512.0029327454,-1253594.1342415663,0.0,-444185.4162548871,-459283.4648965533,2273290524.405973,355148035352.39856,10.241022859932857,-1332892.243
110,tBu3,2.5,300,6.2160072101978585,2.369938841788098,-1035512.0029327454,-1253594.1342415663,0.0,-444185.4162548871,-459283.4648965533,2273290524.405973,355148035352.39856,10.241022859932857,-1332892.243
110,tBu3,2.5,600,6.2160072101978585,2.369938841788098,-1035512.0029327454,-1253594.1342415663,0.0,-444185.4162548871,-459283.4648965533,2273290524.405973,355148035352.39856,10.241022859932857,-1332892.243
110,tBu3,2.5,900,6.2160072101978585,2.369938841788098,-1035512.0029327454,-1253594.1342415663,0.0,-444185.4162548871,-459283.4648965533,2273290524.405973,355148035352.39856,10.241022859932857,-1332892.243
110,tBu3,5.0,60,6.2160072101978585,2.369938841788098,-1035512.0029327454,-1253594.1342415663,0.0,-444185.4162548871,-459283.4648965533,2273290524.405973,355148035352.39856,10.241022859932857,-1332892.243
110,tBu3,5.0,150,6.2160072101978585,2.369938841788098,-1035512.0029327454,-1253594.1342415663,0.0,-444185.4162548871,-459283.4648965533,2273290524.405973,355148035352.39856,10.241022859932857,-1332892.243
110,tBu3,5.0,300,6.2160072101978585,2.369938841788098,-1035512.0029327454,-1253594.1342415663,0.0,-444185.4162548871,-459283.4648965533,2273290524.405973,355148035352.39856,10.241022859932857,-1332892.243
110,tBu3,5.0,600,6.2160072101978585,2.369938841788098,-1035512.0029327454,-1253594.1342415663,0.0,-444185.4162548871,-459283.4648965533,2273290524.405973,355148035352.39856,10.241022859932857,-1332892.243
110,tBu3,5.0,900,6.2160072101978585,2.369938841788098,-1035512.0029327454,-1253594.1342415663,0.0,-444185.4162548871,-459283.4648965533,2273290524.405973,355148035352.39856,10.241022859932857,-1332892.243
110,XPhos,0.5,60,10.882359249284491,10.705811228835955,-1545795.295539321,-1763884.3990254912,0.0,-444185.4162548871,-459283.4648965533,4954727.972322859,6247709.61795222,10.67990585998632,-1843184.126
110,XPhos,0.5,150,10.882359249284491,10.705811228835955,-1545795.295539321,-1763884.3990254912,0.0,-444185.4162548871,-459283.4648965533,4954727.972322859,6247709.61795222,10.67990585998632,-1843184.126
110,XPhos,0.5,300,10.882359249284491,10.705811228835955,-1545795.295539321,-1763884.3990254912,0.0,-444185.4162548871,-459283.4648965533,4954727.972322859,6247709.61795222,10.67990585998632,-1843184.126
110,XPhos,0.5,600,10.882359249284491,10.705811228835955,-1545795.295539321,-1763884.3990254912,0.0,-444185.4162548871,-459283.4648965533,4954727.972322859,6247709.61795222,10.67990585998632,-1843184.126
110,XPhos,0.5,900,10.882359249284491,10.705811228835955,-1545795.295539321,-1763884.3990254912,0.0,-444185.4162548871,-459283.4648965533,4954727.972322859,6247709.61795222,10.67990585998632,-1843184.126
110,XPhos,1.25,60,10.882359249284491,10.705811228835955,-1545795.295539321,-1763884.3990254912,0.0,-444185.4162548871,-459283.4648965533,4954727.972322859,6247709.61795222,10.67990585998632,-1843184.126
110,XPhos,1.25,150,10.882359249284491,10.705811228835955,-1545795.295539321,-1763884.3990254912,0.0,-444185.4162548871,-459283.4648965533,4954727.972322859,6247709.61795222,10.67990585998632,-1843184.126
110,XPhos,1.25,300,10.882359249284491,10.705811228835955,-1545795.295539321,-1763884.3990254912,0.0,-444185.4162548871,-459283.4648965533,4954727.972322859,6247709.61795222,10.67990585998632,-1843184.126
110,XPhos,1.25,600,10.882359249284491,10.705811228835955,-1545795.295539321,-1763884.3990254912,0.0,-444185.4162548871,-459283.4648965533,4954727.972322859,6247709.61795222,10.67990585998632,-1843184.126
110,XPhos,1.25,900,10.882359249284491,10.705811228835955,-1545795.295539321,-1763884.3990254912,0.0,-444185.4162548871,-459283.4648965533,4954727.972322859,6247709.61795222,10.67990585998632,-1843184.126
110,XPhos,2.5,60,10.882359249284491,10.705811228835955,-1545795.295539321,-1763884.3990254912,0.0,-444185.4162548871,-459283.4648965533,4954727.972322859,6247709.61795222,10.67990585998632,-1843184.126
110,XPhos,2.5,150,10.882359249284491,10.705811228835955,-1545795.295539321,-1763884.3990254912,0.0,-444185.4162548871,-459283.4648965533,4954727.972322859,6247709.61795222,10.67990585998632,-1843184.126
110,XPhos,2.5,300,10.882359249284491,10.705811228835955,-1545795.295539321,-1763884.3990254912,0.0,-444185.4162548871,-459283.4648965533,4954727.972322859,6247709.61795222,10.67990585998632,-1843184.126
110,XPhos,2.5,600,10.882359249284491,10.705811228835955,-1545795.295539321,-1763884.3990254912,0.0,-444185.4162548871,-459283.4648965533,4954727.972322859,6247709.61795222,10.67990585998632,-1843184.126
110,XPhos,2.5,900,10.882359249284491,10.705811228835955,-1545795.295539321,-1763884.3990254912,0.0,-444185.4162548871,-459283.4648965533,4954727.972322859,6247709.61795222,10.67990585998632,-1843184.126
110,XPhos,5.0,60,10.882359249284491,10.705811228835955,-1545795.295539321,-1763884.3990254912,0.0,-444185.4162548871,-459283.4648965533,4954727.972322859,6247709.61795222,10.67990585998632,-1843184.126
110,XPhos,5.0,150,10.882359249284491,10.705811228835955,-1545795.295539321,-1763884.3990254912,0.0,-444185.4162548871,-459283.4648965533,4954727.972322859,6247709.61795222,10.67990585998632,-1843184.126
110,XPhos,5.0,300,10.882359249284491,10.705811228835955,-1545795.295539321,-1763884.3990254912,0.0,-444185.4162548871,-459283.4648965533,4954727.972322859,6247709.61795222,10.67990585998632,-1843184.126
110,XPhos,5.0,600,10.882359249284491,10.705811228835955,-1545795.295539321,-1763884.3990254912,0.0,-444185.4162548871,-459283.4648965533,4954727.972322859,6247709.61795222,10.67990585998632,-1843184.126
110,XPhos,5.0,900,10.882359249284491,10.705811228835955,-1545795.295539321,-1763884.3990254912,0.0,-444185.4162548871,-459283.4648965533,4954727.972322859,6247709.61795222,10.67990585998632,-1843184.126
