temp_c,ligand,cat_loading,time_s,dG_OA,dG_TM,G_OA_TS,G_TM_TS,dG_boron_hydrolysis,G_Substrate,G_boron_species,k_OA,k_TM,dG_PdLArOH,G_precatalyst,predicted_yield,nn_distance,out_of_domain
75,XPhos,2.5,300,9.168911109212786,10.62996449903585,-1545785.263097831,-1763871.573390411,0.0,-444182.5777137971,-459278.6312180633,12734608.246475026,1541123.1738748744,10.64990585995838,-1843172.349,99.82,0.8263419978733098,False
80,XPhos,2.5,300,9.4139569895342,10.641155658988282,-1545786.654392921,-1763873.3475934211,0.0,-444182.9777243271,-459279.3069618933,10990640.043332627,1912402.9512920224,10.64990585995838,-1843173.979,99.55055,0.830800301798762,False
75,XPhos,2.5,600,9.168911109212786,10.62996449903585,-1545785.263097831,-1763871.573390411,0.0,-444182.5777137971,-459278.6312180633,12734608.246475026,1541123.1738748744,10.64990585995838,-1843172.349,99.02913,1.2216769605473794,False
75,XPhos,2.5,900,9.168911109212786,10.62996449903585,-1545785.263097831,-1763871.573390411,0.0,-444182.5777137971,-459278.6312180633,12734608.246475026,1541123.1738748744,10.64990585995838,-1843172.349,99.02913,1.9267261470706103,False
80,XPhos,2.5,600,9.4139569895342,10.641155658988282,-1545786.654392921,-1763873.3475934211,0.0,-444182.9777243271,-459279.3069618933,10990640.043332627,1912402.9512920224,10.64990585995838,-1843173.979,98.71952,1.2235678175918658,False
80,XPhos,2.5,900,9.4139569895342,10.641155658988282,-1545786.654392921,-1763873.3475934211,0.0,-444182.9777243271,-459279.3069618933,10990640.043332627,1912402.9512920224,10.64990585995838,-1843173.979,98.71952,1.9085724263184338,False
85,XPhos,2.5,300,9.658911279169843,10.652223148848861,-1545788.059679771,-1763875.1411883512,0.0,-444183.3795727971,-459279.9876584633,9527699.03668363,2359746.6158612752,10.64990585995838,-1843175.627,98.699936,0.8285581430316101,False
85,XPhos,2.5,600,9.658911279169843,10.652223148848861,-1545788.059679771,-1763875.1411883512,0.0,-444183.3795727971,-459279.9876584633,9527699.03668363,2359746.6158612752,10.64990585995838,-1843175.627,97.99309,1.2325484219807972,False
85,XPhos,2.5,900,9.658911279169843,10.652223148848861,-1545788.059679771,-1763875.1411883512,0.0,-444183.3795727971,-459279.9876584633,9527699.03668363,2359746.6158612752,10.64990585995838,-1843175.627,97.99309,1.9077976627269333,False
75,XPhos,5.0,300,9.168911109212786,10.62996449903585,-1545785.263097831,-1763871.573390411,0.0,-444182.5777137971,-459278.6312180633,12734608.246475026,1541123.1738748744,10.64990585995838,-1843172.349,97.64339,3.6560945963500613,True
80,XPhos,5.0,300,9.4139569895342,10.641155658988282,-1545786.654392921,-1763873.3475934211,0.0,-444182.9777243271,-459279.3069618933,10990640.043332627,1912402.9512920224,10.64990585995838,-1843173.979,97.430954,3.642036716797321,True
75,XPhos,5.0,600,9.168911109212786,10.62996449903585,-1545785.263097831,-1763871.573390411,0.0,-444182.5777137971,-459278.6312180633,12734608.246475026,1541123.1738748744,10.64990585995838,-1843172.349,96.74649,3.6735803298623635,True
75,XPhos,5.0,900,9.168911109212786,10.62996449903585,-1545785.263097831,-1763871.573390411,0.0,-444182.5777137971,-459278.6312180633,12734608.246475026,1541123.1738748744,10.64990585995838,-1843172.349,96.74649,3.949191744062218,True
85,XPhos,5.0,300,9.658911279169843,10.652223148848861,-1545788.059679771,-1763875.1411883512,0.0,-444183.3795727971,-459279.9876584633,9527699.03668363,2359746.6158612752,10.64990585995838,-1843175.627,96.53125,3.622206916658069,True
80,XPhos,5.0,900,9.4139569895342,10.641155658988282,-1545786.654392921,-1763873.3475934211,0.0,-444182.9777243271,-459279.3069618933,10990640.043332627,1912402.9512920224,10.64990585995838,-1843173.979,96.4939,3.939462939940249,True
80,XPhos,5.0,600,9.4139569895342,10.641155658988282,-1545786.654392921,-1763873.3475934211,0.0,-444182.9777243271,-459279.3069618933,10990640.043332627,1912402.9512920224,10.64990585995838,-1843173.979,96.4939,3.67222826543219,True
75,XPhos,2.5,60,9.168911109212786,10.62996449903585,-1545785.263097831,-1763871.573390411,0.0,-444182.5777137971,-459278.6312180633,12734608.246475026,1541123.1738748744,10.64990585995838,-1843172.349,96.47003,0.9717724391147142,False
80,XPhos,2.5,60,9.4139569895342,10.641155658988282,-1545786.654392921,-1763873.3475934211,0.0,-444182.9777243271,-459279.3069618933,10990640.043332627,1912402.9512920224,10.64990585995838,-1843173.979,96.137474,0.9442273608815066,False
85,XPhos,5.0,600,9.658911279169843,10.652223148848861,-1545788.059679771,-1763875.1411883512,0.0,-444183.3795727971,-459279.9876584633,9527699.03668363,2359746.6158612752,10.64990585995838,-1843175.627,95.718376,3.6777053178340005,True
85,XPhos,5.0,900,9.658911279169843,10.652223148848861,-1545788.059679771,-1763875.1411883512,0.0,-444183.3795727971,-459279.9876584633,9527699.03668363,2359746.6158612752,10.64990585995838,-1843175.627,95.718376,3.938831934919738,True
85,XPhos,2.5,60,9.658911279169843,10.652223148848861,-1545788.059679771,-1763875.1411883512,0.0,-444183.3795727971,-459279.9876584633,9527699.03668363,2359746.6158612752,10.64990585995838,-1843175.627,95.555336,0.9275610836663122,False
90,XPhos,2.5,300,9.903775429353118,10.663170099025592,-1545789.478945881,-1763876.954146601,0.0,-444183.7832555871,-459280.6732924233,8294668.784778856,2895967.171676029,10.64990585995838,-1843177.292,94.71409,0.8445837747758382,False
75,XPhos,2.5,150,9.168911109212786,10.62996449903585,-1545785.263097831,-1763871.573390411,0.0,-444182.5777137971,-459278.6312180633,12734608.246475026,1541123.1738748744,10.64990585995838,-1843172.349,94.59569,0.7979245791276686,False
80,XPhos,2.5,150,9.4139569895342,10.641155658988282,-1545786.654392921,-1763873.3475934211,0.0,-444182.9777243271,-459279.3069618933,10990640.043332627,1912402.9512920224,10.64990585995838,-1843173.979,94.053024,0.7692279806866006,False
80,SPhos,2.5,600,14.033954487647861,13.192968864226714,-1467645.6604138464,-1685726.1667177258,0.0,-444182.9777243271,-459279.3069618933,15204.384540511206,50397.28006129014,11.3030332098715,-1765035.804,94.03269,0.698556668076491,False
80,SPhos,2.5,900,14.033954487647861,13.192968864226714,-1467645.6604138464,-1685726.1667177258,0.0,-444182.9777243271,-459279.3069618933,15204.384540511206,50397.28006129014,11.3030332098715,-1765035.804,94.03269,1.576340905443154,False
90,XPhos,2.5,600,9.903775429353118,10.663170099025592,-1545789.478945881,-1763876.954146601,0.0,-444183.7832555871,-459280.6732924233,8294668.784778856,2895967.171676029,10.64990585995838,-1843177.292,93.85212,1.2401369252241443,False
90,XPhos,2.5,900,9.903775429353118,10.663170099025592,-1545789.478945881,-1763876.954146601,0.0,-444183.7832555871,-459280.6732924233,8294668.784778856,2895967.171676029,10.64990585995838,-1843177.292,93.85212,1.923875363795957,False
85,XPhos,2.5,150,9.658911279169843,10.652223148848861,-1545788.059679771,-1763875.1411883512,0.0,-444183.3795727971,-459279.9876584633,9527699.03668363,2359746.6158612752,10.64990585995838,-1843175.627,93.49517,0.7317741011224262,False
110,XPhos,2.5,60,10.882359249284491,10.705811228835955,-1545795.295539321,-1763884.3990254912,0.0,-444185.4162548871,-459283.4648965533,4954727.972322859,6247709.61795222,10.67990585998632,-1843184.126,93.33158,0.9932247339934014,False
80,SPhos,2.5,300,14.033954487647861,13.192968864226714,-1467645.6604138464,-1685726.1667177258,0.0,-444182.9777243271,-459279.3069618933,15204.384540511206,50397.28006129014,11.3030332098715,-1765035.804,93.06717,0.866768368174619,False
75,XPhos,5.0,150,9.168911109212786,10.62996449903585,-1545785.263097831,-1763871.573390411,0.0,-444182.5777137971,-459278.6312180633,12734608.246475026,1541123.1738748744,10.64990585995838,-1843172.349,92.9057,3.6498731245383893,True
75,SPhos,2.5,900,13.820868277689442,13.180852883961052,-1467644.4278505563,-1685724.585532086,0.0,-444182.5777137971,-459278.6312180633,15304.132406130759,38598.11542629718,11.293033209862188,-1765034.37,92.791466,1.559933163463312,False
75,SPhos,2.5,600,13.820868277689442,13.180852883961052,-1467644.4278505563,-1685724.585532086,0.0,-444182.5777137971,-459278.6312180633,15304.132406130759,38598.11542629718,11.293033209862188,-1765034.37,92.791466,0.662122546886686,False
90,XPhos,5.0,300,9.903775429353118,10.663170099025592,-1545789.478945881,-1763876.954146601,0.0,-444183.7832555871,-459280.6732924233,8294668.784778856,2895967.171676029,10.64990585995838,-1843177.292,92.733345,3.606959853636512,True
80,XPhos,5.0,150,9.4139569895342,10.641155658988282,-1545786.654392921,-1763873.3475934211,0.0,-444182.9777243271,-459279.3069618933,10990640.043332627,1912402.9512920224,10.64990585995838,-1843173.979,92.63482,3.6242682232613306,True
75,SPhos,2.5,300,13.820868277689442,13.180852883961052,-1467644.4278505563,-1685724.585532086,0.0,-444182.5777137971,-459278.6312180633,15304.132406130759,38598.11542629718,11.293033209862188,-1765034.37,92.61539,0.8193949949747926,False
90,XPhos,2.5,60,9.903775429353118,10.663170099025592,-1545789.478945881,-1763876.954146601,0.0,-444183.7832555871,-459280.6732924233,8294668.784778856,2895967.171676029,10.64990585995838,-1843177.292,92.53068,0.9062905322836329,False
95,XPhos,2.5,300,10.148550909478217,10.673999548889697,-1545790.9121783709,-1763878.786439151,0.0,-444184.1887689871,-459281.3638484633,7250681.390432455,3535552.7200377653,10.659905859734865,-1843178.975,92.431595,0.8816215329586008,False
60,SPhos,2.5,600,13.18158100778237,13.143891653977334,-1467640.8002475863,-1685719.943252726,0.0,-444181.3887453471,-459276.6338575833,15646.807475190615,16563.409464430657,11.263033210067078,-1765030.156,92.33339,0.8002034835556386,False
60,SPhos,2.5,900,13.18158100778237,13.143891653977334,-1467640.8002475863,-1685719.943252726,0.0,-444181.3887453471,-459276.6338575833,15646.807475190615,16563.409464430657,11.263033210067078,-1765030.156,92.33339,1.618540814560348,False
75,SPhos,2.5,60,13.820868277689442,13.180852883961052,-1467644.4278505563,-1685724.585532086,0.0,-444182.5777137971,-459278.6312180633,15304.132406130759,38598.11542629718,11.293033209862188,-1765034.37,92.28177,0.8581223932861096,False
80,SPhos,2.5,60,14.033954487647861,13.192968864226714,-1467645.6604138464,-1685726.1667177258,0.0,-444182.9777243271,-459279.3069618933,15204.384540511206,50397.28006129014,11.3030332098715,-1765035.804,92.19146,0.8566046556318948,False
85,XPhos,5.0,150,9.658911279169843,10.652223148848861,-1545788.059679771,-1763875.1411883512,0.0,-444183.3795727971,-459279.9876584633,9527699.03668363,2359746.6158612752,10.64990585995838,-1843175.627,92.02788,3.608312852843825,True
80,SPhos,5.0,900,14.033954487647861,13.192968864226714,-1467645.6604138464,-1685726.1667177258,0.0,-444182.9777243271,-459279.3069618933,15204.384540511206,50397.28006129014,11.3030332098715,-1765035.804,91.98623,3.852711160073754,True
80,SPhos,5.0,600,14.033954487647861,13.192968864226714,-1467645.6604138464,-1685726.1667177258,0.0,-444182.9777243271,-459279.3069618933,15204.384540511206,50397.28006129014,11.3030332098715,-1765035.804,91.98623,3.597023300532558,True
75,XPhos,1.25,300,9.168911109212786,10.62996449903585,-1545785.263097831,-1763871.573390411,0.0,-444182.5777137971,-459278.6312180633,12734608.246475026,1541123.1738748744,10.64990585995838,-1843172.349,91.96147,1.2767544845718253,False
90,XPhos,5.0,600,9.903775429353118,10.663170099025592,-1545789.478945881,-1763876.954146601,0.0,-444183.7832555871,-459280.6732924233,8294668.784778856,2895967.171676029,10.64990585995838,-1843177.292,91.76535,3.68636260366588,True
90,XPhos,5.0,900,9.903775429353118,10.663170099025592,-1545789.478945881,-1763876.954146601,0.0,-444183.7832555871,-459280.6732924233,8294668.784778856,2895967.171676029,10.64990585995838,-1843177.292,91.76535,3.9472984678436953,True
80,XPhos,1.25,300,9.4139569895342,10.641155658988282,-1545786.654392921,-1763873.3475934211,0.0,-444182.9777243271,-459279.3069618933,10990640.043332627,1912402.9512920224,10.64990585995838,-1843173.979,91.714355,1.166713371357432,False
95,XPhos,2.5,900,10.148550909478217,10.673999548889697,-1545790.9121783709,-1763878.786439151,0.0,-444184.1887689871,-459281.3638484633,7250681.390432455,3535552.7200377653,10.659905859734865,-1843178.975,91.71232,1.9425880062314955,False
95,XPhos,2.5,600,10.148550909478217,10.673999548889697,-1545790.9121783709,-1763878.786439151,0.0,-444184.1887689871,-459281.3638484633,7250681.390432455,3535552.7200377653,10.659905859734865,-1843178.975,91.71232,1.259020452494249,False
80,RuPhos,2.5,600,17.963784645311534,15.892203728668392,-1566246.305980445,-1784330.6994882214,0.0,-444182.9777243271,-459279.3069618933,56.236733463457,1076.4748719139075,10.391576659865676,-1863639.562,91.712006,1.1155850558195035,False
80,RuPhos,2.5,900,17.963784645311534,15.892203728668392,-1566246.305980445,-1784330.6994882214,0.0,-444182.9777243271,-459279.3069618933,56.236733463457,1076.4748719139075,10.391576659865676,-1863639.562,91.712006,1.8180326370967648,False
65,SPhos,2.5,900,13.394682527985424,13.15631785406731,-1467641.9977544062,-1685721.473774886,0.0,-444181.7832208271,-459277.2946503733,15524.836823935068,22135.065991421005,11.283033209620044,-1765031.545,91.55674,1.5778739060093478,False
65,SPhos,2.5,600,13.394682527985424,13.15631785406731,-1467641.9977544062,-1685721.473774886,0.0,-444181.7832208271,-459277.2946503733,15524.836823935068,22135.065991421005,11.283033209620044,-1765031.545,91.55674,0.7368493774892416,False
65,SPhos,2.5,300,13.394682527985424,13.15631785406731,-1467641.9977544062,-1685721.473774886,0.0,-444181.7832208271,-459277.2946503733,15524.836823935068,22135.065991421005,11.283033209620044,-1765031.545,91.539825,0.8800462485540365,False
80,RuPhos,2.5,60,17.963784645311534,15.892203728668392,-1566246.305980445,-1784330.6994882214,0.0,-444182.9777243271,-459279.3069618933,56.236733463457,1076.4748719139075,10.391576659865676,-1863639.562,91.51478,0.7743713762363313,False
85,XPhos,1.25,300,9.658911279169843,10.652223148848861,-1545788.059679771,-1763875.1411883512,0.0,-444183.3795727971,-459279.9876584633,9527699.03668363,2359746.6158612752,10.64990585995838,-1843175.627,91.33695,1.0356776061865038,False
75,XPhos,1.25,900,9.168911109212786,10.62996449903585,-1545785.263097831,-1763871.573390411,0.0,-444182.5777137971,-459278.6312180633,12734608.246475026,1541123.1738748744,10.64990585995838,-1843172.349,91.303894,1.7178679276415676,False
75,XPhos,1.25,600,9.168911109212786,10.62996449903585,-1545785.263097831,-1763871.573390411,0.0,-444182.5777137971,-459278.6312180633,12734608.246475026,1541123.1738748744,10.64990585995838,-1843172.349,91.303894,1.018757190506204,False
60,SPhos,2.5,300,13.18158100778237,13.143891653977334,-1467640.8002475863,-1685719.943252726,0.0,-444181.3887453471,-459276.6338575833,15646.807475190615,16563.409464430657,11.263033210067078,-1765030.156,91.22622,0.9569038290789862,False
80,RuPhos,2.5,300,17.963784645311534,15.892203728668392,-1566246.305980445,-1784330.6994882214,0.0,-444182.9777243271,-459279.3069618933,56.236733463457,1076.4748719139075,10.391576659865676,-1863639.562,91.13288,0.9918295221809084,False
85,SPhos,2.5,600,14.247037447988987,13.204988334095106,-1467646.9046362662,-1685727.764741156,0.0,-444183.3795727971,-459279.9876584633,15111.10057723826,65336.88196050108,11.3030332098715,-1765037.254,91.13053,0.7619090584918246,False
85,SPhos,2.5,900,14.247037447988987,13.204988334095106,-1467646.9046362662,-1685727.764741156,0.0,-444183.3795727971,-459279.9876584633,15111.10057723826,65336.88196050108,11.3030332098715,-1765037.254,91.13053,1.609881949478421,False
80,SPhos,5.0,300,14.033954487647861,13.192968864226714,-1467645.6604138464,-1685726.1667177258,0.0,-444182.9777243271,-459279.3069618933,15204.384540511206,50397.28006129014,11.3030332098715,-1765035.804,91.064255,3.5867271093716853,True
80,XPhos,1.25,900,9.4139569895342,10.641155658988282,-1545786.654392921,-1763873.3475934211,0.0,-444182.9777243271,-459279.3069618933,10990640.043332627,1912402.9512920224,10.64990585995838,-1843173.979,91.01087,1.676526389703879,False
80,XPhos,1.25,600,9.4139569895342,10.641155658988282,-1545786.654392921,-1763873.3475934211,0.0,-444182.9777243271,-459279.3069618933,10990640.043332627,1912402.9512920224,10.64990585995838,-1843173.979,91.01087,0.9588928052028469,False
75,XPhos,5.0,60,9.168911109212786,10.62996449903585,-1545785.263097831,-1763871.573390411,0.0,-444182.5777137971,-459278.6312180633,12734608.246475026,1541123.1738748744,10.64990585995838,-1843172.349,90.998146,3.689718717561118,True
90,SPhos,2.5,600,14.460117997834459,13.216914504067972,-1467648.1605042263,-1685729.379576646,0.0,-444183.7832555871,-459280.6732924233,15023.872109372905,84128.7676441272,11.323033209890127,-1765038.719,90.8938,0.8998608619125935,False
90,SPhos,2.5,900,14.460117997834459,13.216914504067972,-1467648.1605042263,-1685729.379576646,0.0,-444183.7832555871,-459280.6732924233,15023.872109372905,84128.7676441272,11.323033209890127,-1765038.719,90.8938,1.6599525546910066,False
85,XPhos,1.25,900,9.658911279169843,10.652223148848861,-1545788.059679771,-1763875.1411883512,0.0,-444183.3795727971,-459279.9876584633,9527699.03668363,2359746.6158612752,10.64990585995838,-1843175.627,90.81658,1.6508975746026748,False
85,XPhos,1.25,600,9.658911279169843,10.652223148848861,-1545788.059679771,-1763875.1411883512,0.0,-444183.3795727971,-459279.9876584633,9527699.03668363,2359746.6158612752,10.64990585995838,-1843175.627,90.81658,0.9132362893236057,False
65,SPhos,2.5,60,13.394682527985424,13.15631785406731,-1467641.9977544062,-1685721.473774886,0.0,-444181.7832208271,-459277.2946503733,15524.836823935068,22135.065991421005,11.283033209620044,-1765031.545,90.78433,0.9304048038439212,False
95,XPhos,2.5,60,10.148550909478217,10.673999548889697,-1545790.9121783709,-1763878.786439151,0.0,-444184.1887689871,-459281.3638484633,7250681.390432455,3535552.7200377653,10.659905859734865,-1843178.975,90.675285,0.9053040353786057,False
110,RuPhos,2.5,60,19.418359155301005,15.92476194864139,-1566254.534602715,-1784341.4024760714,0.0,-444185.4162548871,-459283.4648965533,67.01634401080203,6590.0633514276105,10.441576659912243,-1863649.348,90.603775,0.915289176141917,False
80,XPhos,5.0,60,9.4139569895342,10.641155658988282,-1545786.654392921,-1763873.3475934211,0.0,-444182.9777243271,-459279.3069618933,10990640.043332627,1912402.9512920224,10.64990585995838,-1843173.979,90.58743,3.66416702727564,True
75,SPhos,5.0,600,13.820868277689442,13.180852883961052,-1467644.4278505563,-1685724.585532086,0.0,-444182.5777137971,-459278.6312180633,15304.132406130759,38598.11542629718,11.293033209862188,-1765034.37,90.549545,3.5907912244579685,True
75,SPhos,5.0,900,13.820868277689442,13.180852883961052,-1467644.4278505563,-1685724.585532086,0.0,-444182.5777137971,-459278.6312180633,15304.132406130759,38598.11542629718,11.293033209862188,-1765034.37,90.549545,3.8514773140685357,True
85,RuPhos,2.5,60,18.206344445236027,15.897319298936054,-1566247.643969555,-1784332.437096581,0.0,-444183.3795727971,-459279.9876584633,57.98451087740736,1486.9209200405944,10.40157665964216,-1863641.151,90.542984,0.6797353996003414,False
95,XPhos,5.0,300,10.148550909478217,10.673999548889697,-1545790.9121783709,-1763878.786439151,0.0,-444184.1887689871,-459281.3638484633,7250681.390432455,3535552.7200377653,10.659905859734865,-1843178.975,90.48437,3.601537074940184,True
75,SPhos,5.0,300,13.820868277689442,13.180852883961052,-1467644.4278505563,-1685724.585532086,0.0,-444182.5777137971,-459278.6312180633,15304.132406130759,38598.11542629718,11.293033209862188,-1765034.37,90.417015,3.5831439851175553,True
90,XPhos,2.5,150,9.903775429353118,10.663170099025592,-1545789.478945881,-1763876.954146601,0.0,-444183.7832555871,-459280.6732924233,8294668.784778856,2895967.171676029,10.64990585995838,-1843177.292,90.39936,0.7273481478289824,False
85,SPhos,2.5,60,14.247037447988987,13.204988334095106,-1467646.9046362662,-1685727.764741156,0.0,-444183.3795727971,-459279.9876584633,15111.10057723826,65336.88196050108,11.3030332098715,-1765037.254,90.2709,0.8791133205032147,False
85,SPhos,2.5,300,14.247037447988987,13.204988334095106,-1467646.9046362662,-1685727.764741156,0.0,-444183.3795727971,-459279.9876584633,15111.10057723826,65336.88196050108,11.3030332098715,-1765037.254,90.21917,0.9437421511982846,False
75,SPhos,2.5,150,13.820868277689442,13.180852883961052,-1467644.4278505563,-1685724.585532086,0.0,-444182.5777137971,-459278.6312180633,15304.132406130759,38598.11542629718,11.293033209862188,-1765034.37,90.069595,0.6907312885135793,False
90,RuPhos,2.5,60,18.44885087525472,15.902559178648517,-1566248.995358395,-1784334.1932323114,0.0,-444183.7832555871,-459280.6732924233,59.75214379248784,2035.7176503557635,10.40157665964216,-1863642.757,90.05536,0.6301837666189571,False
90,SPhos,2.5,60,14.460117997834459,13.216914504067972,-1467648.1605042263,-1685729.379576646,0.0,-444183.7832555871,-459280.6732924233,15023.872109372905,84128.7676441272,11.323033209890127,-1765038.719,89.97477,0.9850463155091693,False
85,XPhos,5.0,60,9.658911279169843,10.652223148848861,-1545788.059679771,-1763875.1411883512,0.0,-444183.3795727971,-459279.9876584633,9527699.03668363,2359746.6158612752,10.64990585995838,-1843175.627,89.95621,3.6481578563027375,True
85,RuPhos,2.5,600,18.206344445236027,15.897319298936054,-1566247.643969555,-1784332.437096581,0.0,-444183.3795727971,-459279.9876584633,57.98451087740736,1486.9209200405944,10.40157665964216,-1863641.151,89.95268,1.0764432286450574,False
85,RuPhos,2.5,900,18.206344445236027,15.897319298936054,-1566247.643969555,-1784332.437096581,0.0,-444183.3795727971,-459279.9876584633,57.98451087740736,1486.9209200405944,10.40157665964216,-1863641.151,89.95268,1.8040404684855662,False
85,RuPhos,2.5,300,18.206344445236027,15.897319298936054,-1566247.643969555,-1784332.437096581,0.0,-444183.3795727971,-459279.9876584633,57.98451087740736,1486.9209200405944,10.40157665964216,-1863641.151,89.855064,0.9113588116074833,False
90,SPhos,2.5,300,14.460117997834459,13.216914504067972,-1467648.1605042263,-1685729.379576646,0.0,-444183.7832555871,-459280.6732924233,15023.872109372905,84128.7676441272,11.323033209890127,-1765038.719,89.843704,1.0434257445181554,False
110,XPhos,2.5,300,10.882359249284491,10.705811228835955,-1545795.295539321,-1763884.3990254912,0.0,-444185.4162548871,-459283.4648965533,4954727.972322859,6247709.61795222,10.67990585998632,-1843184.126,89.828415,1.0806304405117004,False
60,SPhos,5.0,600,13.18158100778237,13.143891653977334,-1467640.8002475863,-1685719.943252726,0.0,-444181.3887453471,-459276.6338575833,15646.807475190615,16563.409464430657,11.263033210067078,-1765030.156,89.81825,3.614510671902265,True
60,SPhos,5.0,900,13.18158100778237,13.143891653977334,-1467640.8002475863,-1685719.943252726,0.0,-444181.3887453471,-459276.6338575833,15646.807475190615,16563.409464430657,11.263033210067078,-1765030.156,89.81825,3.8783859067737234,True
65,SPhos,5.0,300,13.394682527985424,13.15631785406731,-1467641.9977544062,-1685721.473774886,0.0,-444181.7832208271,-459277.2946503733,15524.836823935068,22135.065991421005,11.283033209620044,-1765031.545,89.7284,3.5928627715911348,True
110,XPhos,2.5,900,10.882359249284491,10.705811228835955,-1545795.295539321,-1763884.3990254912,0.0,-444185.4162548871,-459283.4648965533,4954727.972322859,6247709.61795222,10.67990585998632,-1843184.126,89.71923,2.0809505685075758,False
110,XPhos,2.5,600,10.882359249284491,10.705811228835955,-1545795.295539321,-1763884.3990254912,0.0,-444185.4162548871,-459283.4648965533,4954727.972322859,6247709.61795222,10.67990585998632,-1843184.126,89.71923,1.5247845958077224,False
80,SPhos,2.5,150,14.033954487647861,13.192968864226714,-1467645.6604138464,-1685726.1667177258,0.0,-444182.9777243271,-459279.3069618933,15204.384540511206,50397.28006129014,11.3030332098715,-1765035.804,89.70454,0.723007394849288,False
65,SPhos,5.0,900,13.394682527985424,13.15631785406731,-1467641.9977544062,-1685721.473774886,0.0,-444181.7832208271,-459277.2946503733,15524.836823935068,22135.065991421005,11.283033209620044,-1765031.545,89.70177,3.8700193992859724,True
65,SPhos,5.0,600,13.394682527985424,13.15631785406731,-1467641.9977544062,-1685721.473774886,0.0,-444181.7832208271,-459277.2946503733,15524.836823935068,22135.065991421005,11.283033209620044,-1765031.545,89.70177,3.6050873096926828,True
95,XPhos,5.0,900,10.148550909478217,10.673999548889697,-1545790.9121783709,-1763878.786439151,0.0,-444184.1887689871,-459281.3638484633,7250681.390432455,3535552.7200377653,10.659905859734865,-1843178.975,89.659065,3.964044333171434,True
95,XPhos,5.0,600,10.148550909478217,10.673999548889697,-1545790.9121783709,-1763878.786439151,0.0,-444184.1887689871,-459281.3638484633,7250681.390432455,3535552.7200377653,10.659905859734865,-1843178.975,89.659065,3.70412344444289,True
60,SPhos,2.5,60,13.18158100778237,13.143891653977334,-1467640.8002475863,-1685719.943252726,0.0,-444181.3887453471,-459276.6338575833,15646.807475190615,16563.409464430657,11.263033210067078,-1765030.156,89.543495,0.9677059737366227,False
90,RuPhos,2.5,900,18.44885087525472,15.902559178648517,-1566248.995358395,-1784334.1932323114,0.0,-444183.7832555871,-459280.6732924233,59.75214379248784,2035.7176503557635,10.40157665964216,-1863642.757,89.46506,1.8065905594700837,False
90,RuPhos,2.5,600,18.44885087525472,15.902559178648517,-1566248.995358395,-1784334.1932323114,0.0,-444183.7832555871,-459280.6732924233,59.75214379248784,2035.7176503557635,10.40157665964216,-1863642.757,89.46506,1.046149803167839,False
110,RuPhos,1.25,60,19.418359155301005,15.92476194864139,-1566254.534602715,-1784341.4024760714,0.0,-444185.4162548871,-459283.4648965533,67.01634401080203,6590.0633514276105,10.441576659912243,-1863649.348,89.44303,1.0273407274661228,False
90,RuPhos,2.5,300,18.44885087525472,15.902559178648517,-1566248.995358395,-1784334.1932323114,0.0,-444183.7832555871,-459280.6732924233,59.75214379248784,2035.7176503557635,10.40157665964216,-1863642.757,89.36744,0.8647595219744387,False
80,RuPhos,5.0,900,17.963784645311534,15.892203728668392,-1566246.305980445,-1784330.6994882214,0.0,-444182.9777243271,-459279.3069618933,56.236733463457,1076.4748719139075,10.391576659865676,-1863639.562,89.3673,3.893666574533212,True
80,RuPhos,5.0,600,17.963784645311534,15.892203728668392,-1566246.305980445,-1784330.6994882214,0.0,-444182.9777243271,-459279.3069618933,56.236733463457,1076.4748719139075,10.391576659865676,-1863639.562,89.3673,3.657116600016077,True
95,SPhos,2.5,600,14.67319693788886,13.228750424226746,-1467649.4280038362,-1685731.0111979658,0.0,-444184.1887689871,-459281.3638484633,14942.323068252126,107617.60795195767,11.333033210132273,-1765040.199,89.16205,1.0386016473066517,False
95,SPhos,2.5,900,14.67319693788886,13.228750424226746,-1467649.4280038362,-1685731.0111979658,0.0,-444184.1887689871,-459281.3638484633,14942.323068252126,107617.60795195767,11.333033210132273,-1765040.199,89.16205,1.7281736063124924,False
110,XPhos,2.5,150,10.882359249284491,10.705811228835955,-1545795.295539321,-1763884.3990254912,0.0,-444185.4162548871,-459283.4648965533,4954727.972322859,6247709.61795222,10.67990585998632,-1843184.126,89.156105,0.9122917794627055,False
65,SPhos,2.5,150,13.394682527985424,13.15631785406731,-1467641.9977544062,-1685721.473774886,0.0,-444181.7832208271,-459277.2946503733,15524.836823935068,22135.065991421005,11.283033209620044,-1765031.545,89.14743,0.7492177397739292,False
90,XPhos,5.0,150,9.903775429353118,10.663170099025592,-1545789.478945881,-1763876.954146601,0.0,-444183.7832555871,-459280.6732924233,8294668.784778856,2895967.171676029,10.64990585995838,-1843177.292,89.12001,3.602122239189665,True
110,XPhos,1.25,60,10.882359249284491,10.705811228835955,-1545795.295539321,-1763884.3990254912,0.0,-444185.4162548871,-459283.4648965533,4954727.972322859,6247709.61795222,10.67990585998632,-1843184.126,89.032135,0.49351949739296,False
85,SPhos,5.0,900,14.247037447988987,13.204988334095106,-1467646.9046362662,-1685727.764741156,0.0,-444183.3795727971,-459279.9876584633,15111.10057723826,65336.88196050108,11.3030332098715,-1765037.254,88.95683,3.862352723870914,True
85,SPhos,5.0,600,14.247037447988987,13.204988334095106,-1467646.9046362662,-1685727.764741156,0.0,-444183.3795727971,-459279.9876584633,15111.10057723826,65336.88196050108,11.3030332098715,-1765037.254,88.95683,3.6126320906692095,True
80,RuPhos,5.0,300,17.963784645311534,15.892203728668392,-1566246.305980445,-1784330.6994882214,0.0,-444182.9777243271,-459279.3069618933,56.236733463457,1076.4748719139075,10.391576659865676,-1863639.562,88.9303,3.6750828213466384,True
60,SPhos,5.0,300,13.18158100778237,13.143891653977334,-1467640.8002475863,-1685719.943252726,0.0,-444181.3887453471,-459276.6338575833,15646.807475190615,16563.409464430657,11.263033210067078,-1765030.156,88.8532,3.608933492395721,True
90,SPhos,5.0,900,14.460117997834459,13.216914504067972,-1467648.1605042263,-1685729.379576646,0.0,-444183.7832555871,-459280.6732924233,15023.872109372905,84128.7676441272,11.323033209890127,-1765038.719,88.7201,3.8823644405252944,True
90,SPhos,5.0,600,14.460117997834459,13.216914504067972,-1467648.1605042263,-1685729.379576646,0.0,-444183.7832555871,-459280.6732924233,15023.872109372905,84128.7676441272,11.323033209890127,-1765038.719,88.7201,3.638479071321097,True
80,RuPhos,2.5,150,17.963784645311534,15.892203728668392,-1566246.305980445,-1784330.6994882214,0.0,-444182.9777243271,-459279.3069618933,56.236733463457,1076.4748719139075,10.391576659865676,-1863639.562,88.691124,0.7082794497090805,False
70,SPhos,2.5,900,13.607777937548235,13.16863704379648,-1467643.2069597065,-1685723.021209516,0.0,-444182.1795447971,-459277.9604423933,15410.788400654232,29342.949985527997,11.293033210095018,-1765032.95,88.59366,1.558127388300801,False
70,SPhos,2.5,600,13.607777937548235,13.16863704379648,-1467643.2069597065,-1685723.021209516,0.0,-444182.1795447971,-459277.9604423933,15410.788400654232,29342.949985527997,11.293033210095018,-1765032.95,88.59366,0.6746086015293514,False
75,XPhos,1.25,60,9.168911109212786,10.62996449903585,-1545785.263097831,-1763871.573390411,0.0,-444182.5777137971,-459278.6312180633,12734608.246475026,1541123.1738748744,10.64990585995838,-1843172.349,88.57691,1.1451141612899864,False
70,SPhos,2.5,300,13.607777937548235,13.16863704379648,-1467643.2069597065,-1685723.021209516,0.0,-444182.1795447971,-459277.9604423933,15410.788400654232,29342.949985527997,11.293033210095018,-1765032.95,88.46362,0.820880754025582,False
95,SPhos,2.5,60,14.67319693788886,13.228750424226746,-1467649.4280038362,-1685731.0111979658,0.0,-444184.1887689871,-459281.3638484633,14942.323068252126,107617.60795195767,11.333033210132273,-1765040.199,88.44823,1.1161431606965075,False
85,XPhos,1.25,60,9.658911279169843,10.652223148848861,-1545788.059679771,-1763875.1411883512,0.0,-444183.3795727971,-459279.9876584633,9527699.03668363,2359746.6158612752,10.64990585995838,-1843175.627,88.43991,0.9283819612701588,False
80,XPhos,1.25,60,9.4139569895342,10.641155658988282,-1545786.654392921,-1763873.3475934211,0.0,-444182.9777243271,-459279.3069618933,10990640.043332627,1912402.9512920224,10.64990585995838,-1843173.979,88.40041,1.0287514650749638,False
75,SPhos,5.0,150,13.820868277689442,13.180852883961052,-1467644.4278505563,-1685724.585532086,0.0,-444182.5777137971,-459278.6312180633,15304.132406130759,38598.11542629718,11.293033209862188,-1765034.37,88.312065,3.631120558135488,True
80,SPhos,5.0,150,14.033954487647861,13.192968864226714,-1467645.6604138464,-1685726.1667177258,0.0,-444182.9777243271,-459279.3069618933,15204.384540511206,50397.28006129014,11.3030332098715,-1765035.804,88.2783,3.6371129562230693,True
70,SPhos,2.5,60,13.607777937548235,13.16863704379648,-1467643.2069597065,-1685723.021209516,0.0,-444182.1795447971,-459277.9604423933,15410.788400654232,29342.949985527997,11.293033210095018,-1765032.95,88.24933,0.8871060824055139,False
95,SPhos,2.5,300,14.67319693788886,13.228750424226746,-1467649.4280038362,-1685731.0111979658,0.0,-444184.1887689871,-459281.3638484633,14942.323068252126,107617.60795195767,11.333033210132273,-1765040.199,88.18691,1.155593122354943,False
95,XPhos,2.5,150,10.148550909478217,10.673999548889697,-1545790.9121783709,-1763878.786439151,0.0,-444184.1887689871,-459281.3638484633,7250681.390432455,3535552.7200377653,10.659905859734865,-1843178.975,88.17124,0.746427787473905,False
85,SPhos,5.0,300,14.247037447988987,13.204988334095106,-1467646.9046362662,-1685727.764741156,0.0,-444183.3795727971,-459279.9876584633,15111.10057723826,65336.88196050108,11.3030332098715,-1765037.254,88.08902,3.600044537288569,True
110,XPhos,5.0,300,10.882359249284491,10.705811228835955,-1545795.295539321,-1763884.3990254912,0.0,-444185.4162548871,-459283.4648965533,4954727.972322859,6247709.61795222,10.67990585998632,-1843184.126,88.04488,3.6444739681432297,True
110,XPhos,5.0,150,10.882359249284491,10.705811228835955,-1545795.295539321,-1763884.3990254912,0.0,-444185.4162548871,-459283.4648965533,4954727.972322859,6247709.61795222,10.67990585998632,-1843184.126,88.00957,3.6480349976655417,True
110,XPhos,5.0,600,10.882359249284491,10.705811228835955,-1545795.295539321,-1763884.3990254912,0.0,-444185.4162548871,-459283.4648965533,4954727.972322859,6247709.61795222,10.67990585998632,-1843184.126,87.99426,3.8043780097243385,True
110,XPhos,5.0,900,10.882359249284491,10.705811228835955,-1545795.295539321,-1763884.3990254912,0.0,-444185.4162548871,-459283.4648965533,4954727.972322859,6247709.61795222,10.67990585998632,-1843184.126,87.99426,4.068006678678503,True
105,XPhos,2.5,300,10.637841439107433,10.695317378966138,-1545793.820489031,-1763882.508908831,0.0,-444185.0052725071,-459282.7596657633,5604753.223729682,5192056.22532631,10.669905859977009,-1843182.392,87.93784,1.0083282552571902,False
100,XPhos,2.5,300,10.393239109078422,10.684714378789067,-1545792.359363991,-1763880.6380365512,0.0,-444184.5961092371,-459282.0593113233,6362888.981633075,4294817.146869944,10.669905859977009,-1843180.675,87.930046,0.9376096308316999,False
75,XPhos,1.25,150,9.168911109212786,10.62996449903585,-1545785.263097831,-1763871.573390411,0.0,-444182.5777137971,-459278.6312180633,12734608.246475026,1541123.1738748744,10.64990585995838,-1843172.349,87.831985,1.1195003614385646,False
110,XPhos,5.0,60,10.882359249284491,10.705811228835955,-1545795.295539321,-1763884.3990254912,0.0,-444185.4162548871,-459283.4648965533,4954727.972322859,6247709.61795222,10.67990585998632,-1843184.126,87.8256,3.6763917441658527,True
60,SPhos,2.5,150,13.18158100778237,13.143891653977334,-1467640.8002475863,-1685719.943252726,0.0,-444181.3887453471,-459276.6338575833,15646.807475190615,16563.409464430657,11.263033210067078,-1765030.156,87.789444,0.8300860628249328,False
65,SPhos,5.0,150,13.394682527985424,13.15631785406731,-1467641.9977544062,-1685721.473774886,0.0,-444181.7832208271,-459277.2946503733,15524.836823935068,22135.065991421005,11.283033209620044,-1765031.545,87.77685,3.605901063122366,True
90,SPhos,5.0,300,14.460117997834459,13.216914504067972,-1467648.1605042263,-1685729.379576646,0.0,-444183.7832555871,-459280.6732924233,15023.872109372905,84128.7676441272,11.323033209890127,-1765038.719,87.713554,3.623104364048346,True
90,XPhos,1.25,300,9.903775429353118,10.663170099025592,-1545789.478945881,-1763876.954146601,0.0,-444183.7832555871,-459280.6732924233,8294668.784778856,2895967.171676029,10.64990585995838,-1843177.292,87.704185,0.9157913088413933,False
85,RuPhos,2.5,150,18.206344445236027,15.897319298936054,-1566247.643969555,-1784332.437096581,0.0,-444183.3795727971,-459279.9876584633,57.98451087740736,1486.9209200405944,10.40157665964216,-1863641.151,87.67677,0.5913254180612133,False
105,XPhos,2.5,900,10.637841439107433,10.695317378966138,-1545793.820489031,-1763882.508908831,0.0,-444185.0052725071,-459282.7596657633,5604753.223729682,5192056.22532631,10.669905859977009,-1843182.392,87.61628,2.020196441887709,False
105,XPhos,2.5,600,10.637841439107433,10.695317378966138,-1545793.820489031,-1763882.508908831,0.0,-444185.0052725071,-459282.7596657633,5604753.223729682,5192056.22532631,10.669905859977009,-1843182.392,87.61628,1.4335395624860252,False
100,XPhos,2.5,600,10.393239109078422,10.684714378789067,-1545792.359363991,-1763880.6380365512,0.0,-444184.5961092371,-459282.0593113233,6362888.981633075,4294817.146869944,10.669905859977009,-1843180.675,87.60848,1.32429092994646,False
100,XPhos,2.5,900,10.393239109078422,10.684714378789067,-1545792.359363991,-1763880.6380365512,0.0,-444184.5961092371,-459282.0593113233,6362888.981633075,4294817.146869944,10.669905859977009,-1843180.675,87.60848,1.974171746416177,False
85,XPhos,1.25,150,9.658911279169843,10.652223148848861,-1545788.059679771,-1763875.1411883512,0.0,-444183.3795727971,-459279.9876584633,9527699.03668363,2359746.6158612752,10.64990585995838,-1843175.627,87.58781,0.8864532416880534,False
85,SPhos,2.5,150,14.247037447988987,13.204988334095106,-1467646.9046362662,-1685727.764741156,0.0,-444183.3795727971,-459279.9876584633,15111.10057723826,65336.88196050108,11.3030332098715,-1765037.254,87.55597,0.7914593584372499,False
85,RuPhos,5.0,300,18.206344445236027,15.897319298936054,-1566247.643969555,-1784332.437096581,0.0,-444183.3795727971,-459279.9876584633,57.98451087740736,1486.9209200405944,10.40157665964216,-1863641.151,87.532135,3.650577951466444,True
80,XPhos,1.25,150,9.4139569895342,10.641155658988282,-1545786.654392921,-1763873.3475934211,0.0,-444182.9777243271,-459279.3069618933,10990640.043332627,1912402.9512920224,10.64990585995838,-1843173.979,87.524025,0.995236801204074,False
85,RuPhos,5.0,900,18.206344445236027,15.897319298936054,-1566247.643969555,-1784332.437096581,0.0,-444183.3795727971,-459279.9876584633,57.98451087740736,1486.9209200405944,10.40157665964216,-1863641.151,87.48763,3.8896731804196873,True
85,RuPhos,5.0,600,18.206344445236027,15.897319298936054,-1566247.643969555,-1784332.437096581,0.0,-444183.3795727971,-459279.9876584633,57.98451087740736,1486.9209200405944,10.40157665964216,-1863641.151,87.48763,3.6527453692187897,True
100,XPhos,2.5,60,10.393239109078422,10.684714378789067,-1545792.359363991,-1763880.6380365512,0.0,-444184.5961092371,-459282.0593113233,6362888.981633075,4294817.146869944,10.669905859977009,-1843180.675,87.48009,0.9218472216268087,False
105,XPhos,2.5,60,10.637841439107433,10.695317378966138,-1545793.820489031,-1763882.508908831,0.0,-444185.0052725071,-459282.7596657633,5604753.223729682,5192056.22532631,10.669905859977009,-1843182.392,87.443184,0.9548082705320594,False
80,RuPhos,1.25,60,17.963784645311534,15.892203728668392,-1566246.305980445,-1784330.6994882214,0.0,-444182.9777243271,-459279.3069618933,56.236733463457,1076.4748719139075,10.391576659865676,-1863639.562,87.43175,1.1601976624654053,False
110,SPhos,2.5,60,15.312431127997115,13.263745604082942,-1467653.3001485362,-1685736.006506606,0.0,-444185.4162548871,-459283.4648965533,14728.423250338394,217121.89225867897,11.353033210150898,-1765044.73,87.42018,1.5093448414519899,False
110,RuPhos,2.5,300,19.418359155301005,15.92476194864139,-1566254.534602715,-1784341.4024760714,0.0,-444185.4162548871,-459283.4648965533,67.01634401080203,6590.0633514276105,10.441576659912243,-1863649.348,87.36804,1.030203638735547,False
80,RuPhos,5.0,150,17.963784645311534,15.892203728668392,-1566246.305980445,-1784330.6994882214,0.0,-444182.9777243271,-459279.3069618933,56.236733463457,1076.4748719139075,10.391576659865676,-1863639.562,87.357834,3.6997184077397107,True
95,RuPhos,2.5,60,18.691304735140875,15.907923408551142,-1566250.360131885,-1784335.9678671914,0.0,-444184.1887689871,-459281.3638484633,61.53938637646395,2763.4320518807126,10.421576660126448,-1863644.379,87.33858,0.6285602837049732,False
90,RuPhos,2.5,150,18.44885087525472,15.902559178648517,-1566248.995358395,-1784334.1932323114,0.0,-444183.7832555871,-459280.6732924233,59.75214379248784,2035.7176503557635,10.40157665964216,-1863642.757,87.18915,0.5020594518088914,False
90,XPhos,1.25,900,9.903775429353118,10.663170099025592,-1545789.478945881,-1763876.954146601,0.0,-444183.7832555871,-459280.6732924233,8294668.784778856,2895967.171676029,10.64990585995838,-1843177.292,87.083046,1.6409117495680074,False
90,XPhos,1.25,600,9.903775429353118,10.663170099025592,-1545789.478945881,-1763876.954146601,0.0,-444183.7832555871,-459280.6732924233,8294668.784778856,2895967.171676029,10.64990585995838,-1843177.292,87.083046,0.8889347960607248,False
90,RuPhos,5.0,300,18.44885087525472,15.902559178648517,-1566248.995358395,-1784334.1932323114,0.0,-444183.7832555871,-459280.6732924233,59.75214379248784,2035.7176503557635,10.40157665964216,-1863642.757,87.04451,3.6358649390287474,True
105,RuPhos,2.5,60,19.176058075157925,15.919024858390912,-1566253.129770275,-1784339.5725187417,0.0,-444185.0052725071,-459282.7596657633,65.17172382576413,4970.4831688753775,10.421576660126448,-1863647.675,87.00933,0.78407331044052,False
90,RuPhos,5.0,600,18.44885087525472,15.902559178648517,-1566248.995358395,-1784334.1932323114,0.0,-444183.7832555871,-459280.6732924233,59.75214379248784,2035.7176503557635,10.40157665964216,-1863642.757,87.00001,3.656186219897889,True
90,RuPhos,5.0,900,18.44885087525472,15.902559178648517,-1566248.995358395,-1784334.1932323114,0.0,-444183.7832555871,-459280.6732924233,59.75214379248784,2035.7176503557635,10.40157665964216,-1863642.757,87.00001,3.8955272367756146,True
95,SPhos,5.0,600,14.67319693788886,13.228750424226746,-1467649.4280038362,-1685731.0111979658,0.0,-444184.1887689871,-459281.3638484633,14942.323068252126,107617.60795195767,11.333033210132273,-1765040.199,86.98835,3.6733792765571787,True
95,SPhos,5.0,900,14.67319693788886,13.228750424226746,-1467649.4280038362,-1685731.0111979658,0.0,-444184.1887689871,-459281.3638484633,14942.323068252126,107617.60795195767,11.333033210132273,-1765040.199,86.98835,3.910575041473649,True
100,SPhos,2.5,600,14.886274977819994,13.240499064093456,-1467650.7071208763,-1685732.659578356,0.0,-444184.5961092371,-459282.0593113233,14866.107744963463,136800.11328444284,11.343033209675925,-1765041.694,86.9767,1.1865000561248984,False
100,SPhos,2.5,900,14.886274977819994,13.240499064093456,-1467650.7071208763,-1685732.659578356,0.0,-444184.5961092371,-459282.0593113233,14866.107744963463,136800.11328444284,11.343033209675925,-1765041.694,86.9767,1.8131307844633586,False
90,SPhos,2.5,150,14.460117997834459,13.216914504067972,-1467648.1605042263,-1685729.379576646,0.0,-444183.7832555871,-459280.6732924233,15023.872109372905,84128.7676441272,11.323033209890127,-1765038.719,86.948616,0.8945453123830308,False
95,XPhos,5.0,150,10.148550909478217,10.673999548889697,-1545790.9121783709,-1763878.786439151,0.0,-444184.1887689871,-459281.3638484633,7250681.390432455,3535552.7200377653,10.659905859734865,-1843178.975,86.92541,3.605727400333069,True
90,XPhos,5.0,60,9.903775429353118,10.663170099025592,-1545789.478945881,-1763876.954146601,0.0,-444183.7832555871,-459280.6732924233,8294668.784778856,2895967.171676029,10.64990585995838,-1843177.292,86.92209,3.641807994374441,True
80,RuPhos,1.25,300,17.963784645311534,15.892203728668392,-1566246.305980445,-1784330.6994882214,0.0,-444182.9777243271,-459279.3069618933,56.236733463457,1076.4748719139075,10.391576659865676,-1863639.562,86.85882,0.8963201392310862,False
100,SPhos,2.5,60,14.886274977819994,13.240499064093456,-1467650.7071208763,-1685732.659578356,0.0,-444184.5961092371,-459282.0593113233,14866.107744963463,136800.11328444284,11.343033209675925,-1765041.694,86.79923,1.258807058561254,False
110,SPhos,2.5,900,15.312431127997115,13.263745604082942,-1467653.3001485362,-1685736.006506606,0.0,-444185.4162548871,-459283.4648965533,14728.423250338394,217121.89225867897,11.353033210150898,-1765044.73,86.79801,1.9810736687721597,False
110,SPhos,2.5,600,15.312431127997115,13.263745604082942,-1467653.3001485362,-1685736.006506606,0.0,-444185.4162548871,-459283.4648965533,14728.423250338394,217121.89225867897,11.353033210150898,-1765044.73,86.79801,1.4481904428852312,False
80,SPhos,1.25,900,14.033954487647861,13.192968864226714,-1467645.6604138464,-1685726.1667177258,0.0,-444182.9777243271,-459279.3069618933,15204.384540511206,50397.28006129014,11.3030332098715,-1765035.804,86.78624,1.5373334811776516,False
80,SPhos,1.25,600,14.033954487647861,13.192968864226714,-1467645.6604138464,-1685726.1667177258,0.0,-444182.9777243271,-459279.3069618933,15204.384540511206,50397.28006129014,11.3030332098715,-1765035.804,86.78624,0.6807334957677614,False
80,RuPhos,1.25,900,17.963784645311534,15.892203728668392,-1566246.305980445,-1784330.6994882214,0.0,-444182.9777243271,-459279.3069618933,56.236733463457,1076.4748719139075,10.391576659865676,-1863639.562,86.775536,2.2747974178515338,False
80,RuPhos,1.25,600,17.963784645311534,15.892203728668392,-1566246.305980445,-1784330.6994882214,0.0,-444182.9777243271,-459279.3069618933,56.236733463457,1076.4748719139075,10.391576659865676,-1863639.562,86.775536,1.68014281025066,False
70,SPhos,5.0,900,13.607777937548235,13.16863704379648,-1467643.2069597065,-1685723.021209516,0.0,-444182.1795447971,-459277.9604423933,15410.788400654232,29342.949985527997,11.293033210095018,-1765032.95,86.76583,3.85997403140916,True
70,SPhos,5.0,600,13.607777937548235,13.16863704379648,-1467643.2069597065,-1685723.021209516,0.0,-444182.1795447971,-459277.9604423933,15410.788400654232,29342.949985527997,11.293033210095018,-1765032.95,86.76583,3.594598706629321,True
70,SPhos,5.0,300,13.607777937548235,13.16863704379648,-1467643.2069597065,-1685723.021209516,0.0,-444182.1795447971,-459277.9604423933,15410.788400654232,29342.949985527997,11.293033210095018,-1765032.95,86.679344,3.586565293253419,True
80,SPhos,5.0,60,14.033954487647861,13.192968864226714,-1467645.6604138464,-1685726.1667177258,0.0,-444182.9777243271,-459279.3069618933,15204.384540511206,50397.28006129014,11.3030332098715,-1765035.804,86.67652,3.659653745856825,True
75,SPhos,5.0,60,13.820868277689442,13.180852883961052,-1467644.4278505563,-1685724.585532086,0.0,-444182.5777137971,-459278.6312180633,15304.132406130759,38598.11542629718,11.293033209862188,-1765034.37,86.64648,3.6457753243930178,True
80,RuPhos,5.0,60,17.963784645311534,15.892203728668392,-1566246.305980445,-1784330.6994882214,0.0,-444182.9777243271,-459279.3069618933,56.236733463457,1076.4748719139075,10.391576659865676,-1863639.562,86.62498,3.7109081946291314,True
105,SPhos,2.5,60,15.09935283777304,13.252163224155083,-1467651.9978407663,-1685734.324690526,0.0,-444185.0052725071,-459282.7596657633,14794.90599541967,172846.1644215903,11.343033209908754,-1765043.205,86.59185,1.392468326345496,False
110,RuPhos,2.5,150,19.418359155301005,15.92476194864139,-1566254.534602715,-1784341.4024760714,0.0,-444185.4162548871,-459283.4648965533,67.01634401080203,6590.0633514276105,10.441576659912243,-1863649.348,86.58386,0.8241908557905596,False
60,XPhos,2.5,600,8.433208599220961,10.595615619095042,-1545781.173284071,-1763866.367414081,0.0,-444181.3887453471,-459276.6338575833,20385939.46772613,777685.7865245574,10.629905860172585,-1843167.563,86.56604,1.3223203578491536,False
60,XPhos,2.5,900,8.433208599220961,10.595615619095042,-1545781.173284071,-1763866.367414081,0.0,-444181.3887453471,-459276.6338575833,20385939.46772613,777685.7865245574,10.629905860172585,-1843167.563,86.56604,2.0378362058483988,False
85,RuPhos,1.25,60,18.206344445236027,15.897319298936054,-1566247.643969555,-1784332.437096581,0.0,-444183.3795727971,-459279.9876584633,57.98451087740736,1486.9209200405944,10.40157665964216,-1863641.151,86.56285,1.1103564393578063,False
105,SPhos,2.5,900,15.09935283777304,13.252163224155083,-1467651.9978407663,-1685734.324690526,0.0,-444185.0052725071,-459282.7596657633,14794.90599541967,172846.1644215903,11.343033209908754,-1765043.205,86.55709,1.903061400965703,False
105,SPhos,2.5,600,15.09935283777304,13.252163224155083,-1467651.9978407663,-1685734.324690526,0.0,-444185.0052725071,-459282.7596657633,14794.90599541967,172846.1644215903,11.343033209908754,-1765043.205,86.55709,1.3294349868723208,False
110,RuPhos,1.25,150,19.418359155301005,15.92476194864139,-1566254.534602715,-1784341.4024760714,0.0,-444185.4162548871,-459283.4648965533,67.01634401080203,6590.0633514276105,10.441576659912243,-1863649.348,86.53647,0.828266235227545,False
60,XPhos,2.5,300,8.433208599220961,10.595615619095042,-1545781.173284071,-1763866.367414081,0.0,-444181.3887453471,-459276.6338575833,20385939.46772613,777685.7865245574,10.629905860172585,-1843167.563,86.51471,1.0597346427724914,False
70,SPhos,2.5,150,13.607777937548235,13.16863704379648,-1467643.2069597065,-1685723.021209516,0.0,-444182.1795447971,-459277.9604423933,15410.788400654232,29342.949985527997,11.293033210095018,-1765032.95,86.440445,0.6964758139721349,False
95,RuPhos,2.5,300,18.691304735140875,15.907923408551142,-1566250.360131885,-1784335.9678671914,0.0,-444184.1887689871,-459281.3638484633,61.53938637646395,2763.4320518807126,10.421576660126448,-1863644.379,86.4319,0.8580385549764005,False
95,RuPhos,2.5,900,18.691304735140875,15.907923408551142,-1566250.360131885,-1784335.9678671914,0.0,-444184.1887689871,-459281.3638484633,61.53938637646395,2763.4320518807126,10.421576660126448,-1863644.379,86.37587,1.8230597567137088,False
95,RuPhos,2.5,600,18.691304735140875,15.907923408551142,-1566250.360131885,-1784335.9678671914,0.0,-444184.1887689871,-459281.3638484633,61.53938637646395,2763.4320518807126,10.421576660126448,-1863644.379,86.37587,1.021711384712437,False
110,SPhos,2.5,300,15.312431127997115,13.263745604082942,-1467653.3001485362,-1685736.006506606,0.0,-444185.4162548871,-459283.4648965533,14728.423250338394,217121.89225867897,11.353033210150898,-1765044.73,86.35071,1.5274423840748053,False
105,XPhos,5.0,300,10.637841439107433,10.695317378966138,-1545793.820489031,-1763882.508908831,0.0,-444185.0052725071,-459282.7596657633,5604753.223729682,5192056.22532631,10.669905859977009,-1843182.392,86.24915,3.6203664476182773,True
100,XPhos,5.0,300,10.393239109078422,10.684714378789067,-1545792.359363991,-1763880.6380365512,0.0,-444184.5961092371,-459282.0593113233,6362888.981633075,4294817.146869944,10.669905859977009,-1843180.675,86.232155,3.606024384657297,True
110,RuPhos,2.5,900,19.418359155301005,15.92476194864139,-1566254.534602715,-1784341.4024760714,0.0,-444185.4162548871,-459283.4648965533,67.01634401080203,6590.0633514276105,10.441576659912243,-1863649.348,86.22464,1.9697621898276498,False
110,RuPhos,2.5,600,19.418359155301005,15.92476194864139,-1566254.534602715,-1784341.4024760714,0.0,-444185.4162548871,-459283.4648965533,67.01634401080203,6590.0633514276105,10.441576659912243,-1863649.348,86.22464,1.1461569394938151,False
85,RuPhos,5.0,150,18.206344445236027,15.897319298936054,-1566247.643969555,-1784332.437096581,0.0,-444183.3795727971,-459279.9876584633,57.98451087740736,1486.9209200405944,10.40157665964216,-1863641.151,86.22314,3.6992283140725304,True
105,RuPhos,2.5,300,19.176058075157925,15.919024858390912,-1566253.129770275,-1784339.5725187417,0.0,-444185.0052725071,-459282.7596657633,65.17172382576413,4970.4831688753775,10.421576660126448,-1863647.675,86.168274,0.9544451697971617,False
100,SPhos,2.5,300,14.886274977819994,13.240499064093456,-1467650.7071208763,-1685732.659578356,0.0,-444184.5961092371,-459282.0593113233,14866.107744963463,136800.11328444284,11.343033209675925,-1765041.694,86.16372,1.2805581288176056,False
85,SPhos,5.0,150,14.247037447988987,13.204988334095106,-1467646.9046362662,-1685727.764741156,0.0,-444183.3795727971,-459279.9876584633,15111.10057723826,65336.88196050108,11.3030332098715,-1765037.254,86.06109,3.6353905795377464,True
95,SPhos,5.0,300,14.67319693788886,13.228750424226746,-1467649.4280038362,-1685731.0111979658,0.0,-444184.1887689871,-459281.3638484633,14942.323068252126,107617.60795195767,11.333033210132273,-1765040.199,86.05676,3.655605997610647,True
80,SPhos,1.25,300,14.033954487647861,13.192968864226714,-1467645.6604138464,-1685726.1667177258,0.0,-444182.9777243271,-459279.3069618933,15204.384540511206,50397.28006129014,11.3030332098715,-1765035.804,85.94693,0.9527210110661596,False
60,SPhos,5.0,150,13.18158100778237,13.143891653977334,-1467640.8002475863,-1685719.943252726,0.0,-444181.3887453471,-459276.6338575833,15646.807475190615,16563.409464430657,11.263033210067078,-1765030.156,85.90373,3.6065474997281677,True
105,XPhos,5.0,600,10.637841439107433,10.695317378966138,-1545793.820489031,-1763882.508908831,0.0,-444185.0052725071,-459282.7596657633,5604753.223729682,5192056.22532631,10.669905859977009,-1843182.392,85.90272,3.768565467782816,True
105,XPhos,5.0,900,10.637841439107433,10.695317378966138,-1545793.820489031,-1763882.508908831,0.0,-444185.0052725071,-459282.7596657633,5604753.223729682,5192056.22532631,10.669905859977009,-1843182.392,85.90272,4.024953241421628,True
65,SPhos,5.0,60,13.394682527985424,13.15631785406731,-1467641.9977544062,-1685721.473774886,0.0,-444181.7832208271,-459277.2946503733,15524.836823935068,22135.065991421005,11.283033209620044,-1765031.545,85.894775,3.6389576665443704,True
110,XPhos,1.25,150,10.882359249284491,10.705811228835955,-1545795.295539321,-1763884.3990254912,0.0,-444185.4162548871,-459283.4648965533,4954727.972322859,6247709.61795222,10.67990585998632,-1843184.126,85.88946,0.3857836011176703,False
100,XPhos,5.0,600,10.393239109078422,10.684714378789067,-1545792.359363991,-1763880.6380365512,0.0,-444184.5961092371,-459282.0593113233,6362888.981633075,4294817.146869944,10.669905859977009,-1843180.675,85.88572,3.7314234763977554,True
100,XPhos,5.0,900,10.393239109078422,10.684714378789067,-1545792.359363991,-1763880.6380365512,0.0,-444184.5961092371,-459282.0593113233,6362888.981633075,4294817.146869944,10.669905859977009,-1843180.675,85.88572,3.9897461062546853,True
90,RuPhos,1.25,60,18.44885087525472,15.902559178648517,-1566248.995358395,-1784334.1932323114,0.0,-444183.7832555871,-459280.6732924233,59.75214379248784,2035.7176503557635,10.40157665964216,-1863642.757,85.7895,1.0767679624974886,False
105,RuPhos,2.5,900,19.176058075157925,15.919024858390912,-1566253.129770275,-1784339.5725187417,0.0,-444185.0052725071,-459282.7596657633,65.17172382576413,4970.4831688753775,10.421576660126448,-1863647.675,85.757484,1.9139123987097952,False
105,RuPhos,2.5,600,19.176058075157925,15.919024858390912,-1566253.129770275,-1784339.5725187417,0.0,-444185.0052725071,-459282.7596657633,65.17172382576413,4970.4831688753775,10.421576660126448,-1863647.675,85.757484,1.0869770022222838,False
105,SPhos,2.5,300,15.09935283777304,13.252163224155083,-1467651.9978407663,-1685734.324690526,0.0,-444185.0052725071,-459282.7596657633,14794.90599541967,172846.1644215903,11.343033209908754,-1765043.205,85.74411,1.417516585124303,False
90,RuPhos,5.0,150,18.44885087525472,15.902559178648517,-1566248.995358395,-1784334.1932323114,0.0,-444183.7832555871,-459280.6732924233,59.75214379248784,2035.7176503557635,10.40157665964216,-1863642.757,85.73551,3.7019674977330626,True
110,XPhos,1.25,600,10.882359249284491,10.705811228835955,-1545795.295539321,-1763884.3990254912,0.0,-444185.4162548871,-459283.4648965533,4954727.972322859,6247709.61795222,10.67990585998632,-1843184.126,85.71991,1.0692312403925675,False
110,XPhos,1.25,900,10.882359249284491,10.705811228835955,-1545795.295539321,-1763884.3990254912,0.0,-444185.4162548871,-459283.4648965533,4954727.972322859,6247709.61795222,10.67990585998632,-1843184.126,85.71991,1.7801923032112377,False
80,RuPhos,1.25,150,17.963784645311534,15.892203728668392,-1566246.305980445,-1784330.6994882214,0.0,-444182.9777243271,-459279.3069618933,56.236733463457,1076.4748719139075,10.391576659865676,-1863639.562,85.66008,0.9551721621933627,False
90,XPhos,1.25,60,9.903775429353118,10.663170099025592,-1545789.478945881,-1763876.954146601,0.0,-444183.7832555871,-459280.6732924233,8294668.784778856,2895967.171676029,10.64990585995838,-1843177.292,85.639946,0.8413483815122543,False
110,RuPhos,1.25,300,19.418359155301005,15.92476194864139,-1566254.534602715,-1784341.4024760714,0.0,-444185.4162548871,-459283.4648965533,67.01634401080203,6590.0633514276105,10.441576659912243,-1863649.348,85.56666,0.7747335359809758,False
85,RuPhos,1.25,300,18.206344445236027,15.897319298936054,-1566247.643969555,-1784332.437096581,0.0,-444183.3795727971,-459279.9876584633,57.98451087740736,1486.9209200405944,10.40157665964216,-1863641.151,85.55655,0.8153518115955374,False
95,XPhos,1.25,300,10.148550909478217,10.673999548889697,-1545790.9121783709,-1763878.786439151,0.0,-444184.1887689871,-459281.3638484633,7250681.390432455,3535552.7200377653,10.659905859734865,-1843178.975,85.477455,0.8198172832183657,False
90,SPhos,5.0,150,14.460117997834459,13.216914504067972,-1467648.1605042263,-1685729.379576646,0.0,-444183.7832555871,-459280.6732924233,15023.872109372905,84128.7676441272,11.323033209890127,-1765038.719,85.453735,3.644349790299446,True
110,RuPhos,5.0,300,19.418359155301005,15.92476194864139,-1566254.534602715,-1784341.4024760714,0.0,-444185.4162548871,-459283.4648965533,67.01634401080203,6590.0633514276105,10.441576659912243,-1863649.348,85.45303,3.675588444351758,True
110,XPhos,1.25,300,10.882359249284491,10.705811228835955,-1545795.295539321,-1763884.3990254912,0.0,-444185.4162548871,-459283.4648965533,4954727.972322859,6247709.61795222,10.67990585998632,-1843184.126,85.432495,0.6996642690889743,False
110,RuPhos,5.0,60,19.418359155301005,15.92476194864139,-1566254.534602715,-1784341.4024760714,0.0,-444185.4162548871,-459283.4648965533,67.01634401080203,6590.0633514276105,10.441576659912243,-1863649.348,85.39775,3.803740843579071,True
75,SPhos,1.25,600,13.820868277689442,13.180852883961052,-1467644.4278505563,-1685724.585532086,0.0,-444182.5777137971,-459278.6312180633,15304.132406130759,38598.11542629718,11.293033209862188,-1765034.37,85.375145,0.6509849112896681,False
75,SPhos,1.25,900,13.820868277689442,13.180852883961052,-1467644.4278505563,-1685724.585532086,0.0,-444182.5777137971,-459278.6312180633,15304.132406130759,38598.11542629718,11.293033209862188,-1765034.37,85.375145,1.5427847114324087,False
80,SPhos,1.25,60,14.033954487647861,13.192968864226714,-1467645.6604138464,-1685726.1667177258,0.0,-444182.9777243271,-459279.3069618933,15204.384540511206,50397.28006129014,11.3030332098715,-1765035.804,85.34013,0.985454118003064,False
85,RuPhos,5.0,60,18.206344445236027,15.897319298936054,-1566247.643969555,-1784332.437096581,0.0,-444183.3795727971,-459279.9876584633,57.98451087740736,1486.9209200405944,10.40157665964216,-1863641.151,85.28415,3.711269165606402,True
110,RuPhos,5.0,150,19.418359155301005,15.92476194864139,-1566254.534602715,-1784341.4024760714,0.0,-444185.4162548871,-459283.4648965533,67.01634401080203,6590.0633514276105,10.441576659912243,-1863649.348,85.27563,3.76019745677931,True
75,SPhos,1.25,300,13.820868277689442,13.180852883961052,-1467644.4278505563,-1685724.585532086,0.0,-444182.5777137971,-459278.6312180633,15304.132406130759,38598.11542629718,11.293033209862188,-1765034.37,85.19611,1.0101927724440405,False
95,XPhos,5.0,60,10.148550909478217,10.673999548889697,-1545790.9121783709,-1763878.786439151,0.0,-444184.1887689871,-459281.3638484633,7250681.390432455,3535552.7200377653,10.659905859734865,-1843178.975,85.10021,3.637192672260072,True
70,SPhos,5.0,150,13.607777937548235,13.16863704379648,-1467643.2069597065,-1685723.021209516,0.0,-444182.1795447971,-459277.9604423933,15410.788400654232,29342.949985527997,11.293033210095018,-1765032.95,85.09701,3.6144711797736013,True
95,SPhos,2.5,150,14.67319693788886,13.228750424226746,-1467649.4280038362,-1685731.0111979658,0.0,-444184.1887689871,-459281.3638484633,14942.323068252126,107617.60795195767,11.333033210132273,-1765040.199,85.09588,1.024121065639013,False
75,SPhos,1.25,60,13.820868277689442,13.180852883961052,-1467644.4278505563,-1685724.585532086,0.0,-444182.5777137971,-459278.6312180633,15304.132406130759,38598.11542629718,11.293033209862188,-1765034.37,85.07153,1.056709101886679,False
85,RuPhos,1.25,900,18.206344445236027,15.897319298936054,-1566247.643969555,-1784332.437096581,0.0,-444183.3795727971,-459279.9876584633,57.98451087740736,1486.9209200405944,10.40157665964216,-1863641.151,85.050674,2.2814521217547923,False
85,RuPhos,1.25,600,18.206344445236027,15.897319298936054,-1566247.643969555,-1784332.437096581,0.0,-444183.3795727971,-459279.9876584633,57.98451087740736,1486.9209200405944,10.40157665964216,-1863641.151,85.050674,1.6377700380970448,False
95,XPhos,1.25,900,10.148550909478217,10.673999548889697,-1545790.9121783709,-1763878.786439151,0.0,-444184.1887689871,-459281.3638484633,7250681.390432455,3535552.7200377653,10.659905859734865,-1843178.975,85.035416,1.650288053065576,False
95,XPhos,1.25,600,10.148550909478217,10.673999548889697,-1545790.9121783709,-1763878.786439151,0.0,-444184.1887689871,-459281.3638484633,7250681.390432455,3535552.7200377653,10.659905859734865,-1843178.975,85.035416,0.8942589849672856,False
110,SPhos,5.0,600,15.312431127997115,13.263745604082942,-1467653.3001485362,-1685736.006506606,0.0,-444185.4162548871,-459283.4648965533,14728.423250338394,217121.89225867897,11.353033210150898,-1765044.73,84.89041,3.7840716123358105,True
110,SPhos,5.0,900,15.312431127997115,13.263745604082942,-1467653.3001485362,-1685736.006506606,0.0,-444185.4162548871,-459283.4648965533,14728.423250338394,217121.89225867897,11.353033210150898,-1765044.73,84.89041,4.012874345322937,True
100,SPhos,5.0,600,14.886274977819994,13.240499064093456,-1467650.7071208763,-1685732.659578356,0.0,-444184.5961092371,-459282.0593113233,14866.107744963463,136800.11328444284,11.343033209675925,-1765041.694,84.86351,3.7090714898936725,True
100,SPhos,5.0,900,14.886274977819994,13.240499064093456,-1467650.7071208763,-1685732.659578356,0.0,-444184.5961092371,-459282.0593113233,14866.107744963463,136800.11328444284,11.343033209675925,-1765041.694,84.86351,3.942324326524255,True
90,XPhos,1.25,150,9.903775429353118,10.663170099025592,-1545789.478945881,-1763876.954146601,0.0,-444183.7832555871,-459280.6732924233,8294668.784778856,2895967.171676029,10.64990585995838,-1843177.292,84.85526,0.7602244344027901,False
85,SPhos,1.25,600,14.247037447988987,13.204988334095106,-1467646.9046362662,-1685727.764741156,0.0,-444183.3795727971,-459279.9876584633,15111.10057723826,65336.88196050108,11.3030332098715,-1765037.254,84.785545,0.7519170213972168,False
85,SPhos,1.25,900,14.247037447988987,13.204988334095106,-1467646.9046362662,-1685727.764741156,0.0,-444183.3795727971,-459279.9876584633,15111.10057723826,65336.88196050108,11.3030332098715,-1765037.254,84.785545,1.5520784980759434,False
90,RuPhos,1.25,300,18.44885087525472,15.902559178648517,-1566248.995358395,-1784334.1932323114,0.0,-444183.7832555871,-459280.6732924233,59.75214379248784,2035.7176503557635,10.40157665964216,-1863642.757,84.783195,0.7544581931043263,False
90,RuPhos,5.0,60,18.44885087525472,15.902559178648517,-1566248.995358395,-1784334.1932323114,0.0,-444183.7832555871,-459280.6732924233,59.75214379248784,2035.7176503557635,10.40157665964216,-1863642.757,84.73218,3.7211655485478445,True
85,RuPhos,1.25,150,18.206344445236027,15.897319298936054,-1566247.643969555,-1784332.437096581,0.0,-444183.3795727971,-459279.9876584633,57.98451087740736,1486.9209200405944,10.40157665964216,-1863641.151,84.62128,0.8976587996892544,False
100,RuPhos,2.5,60,18.933706875192,15.91341198864393,-1566251.738274505,-1784337.7609724514,0.0,-444184.5961092371,-459282.0593113233,63.3459921272618,3720.7389344870035,10.421576659893615,-1863646.019,84.58008,0.6824411660602807,False
85,SPhos,5.0,60,14.247037447988987,13.204988334095106,-1467646.9046362662,-1685727.764741156,0.0,-444183.3795727971,-459279.9876584633,15111.10057723826,65336.88196050108,11.3030332098715,-1765037.254,84.551315,3.6583463193058257,True
105,SPhos,5.0,900,15.09935283777304,13.252163224155083,-1467651.9978407663,-1685734.324690526,0.0,-444185.0052725071,-459282.7596657633,14794.90599541967,172846.1644215903,11.343033209908754,-1765043.205,84.4439,3.979111917603634,True
105,SPhos,5.0,600,15.09935283777304,13.252163224155083,-1467651.9978407663,-1685734.324690526,0.0,-444185.0052725071,-459282.7596657633,14794.90599541967,172846.1644215903,11.343033209908754,-1765043.205,84.4439,3.748191478439915,True
105,RuPhos,1.25,60,19.176058075157925,15.919024858390912,-1566253.129770275,-1784339.5725187417,0.0,-444185.0052725071,-459282.7596657633,65.17172382576413,4970.4831688753775,10.421576660126448,-1863647.675,84.43655,1.0018535576515195,False
110,SPhos,5.0,300,15.312431127997115,13.263745604082942,-1467653.3001485362,-1685736.006506606,0.0,-444185.4162548871,-459283.4648965533,14728.423250338394,217121.89225867897,11.353033210150898,-1765044.73,84.4055,3.7923426755729444,True
60,SPhos,5.0,60,13.18158100778237,13.143891653977334,-1467640.8002475863,-1685719.943252726,0.0,-444181.3887453471,-459276.6338575833,15646.807475190615,16563.409464430657,11.263033210067078,-1765030.156,84.34049,3.6395106240448967,True
65,XPhos,2.5,300,8.678538459120318,10.607197948964313,-1545782.522531551,-1763868.0832728911,0.0,-444181.7832208271,-459277.2946503733,17339836.606374804,983021.4326668129,10.639905860181898,-1843169.141,84.3378,0.9601189828311693,False
110,RuPhos,5.0,900,19.418359155301005,15.92476194864139,-1566254.534602715,-1784341.4024760714,0.0,-444185.4162548871,-459283.4648965533,67.01634401080203,6590.0633514276105,10.441576659912243,-1863649.348,84.3321,3.989033336414444,True
110,RuPhos,5.0,600,19.418359155301005,15.92476194864139,-1566254.534602715,-1784341.4024760714,0.0,-444185.4162548871,-459283.4648965533,67.01634401080203,6590.0633514276105,10.441576659912243,-1863649.348,84.3321,3.7239860620326937,True
90,RuPhos,1.25,600,18.44885087525472,15.902559178648517,-1566248.995358395,-1784334.1932323114,0.0,-444183.7832555871,-459280.6732924233,59.75214379248784,2035.7176503557635,10.40157665964216,-1863642.757,84.27732,1.6006254662490675,False
90,RuPhos,1.25,900,18.44885087525472,15.902559178648517,-1566248.995358395,-1784334.1932323114,0.0,-444183.7832555871,-459280.6732924233,59.75214379248784,2035.7176503557635,10.40157665964216,-1863642.757,84.27732,2.277707384095393,False
95,RuPhos,1.25,60,18.691304735140875,15.907923408551142,-1566250.360131885,-1784335.9678671914,0.0,-444184.1887689871,-459281.3638484633,61.53938637646395,2763.4320518807126,10.421576660126448,-1863644.379,84.275696,1.0427109781581356,False
65,XPhos,2.5,900,8.678538459120318,10.607197948964313,-1545782.522531551,-1763868.0832728911,0.0,-444181.7832208271,-459277.2946503733,17339836.606374804,983021.4326668129,10.639905860181898,-1843169.141,84.17732,1.9875439119202951,False
65,XPhos,2.5,600,8.678538459120318,10.607197948964313,-1545782.522531551,-1763868.0832728911,0.0,-444181.7832208271,-459277.2946503733,17339836.606374804,983021.4326668129,10.639905860181898,-1843169.141,84.17732,1.259963937283,False
95,RuPhos,5.0,300,18.691304735140875,15.907923408551142,-1566250.360131885,-1784335.9678671914,0.0,-444184.1887689871,-459281.3638484633,61.53938637646395,2763.4320518807126,10.421576660126448,-1863644.379,84.174995,3.6309698699264623,True
90,SPhos,1.25,600,14.460117997834459,13.216914504067972,-1467648.1605042263,-1685729.379576646,0.0,-444183.7832555871,-459280.6732924233,15023.872109372905,84128.7676441272,11.323033209890127,-1765038.719,84.165344,0.8343138157692149,False
90,SPhos,1.25,900,14.460117997834459,13.216914504067972,-1467648.1605042263,-1685729.379576646,0.0,-444183.7832555871,-459280.6732924233,15023.872109372905,84128.7676441272,11.323033209890127,-1765038.719,84.165344,1.5861242400653721,False
100,XPhos,2.5,150,10.393239109078422,10.684714378789067,-1545792.359363991,-1763880.6380365512,0.0,-444184.5961092371,-459282.0593113233,6362888.981633075,4294817.146869944,10.669905859977009,-1843180.675,84.110214,0.7805270977813726,False
60,XPhos,5.0,300,8.433208599220961,10.595615619095042,-1545781.173284071,-1763866.367414081,0.0,-444181.3887453471,-459276.6338575833,20385939.46772613,777685.7865245574,10.629905860172585,-1843167.563,84.10411,3.7238536165125096,True
95,XPhos,1.25,60,10.148550909478217,10.673999548889697,-1545790.9121783709,-1763878.786439151,0.0,-444184.1887689871,-459281.3638484633,7250681.390432455,3535552.7200377653,10.659905859734865,-1843178.975,84.09671,0.7177457749276479,False
105,XPhos,2.5,150,10.637841439107433,10.695317378966138,-1545793.820489031,-1763882.508908831,0.0,-444185.0052725071,-459282.7596657633,5604753.223729682,5192056.22532631,10.669905859977009,-1843182.392,84.07331,0.8305538941799705,False
60,XPhos,5.0,600,8.433208599220961,10.595615619095042,-1545781.173284071,-1763866.367414081,0.0,-444181.3887453471,-459276.6338575833,20385939.46772613,777685.7865245574,10.629905860172585,-1843167.563,84.049416,3.7370062566297064,True
60,XPhos,5.0,900,8.433208599220961,10.595615619095042,-1545781.173284071,-1763866.367414081,0.0,-444181.3887453471,-459276.6338575833,20385939.46772613,777685.7865245574,10.629905860172585,-1843167.563,84.049416,4.033685856794817,True
85,SPhos,1.25,60,14.247037447988987,13.204988334095106,-1467646.9046362662,-1685727.764741156,0.0,-444183.3795727971,-459279.9876584633,15111.10057723826,65336.88196050108,11.3030332098715,-1765037.254,84.03704,0.9464618498981316,False
100,SPhos,5.0,300,14.886274977819994,13.240499064093456,-1467650.7071208763,-1685732.659578356,0.0,-444184.5961092371,-459282.0593113233,14866.107744963463,136800.11328444284,11.343033209675925,-1765041.694,84.012924,3.697340848131816,True
95,RuPhos,5.0,900,18.691304735140875,15.907923408551142,-1566250.360131885,-1784335.9678671914,0.0,-444184.1887689871,-459281.3638484633,61.53938637646395,2763.4320518807126,10.421576660126448,-1863644.379,83.976845,3.9090423943460038,True
95,RuPhos,5.0,600,18.691304735140875,15.907923408551142,-1566250.360131885,-1784335.9678671914,0.0,-444184.1887689871,-459281.3638484633,61.53938637646395,2763.4320518807126,10.421576660126448,-1863644.379,83.976845,3.6597174092251934,True
105,RuPhos,5.0,300,19.176058075157925,15.919024858390912,-1566253.129770275,-1784339.5725187417,0.0,-444185.0052725071,-459282.7596657633,65.17172382576413,4970.4831688753775,10.421576660126448,-1863647.675,83.96292,3.650899394108349,True
85,SPhos,1.25,300,14.247037447988987,13.204988334095106,-1467646.9046362662,-1685727.764741156,0.0,-444183.3795727971,-459279.9876584633,15111.10057723826,65336.88196050108,11.3030332098715,-1765037.254,83.960754,0.9083376810591517,False
100,RuPhos,2.5,600,18.933706875192,15.91341198864393,-1566251.738274505,-1784337.7609724514,0.0,-444184.5961092371,-459282.0593113233,63.3459921272618,3720.7389344870035,10.421576659893615,-1863646.019,83.95177,1.0341464018485536,False
100,RuPhos,2.5,900,18.933706875192,15.91341198864393,-1566251.738274505,-1784337.7609724514,0.0,-444184.5961092371,-459282.0593113233,63.3459921272618,3720.7389344870035,10.421576659893615,-1863646.019,83.95177,1.8605770765986147,False
90,SPhos,5.0,60,14.460117997834459,13.216914504067972,-1467648.1605042263,-1685729.379576646,0.0,-444183.7832555871,-459280.6732924233,15023.872109372905,84128.7676441272,11.323033209890127,-1765038.719,83.934525,3.667085027432911,True
100,RuPhos,2.5,300,18.933706875192,15.91341198864393,-1566251.738274505,-1784337.7609724514,0.0,-444184.5961092371,-459282.0593113233,63.3459921272618,3720.7389344870035,10.421576659893615,-1863646.019,83.868706,0.8932960911744366,False
90,RuPhos,1.25,150,18.44885087525472,15.902559178648517,-1566248.995358395,-1784334.1932323114,0.0,-444183.7832555871,-459280.6732924233,59.75214379248784,2035.7176503557635,10.40157665964216,-1863642.757,83.84792,0.8622037793507934,False
110,SPhos,2.5,150,15.312431127997115,13.263745604082942,-1467653.3001485362,-1685736.006506606,0.0,-444185.4162548871,-459283.4648965533,14728.423250338394,217121.89225867897,11.353033210150898,-1765044.73,83.833015,1.446519749305064,False
80,SPhos,1.25,150,14.033954487647861,13.192968864226714,-1467645.6604138464,-1685726.1667177258,0.0,-444182.9777243271,-459279.3069618933,15204.384540511206,50397.28006129014,11.3030332098715,-1765035.804,83.76467,0.8027461457751736,False
95,RuPhos,2.5,150,18.691304735140875,15.907923408551142,-1566250.360131885,-1784335.9678671914,0.0,-444184.1887689871,-459281.3638484633,61.53938637646395,2763.4320518807126,10.421576660126448,-1863644.379,83.71584,0.4730950605332378,False
110,RuPhos,1.25,600,19.418359155301005,15.92476194864139,-1566254.534602715,-1784341.4024760714,0.0,-444185.4162548871,-459283.4648965533,67.01634401080203,6590.0633514276105,10.441576659912243,-1863649.348,83.63093,1.5906848646351246,False
110,RuPhos,1.25,900,19.418359155301005,15.92476194864139,-1566254.534602715,-1784341.4024760714,0.0,-444185.4162548871,-459283.4648965533,67.01634401080203,6590.0633514276105,10.441576659912243,-1863649.348,83.63093,2.3369482390313907,False
75,SPhos,1.25,150,13.820868277689442,13.180852883961052,-1467644.4278505563,-1685724.585532086,0.0,-444182.5777137971,-459278.6312180633,15304.132406130759,38598.11542629718,11.293033209862188,-1765034.37,83.62753,0.8879208841991695,False
95,SPhos,5.0,150,14.67319693788886,13.228750424226746,-1467649.4280038362,-1685731.0111979658,0.0,-444184.1887689871,-459281.3638484633,14942.323068252126,107617.60795195767,11.333033210132273,-1765040.199,83.601,3.6622237245552705,True
105,SPhos,5.0,300,15.09935283777304,13.252163224155083,-1467651.9978407663,-1685734.324690526,0.0,-444185.0052725071,-459282.7596657633,14794.90599541967,172846.1644215903,11.343033209908754,-1765043.205,83.593315,3.742315631049446,True
105,RuPhos,5.0,600,19.176058075157925,15.919024858390912,-1566253.129770275,-1784339.5725187417,0.0,-444185.0052725071,-459282.7596657633,65.17172382576413,4970.4831688753775,10.421576660126448,-1863647.675,83.491165,3.697448252833592,True
105,RuPhos,5.0,900,19.176058075157925,15.919024858390912,-1566253.129770275,-1784339.5725187417,0.0,-444185.0052725071,-459282.7596657633,65.17172382576413,4970.4831688753775,10.421576660126448,-1863647.675,83.491165,3.9606477234903914,True
70,SPhos,5.0,60,13.607777937548235,13.16863704379648,-1467643.2069597065,-1685723.021209516,0.0,-444182.1795447971,-459277.9604423933,15410.788400654232,29342.949985527997,11.293033210095018,-1765032.95,83.330666,3.6413977786145812,True
75,RuPhos,2.5,900,17.721170605393127,15.887212328612804,-1566244.9814057648,-1784328.9804349514,0.0,-444182.5777137971,-459278.6312180633,54.509066797322696,772.1485757298733,10.391576659865676,-1863637.989,83.31392,1.8370090080831165,False
75,RuPhos,2.5,600,17.721170605393127,15.887212328612804,-1566244.9814057648,-1784328.9804349514,0.0,-444182.5777137971,-459278.6312180633,54.509066797322696,772.1485757298733,10.391576659865676,-1863637.989,83.31392,1.1400159761615558,False
100,SPhos,2.5,150,14.886274977819994,13.240499064093456,-1467650.7071208763,-1685732.659578356,0.0,-444184.5961092371,-459282.0593113233,14866.107744963463,136800.11328444284,11.343033209675925,-1765041.694,83.3129,1.170711739449653,False
90,SPhos,1.25,60,14.460117997834459,13.216914504067972,-1467648.1605042263,-1685729.379576646,0.0,-444183.7832555871,-459280.6732924233,15023.872109372905,84128.7676441272,11.323033209890127,-1765038.719,83.2746,0.9378940786394214,False
90,SPhos,1.25,300,14.460117997834459,13.216914504067972,-1467648.1605042263,-1685729.379576646,0.0,-444183.7832555871,-459280.6732924233,15023.872109372905,84128.7676441272,11.323033209890127,-1765038.719,83.20182,0.8895249172335149,False
60,XPhos,2.5,60,8.433208599220961,10.595615619095042,-1545781.173284071,-1763866.367414081,0.0,-444181.3887453471,-459276.6338575833,20385939.46772613,777685.7865245574,10.629905860172585,-1843167.563,83.15307,1.2180781004611385,False
105,SPhos,2.5,150,15.09935283777304,13.252163224155083,-1467651.9978407663,-1685734.324690526,0.0,-444185.0052725071,-459282.7596657633,14794.90599541967,172846.1644215903,11.343033209908754,-1765043.205,83.105515,1.3109992198330473,False
100,XPhos,5.0,150,10.393239109078422,10.684714378789067,-1545792.359363991,-1763880.6380365512,0.0,-444184.5961092371,-459282.0593113233,6362888.981633075,4294817.146869944,10.669905859977009,-1843180.675,83.07663,3.6112659318444287,True
105,XPhos,5.0,150,10.637841439107433,10.695317378966138,-1545793.820489031,-1763882.508908831,0.0,-444185.0052725071,-459282.7596657633,5604753.223729682,5192056.22532631,10.669905859977009,-1843182.392,83.07663,3.6248992679022036,True
105,RuPhos,2.5,150,19.176058075157925,15.919024858390912,-1566253.129770275,-1784339.5725187417,0.0,-444185.0052725071,-459282.7596657633,65.17172382576413,4970.4831688753775,10.421576660126448,-1863647.675,83.042984,0.6742873708208847,False
105,RuPhos,1.25,300,19.176058075157925,15.919024858390912,-1566253.129770275,-1784339.5725187417,0.0,-444185.0052725071,-459282.7596657633,65.17172382576413,4970.4831688753775,10.421576660126448,-1863647.675,83.01823,0.7035746917228416,False
95,RuPhos,1.25,300,18.691304735140875,15.907923408551142,-1566250.360131885,-1784335.9678671914,0.0,-444184.1887689871,-459281.3638484633,61.53938637646395,2763.4320518807126,10.421576660126448,-1863644.379,82.840996,0.6824942786246732,False
95,XPhos,1.25,150,10.148550909478217,10.673999548889697,-1545790.9121783709,-1763878.786439151,0.0,-444184.1887689871,-459281.3638484633,7250681.390432455,3535552.7200377653,10.659905859734865,-1843178.975,82.83168,0.6283808007088998,False
75,RuPhos,2.5,60,17.721170605393127,15.887212328612804,-1566244.9814057648,-1784328.9804349514,0.0,-444182.5777137971,-459278.6312180633,54.509066797322696,772.1485757298733,10.391576659865676,-1863637.989,82.75138,0.9058537380005725,False
75,RuPhos,2.5,300,17.721170605393127,15.887212328612804,-1566244.9814057648,-1784328.9804349514,0.0,-444182.5777137971,-459278.6312180633,54.509066797322696,772.1485757298733,10.391576659865676,-1863637.989,82.734795,1.0983003942867953,False
65,XPhos,5.0,300,8.678538459120318,10.607197948964313,-1545782.522531551,-1763868.0832728911,0.0,-444181.7832208271,-459277.2946503733,17339836.606374804,983021.4326668129,10.639905860181898,-1843169.141,82.54221,3.6980451715656217,True
100,RuPhos,1.25,60,18.933706875192,15.91341198864393,-1566251.738274505,-1784337.7609724514,0.0,-444184.5961092371,-459282.0593113233,63.3459921272618,3720.7389344870035,10.421576659893615,-1863646.019,82.4904,1.0058494145493913,False
110,SPhos,5.0,150,15.312431127997115,13.263745604082942,-1467653.3001485362,-1685736.006506606,0.0,-444185.4162548871,-459283.4648965533,14728.423250338394,217121.89225867897,11.353033210150898,-1765044.73,82.47119,3.7688327183912427,True
85,SPhos,1.25,150,14.247037447988987,13.204988334095106,-1467646.9046362662,-1685727.764741156,0.0,-444183.3795727971,-459279.9876584633,15111.10057723826,65336.88196050108,11.3030332098715,-1765037.254,82.443504,0.7607888735930218,False
95,SPhos,5.0,60,14.67319693788886,13.228750424226746,-1467649.4280038362,-1685731.0111979658,0.0,-444184.1887689871,-459281.3638484633,14942.323068252126,107617.60795195767,11.333033210132273,-1765040.199,82.40798,3.6846892006320124,True
95,SPhos,1.25,600,14.67319693788886,13.228750424226746,-1467649.4280038362,-1685731.0111979658,0.0,-444184.1887689871,-459281.3638484633,14942.323068252126,107617.60795195767,11.333033210132273,-1765040.199,82.31015,0.902279135788943,False
95,SPhos,1.25,900,14.67319693788886,13.228750424226746,-1467649.4280038362,-1685731.0111979658,0.0,-444184.1887689871,-459281.3638484633,14942.323068252126,107617.60795195767,11.333033210132273,-1765040.199,82.31015,1.623379083646649,False
65,XPhos,5.0,600,8.678538459120318,10.607197948964313,-1545782.522531551,-1763868.0832728911,0.0,-444181.7832208271,-459277.2946503733,17339836.606374804,983021.4326668129,10.639905860181898,-1843169.141,82.27571,3.706068573812152,True
65,XPhos,5.0,900,8.678538459120318,10.607197948964313,-1545782.522531551,-1763868.0832728911,0.0,-444181.7832208271,-459277.2946503733,17339836.606374804,983021.4326668129,10.639905860181898,-1843169.141,82.27571,3.996435237435006,True
95,RuPhos,5.0,150,18.691304735140875,15.907923408551142,-1566250.360131885,-1784335.9678671914,0.0,-444184.1887689871,-459281.3638484633,61.53938637646395,2763.4320518807126,10.421576660126448,-1863644.379,82.27086,3.707351533078298,True
95,RuPhos,1.25,600,18.691304735140875,15.907923408551142,-1566250.360131885,-1784335.9678671914,0.0,-444184.1887689871,-459281.3638484633,61.53938637646395,2763.4320518807126,10.421576660126448,-1863644.379,82.21789,1.5667510445375439,False
95,RuPhos,1.25,900,18.691304735140875,15.907923408551142,-1566250.360131885,-1784335.9678671914,0.0,-444184.1887689871,-459281.3638484633,61.53938637646395,2763.4320518807126,10.421576660126448,-1863644.379,82.21789,2.2827668015924685,False
95,RuPhos,5.0,60,18.691304735140875,15.907923408551142,-1566250.360131885,-1784335.9678671914,0.0,-444184.1887689871,-459281.3638484633,61.53938637646395,2763.4320518807126,10.421576660126448,-1863644.379,82.061966,3.7282121898070613,True
100,XPhos,5.0,60,10.393239109078422,10.684714378789067,-1545792.359363991,-1763880.6380365512,0.0,-444184.5961092371,-459282.0593113233,6362888.981633075,4294817.146869944,10.669905859977009,-1843180.675,82.06115,3.6403966856620693,True
105,XPhos,5.0,60,10.637841439107433,10.695317378966138,-1545793.820489031,-1763882.508908831,0.0,-444185.0052725071,-459282.7596657633,5604753.223729682,5192056.22532631,10.669905859977009,-1843182.392,82.06115,3.653673556231065,True
65,SPhos,1.25,300,13.394682527985424,13.15631785406731,-1467641.9977544062,-1685721.473774886,0.0,-444181.7832208271,-459277.2946503733,15524.836823935068,22135.065991421005,11.283033209620044,-1765031.545,81.940994,1.1227134891702797,False
65,SPhos,1.25,60,13.394682527985424,13.15631785406731,-1467641.9977544062,-1685721.473774886,0.0,-444181.7832208271,-459277.2946503733,15524.836823935068,22135.065991421005,11.283033209620044,-1765031.545,81.92822,1.2755989698776744,False
70,XPhos,2.5,300,8.923772109439597,10.618646398885176,-1545783.885806721,-1763869.818607581,0.0,-444182.1795447971,-459277.9604423933,14823896.293929443,1234625.425724327,10.649905860191213,-1843170.736,81.87335,0.8807888586758837,False
100,SPhos,5.0,150,14.886274977819994,13.240499064093456,-1467650.7071208763,-1685732.659578356,0.0,-444184.5961092371,-459282.0593113233,14866.107744963463,136800.11328444284,11.343033209675925,-1765041.694,81.856804,3.689432414201577,True
60,XPhos,2.5,150,8.433208599220961,10.595615619095042,-1545781.173284071,-1763866.367414081,0.0,-444181.3887453471,-459276.6338575833,20385939.46772613,777685.7865245574,10.629905860172585,-1843167.563,81.84975,1.0990343842693566,False
70,XPhos,2.5,600,8.923772109439597,10.618646398885176,-1545783.885806721,-1763869.818607581,0.0,-444182.1795447971,-459277.9604423933,14823896.293929443,1234625.425724327,10.649905860191213,-1843170.736,81.84195,1.233572952026703,False
70,XPhos,2.5,900,8.923772109439597,10.618646398885176,-1545783.885806721,-1763869.818607581,0.0,-444182.1795447971,-459277.9604423933,14823896.293929443,1234625.425724327,10.649905860191213,-1843170.736,81.84195,1.9540847644509873,False
100,RuPhos,5.0,900,18.933706875192,15.91341198864393,-1566251.738274505,-1784337.7609724514,0.0,-444184.5961092371,-459282.0593113233,63.3459921272618,3720.7389344870035,10.421576659893615,-1863646.019,81.82137,3.932967151530106,True
100,RuPhos,5.0,600,18.933706875192,15.91341198864393,-1566251.738274505,-1784337.7609724514,0.0,-444184.5961092371,-459282.0593113233,63.3459921272618,3720.7389344870035,10.421576659893615,-1863646.019,81.82137,3.6737610900933526,True
100,RuPhos,5.0,300,18.933706875192,15.91341198864393,-1566251.738274505,-1784337.7609724514,0.0,-444184.5961092371,-459282.0593113233,63.3459921272618,3720.7389344870035,10.421576659893615,-1863646.019,81.79928,3.636006131353773,True
105,RuPhos,1.25,600,19.176058075157925,15.919024858390912,-1566253.129770275,-1784339.5725187417,0.0,-444185.0052725071,-459282.7596657633,65.17172382576413,4970.4831688753775,10.421576660126448,-1863647.675,81.78466,1.5633714656532127,False
105,RuPhos,1.25,900,19.176058075157925,15.919024858390912,-1566253.129770275,-1784339.5725187417,0.0,-444185.0052725071,-459282.7596657633,65.17172382576413,4970.4831688753775,10.421576660126448,-1863647.675,81.78466,2.305550255554029,False
95,SPhos,1.25,60,14.67319693788886,13.228750424226746,-1467649.4280038362,-1685731.0111979658,0.0,-444184.1887689871,-459281.3638484633,14942.323068252126,107617.60795195767,11.333033210132273,-1765040.199,81.77339,0.9555602424383498,False
105,RuPhos,5.0,60,19.176058075157925,15.919024858390912,-1566253.129770275,-1784339.5725187417,0.0,-444185.0052725071,-459282.7596657633,65.17172382576413,4970.4831688753775,10.421576660126448,-1863647.675,81.73244,3.7695706569828373,True
105,XPhos,1.25,300,10.637841439107433,10.695317378966138,-1545793.820489031,-1763882.508908831,0.0,-444185.0052725071,-459282.7596657633,5604753.223729682,5192056.22532631,10.669905859977009,-1843182.392,81.68141,0.7068304889801516,False
100,XPhos,1.25,300,10.393239109078422,10.684714378789067,-1545792.359363991,-1763880.6380365512,0.0,-444184.5961092371,-459282.0593113233,6362888.981633075,4294817.146869944,10.669905859977009,-1843180.675,81.673615,0.7548479993149021,False
105,XPhos,1.25,600,10.637841439107433,10.695317378966138,-1545793.820489031,-1763882.508908831,0.0,-444185.0052725071,-459282.7596657633,5604753.223729682,5192056.22532631,10.669905859977009,-1843182.392,81.67301,0.975905509230919,False
105,XPhos,1.25,900,10.637841439107433,10.695317378966138,-1545793.820489031,-1763882.508908831,0.0,-444185.0052725071,-459282.7596657633,5604753.223729682,5192056.22532631,10.669905859977009,-1843182.392,81.67301,1.7274228528137272,False
105,SPhos,5.0,150,15.09935283777304,13.252163224155083,-1467651.9978407663,-1685734.324690526,0.0,-444185.0052725071,-459282.7596657633,14794.90599541967,172846.1644215903,11.343033209908754,-1765043.205,81.66681,3.725116524664467,True
100,XPhos,1.25,600,10.393239109078422,10.684714378789067,-1545792.359363991,-1763880.6380365512,0.0,-444184.5961092371,-459282.0593113233,6362888.981633075,4294817.146869944,10.669905859977009,-1843180.675,81.665215,0.9256263553539089,False
100,XPhos,1.25,900,10.393239109078422,10.684714378789067,-1545792.359363991,-1763880.6380365512,0.0,-444184.5961092371,-459282.0593113233,6362888.981633075,4294817.146869944,10.669905859977009,-1843180.675,81.665215,1.6799078603860518,False
105,RuPhos,5.0,150,19.176058075157925,15.919024858390912,-1566253.129770275,-1784339.5725187417,0.0,-444185.0052725071,-459282.7596657633,65.17172382576413,4970.4831688753775,10.421576660126448,-1863647.675,81.65585,3.7378843413978515,True
65,SPhos,1.25,600,13.394682527985424,13.15631785406731,-1467641.9977544062,-1685721.473774886,0.0,-444181.7832208271,-459277.2946503733,15524.836823935068,22135.065991421005,11.283033209620044,-1765031.545,81.63313,0.7686060376195059,False
65,SPhos,1.25,900,13.394682527985424,13.15631785406731,-1467641.9977544062,-1685721.473774886,0.0,-444181.7832208271,-459277.2946503733,15524.836823935068,22135.065991421005,11.283033209620044,-1765031.545,81.63313,1.6153819203281607,False
105,RuPhos,1.25,150,19.176058075157925,15.919024858390912,-1566253.129770275,-1784339.5725187417,0.0,-444185.0052725071,-459282.7596657633,65.17172382576413,4970.4831688753775,10.421576660126448,-1863647.675,81.62708,0.7992029208881496,False
95,RuPhos,1.25,150,18.691304735140875,15.907923408551142,-1566250.360131885,-1784335.9678671914,0.0,-444184.1887689871,-459281.3638484633,61.53938637646395,2763.4320518807126,10.421576660126448,-1863644.379,81.5787,0.8319520968409861,False
90,SPhos,1.25,150,14.460117997834459,13.216914504067972,-1467648.1605042263,-1685729.379576646,0.0,-444183.7832555871,-459280.6732924233,15023.872109372905,84128.7676441272,11.323033209890127,-1765038.719,81.5219,0.7530897884683246,False
110,SPhos,5.0,60,15.312431127997115,13.263745604082942,-1467653.3001485362,-1685736.006506606,0.0,-444185.4162548871,-459283.4648965533,14728.423250338394,217121.89225867897,11.353033210150898,-1765044.73,81.46578,3.78776131097437,True
95,SPhos,1.25,300,14.67319693788886,13.228750424226746,-1467649.4280038362,-1685731.0111979658,0.0,-444184.1887689871,-459281.3638484633,14942.323068252126,107617.60795195767,11.333033210132273,-1765040.199,81.421585,0.8944508559839566,False
100,XPhos,1.25,60,10.393239109078422,10.684714378789067,-1545792.359363991,-1763880.6380365512,0.0,-444184.5961092371,-459282.0593113233,6362888.981633075,4294817.146869944,10.669905859977009,-1843180.675,81.17654,0.6166689199163315,False
105,XPhos,1.25,60,10.637841439107433,10.695317378966138,-1545793.820489031,-1763882.508908831,0.0,-444185.0052725071,-459282.7596657633,5604753.223729682,5192056.22532631,10.669905859977009,-1843182.392,81.13963,0.5341849821156008,False
100,RuPhos,1.25,300,18.933706875192,15.91341198864393,-1566251.738274505,-1784337.7609724514,0.0,-444184.5961092371,-459282.0593113233,63.3459921272618,3720.7389344870035,10.421576659893615,-1863646.019,81.11551,0.6694530461227556,False
75,RuPhos,5.0,600,17.721170605393127,15.887212328612804,-1566244.9814057648,-1784328.9804349514,0.0,-444182.5777137971,-459278.6312180633,54.509066797322696,772.1485757298733,10.391576659865676,-1863637.989,81.04205,3.6631010822374925,True
75,RuPhos,5.0,900,17.721170605393127,15.887212328612804,-1566244.9814057648,-1784328.9804349514,0.0,-444182.5777137971,-459278.6312180633,54.509066797322696,772.1485757298733,10.391576659865676,-1863637.989,81.04205,3.8991651593315146,True
65,SPhos,1.25,150,13.394682527985424,13.15631785406731,-1467641.9977544062,-1685721.473774886,0.0,-444181.7832208271,-459277.2946503733,15524.836823935068,22135.065991421005,11.283033209620044,-1765031.545,80.86402,1.1406820570547795,False
65,XPhos,2.5,60,8.678538459120318,10.607197948964313,-1545782.522531551,-1763868.0832728911,0.0,-444181.7832208271,-459277.2946503733,17339836.606374804,983021.4326668129,10.639905860181898,-1843169.141,80.80879,1.1223793377309215,False
110,SPhos,1.25,60,15.312431127997115,13.263745604082942,-1467653.3001485362,-1685736.006506606,0.0,-444185.4162548871,-459283.4648965533,14728.423250338394,217121.89225867897,11.353033210150898,-1765044.73,80.73992,1.1551748419585757,False
100,SPhos,5.0,60,14.886274977819994,13.240499064093456,-1467650.7071208763,-1685732.659578356,0.0,-444184.5961092371,-459282.0593113233,14866.107744963463,136800.11328444284,11.343033209675925,-1765041.694,80.69551,3.7115830455194185,True
75,RuPhos,2.5,150,17.721170605393127,15.887212328612804,-1566244.9814057648,-1784328.9804349514,0.0,-444182.5777137971,-459278.6312180633,54.509066797322696,772.1485757298733,10.391576659865676,-1863637.989,80.688614,0.8484781036510073,False
100,RuPhos,2.5,150,18.933706875192,15.91341198864393,-1566251.738274505,-1784337.7609724514,0.0,-444184.5961092371,-459282.0593113233,63.3459921272618,3720.7389344870035,10.421576659893615,-1863646.019,80.60932,0.5458542660537319,False
75,RuPhos,5.0,300,17.721170605393127,15.887212328612804,-1566244.9814057648,-1784328.9804349514,0.0,-444182.5777137971,-459278.6312180633,54.509066797322696,772.1485757298733,10.391576659865676,-1863637.989,80.60505,3.7015069353710914,True
105,SPhos,5.0,60,15.09935283777304,13.252163224155083,-1467651.9978407663,-1685734.324690526,0.0,-444185.0052725071,-459282.7596657633,14794.90599541967,172846.1644215903,11.343033209908754,-1765043.205,80.505516,3.746253955584507,True
70,XPhos,5.0,300,8.923772109439597,10.618646398885176,-1545783.885806721,-1763869.818607581,0.0,-444182.1795447971,-459277.9604423933,14823896.293929443,1234625.425724327,10.649905860191213,-1843170.736,80.45655,3.67227346679159,True
100,RuPhos,1.25,600,18.933706875192,15.91341198864393,-1566251.738274505,-1784337.7609724514,0.0,-444184.5961092371,-459282.0593113233,63.3459921272618,3720.7389344870035,10.421576659893615,-1863646.019,80.33312,1.5574787687191745,False
100,RuPhos,1.25,900,18.933706875192,15.91341198864393,-1566251.738274505,-1784337.7609724514,0.0,-444184.5961092371,-459282.0593113233,63.3459921272618,3720.7389344870035,10.421576659893615,-1863646.019,80.33312,2.286644447468798,False
70,XPhos,5.0,900,8.923772109439597,10.618646398885176,-1545783.885806721,-1763869.818607581,0.0,-444182.1795447971,-459277.9604423933,14823896.293929443,1234625.425724327,10.649905860191213,-1843170.736,80.31912,3.9679622863930826,True
70,XPhos,5.0,600,8.923772109439597,10.618646398885176,-1545783.885806721,-1763869.818607581,0.0,-444182.1795447971,-459277.9604423933,14823896.293929443,1234625.425724327,10.649905860191213,-1843170.736,80.31912,3.6847022298937846,True
100,SPhos,1.25,600,14.886274977819994,13.240499064093456,-1467650.7071208763,-1685732.659578356,0.0,-444184.5961092371,-459282.0593113233,14866.107744963463,136800.11328444284,11.343033209675925,-1765041.694,80.26449,0.9456443039428489,False
100,SPhos,1.25,900,14.886274977819994,13.240499064093456,-1467650.7071208763,-1685732.659578356,0.0,-444184.5961092371,-459282.0593113233,14866.107744963463,136800.11328444284,11.343033209675925,-1765041.694,80.26449,1.6551814151208641,False
100,SPhos,1.25,60,14.886274977819994,13.240499064093456,-1467650.7071208763,-1685732.659578356,0.0,-444184.5961092371,-459282.0593113233,14866.107744963463,136800.11328444284,11.343033209675925,-1765041.694,80.16109,0.9972582728426298,False
60,SPhos,1.25,600,13.18158100778237,13.143891653977334,-1467640.8002475863,-1685719.943252726,0.0,-444181.3887453471,-459276.6338575833,15646.807475190615,16563.409464430657,11.263033210067078,-1765030.156,80.08274,0.8588275699536883,False
60,SPhos,1.25,900,13.18158100778237,13.143891653977334,-1467640.8002475863,-1685719.943252726,0.0,-444181.3887453471,-459276.6338575833,15646.807475190615,16563.409464430657,11.263033210067078,-1765030.156,80.08274,1.654989930352605,False
70,SPhos,1.25,60,13.607777937548235,13.16863704379648,-1467643.2069597065,-1685723.021209516,0.0,-444182.1795447971,-459277.9604423933,15410.788400654232,29342.949985527997,11.293033210095018,-1765032.95,80.07465,1.1554457249608656,False
110,SPhos,1.25,600,15.312431127997115,13.263745604082942,-1467653.3001485362,-1685736.006506606,0.0,-444185.4162548871,-459283.4648965533,14728.423250338394,217121.89225867897,11.353033210150898,-1765044.73,79.9896,1.0838389680496228,False
110,SPhos,1.25,900,15.312431127997115,13.263745604082942,-1467653.3001485362,-1685736.006506606,0.0,-444185.4162548871,-459283.4648965533,14728.423250338394,217121.89225867897,11.353033210150898,-1765044.73,79.9896,1.7701658121145587,False
105,SPhos,1.25,60,15.09935283777304,13.252163224155083,-1467651.9978407663,-1685734.324690526,0.0,-444185.0052725071,-459282.7596657633,14794.90599541967,172846.1644215903,11.343033209908754,-1765043.205,79.953705,1.0634686833584597,False
60,XPhos,5.0,150,8.433208599220961,10.595615619095042,-1545781.173284071,-1763866.367414081,0.0,-444181.3887453471,-459276.6338575833,20385939.46772613,777685.7865245574,10.629905860172585,-1843167.563,79.910095,3.762670638853325,True
70,SPhos,1.25,300,13.607777937548235,13.16863704379648,-1467643.2069597065,-1685723.021209516,0.0,-444182.1795447971,-459277.9604423933,15410.788400654232,29342.949985527997,11.293033210095018,-1765032.95,79.853195,1.0732274979649807,False
105,SPhos,1.25,900,15.09935283777304,13.252163224155083,-1467651.9978407663,-1685734.324690526,0.0,-444185.0052725071,-459282.7596657633,14794.90599541967,172846.1644215903,11.343033209908754,-1765043.205,79.84488,1.7043050497985106,False
105,SPhos,1.25,600,15.09935283777304,13.252163224155083,-1467651.9978407663,-1685734.324690526,0.0,-444185.0052725071,-459282.7596657633,14794.90599541967,172846.1644215903,11.343033209908754,-1765043.205,79.84488,1.0022576503489027,False
70,SPhos,1.25,600,13.607777937548235,13.16863704379648,-1467643.2069597065,-1685723.021209516,0.0,-444182.1795447971,-459277.9604423933,15410.788400654232,29342.949985527997,11.293033210095018,-1765032.95,79.809906,0.6841515252523721,False
70,SPhos,1.25,900,13.607777937548235,13.16863704379648,-1467643.2069597065,-1685723.021209516,0.0,-444182.1795447971,-459277.9604423933,15410.788400654232,29342.949985527997,11.293033210095018,-1765032.95,79.809906,1.5688565432118027,False
95,SPhos,1.25,150,14.67319693788886,13.228750424226746,-1467649.4280038362,-1685731.0111979658,0.0,-444184.1887689871,-459281.3638484633,14942.323068252126,107617.60795195767,11.333033210132273,-1765040.199,79.69449,0.7662492393337826,False
100,RuPhos,1.25,150,18.933706875192,15.91341198864393,-1566251.738274505,-1784337.7609724514,0.0,-444184.5961092371,-459282.0593113233,63.3459921272618,3720.7389344870035,10.421576659893615,-1863646.019,79.540375,0.8011796091949224,False
110,SPhos,1.25,300,15.312431127997115,13.263745604082942,-1467653.3001485362,-1685736.006506606,0.0,-444185.4162548871,-459283.4648965533,14728.423250338394,217121.89225867897,11.353033210150898,-1765044.73,79.50843,1.01236433156106,False
65,XPhos,2.5,150,8.678538459120318,10.607197948964313,-1545782.522531551,-1763868.0832728911,0.0,-444181.7832208271,-459277.2946503733,17339836.606374804,983021.4326668129,10.639905860181898,-1843169.141,79.46573,0.9810732857077784,False
100,RuPhos,5.0,60,18.933706875192,15.91341198864393,-1566251.738274505,-1784337.7609724514,0.0,-444184.5961092371,-459282.0593113233,63.3459921272618,3720.7389344870035,10.421576659893615,-1863646.019,79.46055,3.7441070264806755,True
100,SPhos,1.25,300,14.886274977819994,13.240499064093456,-1467650.7071208763,-1685732.659578356,0.0,-444184.5961092371,-459282.0593113233,14866.107744963463,136800.11328444284,11.343033209675925,-1765041.694,79.41764,0.9237143713280096,False
60,SPhos,1.25,300,13.18158100778237,13.143891653977334,-1467640.8002475863,-1685719.943252726,0.0,-444181.3887453471,-459276.6338575833,15646.807475190615,16563.409464430657,11.263033210067078,-1765030.156,79.39892,1.1947385523875274,False
100,RuPhos,5.0,150,18.933706875192,15.91341198864393,-1566251.738274505,-1784337.7609724514,0.0,-444184.5961092371,-459282.0593113233,63.3459921272618,3720.7389344870035,10.421576659893615,-1863646.019,79.379555,3.7232683449661343,True
75,RuPhos,5.0,150,17.721170605393127,15.887212328612804,-1566244.9814057648,-1784328.9804349514,0.0,-444182.5777137971,-459278.6312180633,54.509066797322696,772.1485757298733,10.391576659865676,-1863637.989,79.26729,3.7090832940130367,True
100,XPhos,1.25,150,10.393239109078422,10.684714378789067,-1545792.359363991,-1763880.6380365512,0.0,-444184.5961092371,-459282.0593113233,6362888.981633075,4294817.146869944,10.669905859977009,-1843180.675,79.206696,0.5179183252414494,False
105,XPhos,1.25,150,10.637841439107433,10.695317378966138,-1545793.820489031,-1763882.508908831,0.0,-444185.0052725071,-459282.7596657633,5604753.223729682,5192056.22532631,10.669905859977009,-1843182.392,79.16979,0.42578998345917596,False
55,SPhos,2.5,600,12.968472327571362,13.131354624172673,-1467639.6144520864,-1685718.4296672258,0.0,-444180.9961217871,-459275.9780797033,15777.278491657653,12290.064936803761,11.263033209368588,-1765028.782,79.09904,0.9267902253970371,False
55,SPhos,2.5,900,12.968472327571362,13.131354624172673,-1467639.6144520864,-1685718.4296672258,0.0,-444180.9961217871,-459275.9780797033,15777.278491657653,12290.064936803761,11.263033209368588,-1765028.782,79.09904,1.6785327982176184,False
55,XPhos,2.5,300,8.187780949519947,10.58389568910934,-1545779.838075951,-1763864.671058781,0.0,-444180.9961217871,-459275.9780797033,24094769.888408706,611132.4008760914,10.639905859716237,-1843166.002,79.09111,1.1757199822936875,False
105,SPhos,1.25,300,15.09935283777304,13.252163224155083,-1467651.9978407663,-1685734.324690526,0.0,-444185.0052725071,-459282.7596657633,14794.90599541967,172846.1644215903,11.343033209908754,-1765043.205,78.99803,0.9498601437035873,False
55,XPhos,2.5,600,8.187780949519947,10.58389568910934,-1545779.838075951,-1763864.671058781,0.0,-444180.9961217871,-459275.9780797033,24094769.888408706,611132.4008760914,10.639905859716237,-1843166.002,78.92784,1.4321923115689228,False
55,XPhos,2.5,900,8.187780949519947,10.58389568910934,-1545779.838075951,-1763864.671058781,0.0,-444180.9961217871,-459275.9780797033,24094769.888408706,611132.4008760914,10.639905859716237,-1843166.002,78.92784,2.1022612965956737,False
75,RuPhos,1.25,60,17.721170605393127,15.887212328612804,-1566244.9814057648,-1784328.9804349514,0.0,-444182.5777137971,-459278.6312180633,54.509066797322696,772.1485757298733,10.391576659865676,-1863637.989,78.91074,1.229689744486463,False
70,SPhos,1.25,150,13.607777937548235,13.16863704379648,-1467643.2069597065,-1685723.021209516,0.0,-444182.1795447971,-459277.9604423933,15410.788400654232,29342.949985527997,11.293033210095018,-1765032.95,78.85416,1.0039325608134924,False
75,RuPhos,1.25,300,17.721170605393127,15.887212328612804,-1566244.9814057648,-1784328.9804349514,0.0,-444182.5777137971,-459278.6312180633,54.509066797322696,772.1485757298733,10.391576659865676,-1863637.989,78.83686,0.9926040093301112,False
75,RuPhos,1.25,900,17.721170605393127,15.887212328612804,-1566244.9814057648,-1784328.9804349514,0.0,-444182.5777137971,-459278.6312180633,54.509066797322696,772.1485757298733,10.391576659865676,-1863637.989,78.64123,2.271328603836431,False
75,RuPhos,1.25,600,17.721170605393127,15.887212328612804,-1566244.9814057648,-1784328.9804349514,0.0,-444182.5777137971,-459278.6312180633,54.509066797322696,772.1485757298733,10.391576659865676,-1863637.989,78.64123,1.7205670837327809,False
60,SPhos,1.25,60,13.18158100778237,13.143891653977334,-1467640.8002475863,-1685719.943252726,0.0,-444181.3887453471,-459276.6338575833,15646.807475190615,16563.409464430657,11.263033210067078,-1765030.156,78.53417,1.3752935939191135,False
110,SPhos,1.25,150,15.312431127997115,13.263745604082942,-1467653.3001485362,-1685736.006506606,0.0,-444185.4162548871,-459283.4648965533,14728.423250338394,217121.89225867897,11.353033210150898,-1765044.73,78.36868,0.9574965056710095,False
55,SPhos,2.5,300,12.968472327571362,13.131354624172673,-1467639.6144520864,-1685718.4296672258,0.0,-444180.9961217871,-459275.9780797033,15777.278491657653,12290.064936803761,11.263033209368588,-1765028.782,78.25895,1.0442241407039823,False
70,XPhos,2.5,60,8.923772109439597,10.618646398885176,-1545783.885806721,-1763869.818607581,0.0,-444182.1795447971,-459277.9604423933,14823896.293929443,1234625.425724327,10.649905860191213,-1843170.736,78.20288,1.031987959777308,False
65,XPhos,5.0,150,8.678538459120318,10.607197948964313,-1545782.522531551,-1763868.0832728911,0.0,-444181.7832208271,-459277.2946503733,17339836.606374804,983021.4326668129,10.639905860181898,-1843169.141,78.15677,3.7279651917512835,True
75,RuPhos,5.0,60,17.721170605393127,15.887212328612804,-1566244.9814057648,-1784328.9804349514,0.0,-444182.5777137971,-459278.6312180633,54.509066797322696,772.1485757298733,10.391576659865676,-1863637.989,78.12348,3.7180006715340084,True
50,XPhos,2.5,300,7.942253849236295,10.572034328710288,-1545778.516918801,-1763862.9942345212,0.0,-444180.6053534971,-459275.3273325533,28637221.192870367,476897.9772667636,10.61990585946478,-1843164.459,78.07911,1.3055613317308925,False
100,SPhos,1.25,150,14.886274977819994,13.240499064093456,-1467650.7071208763,-1685732.659578356,0.0,-444184.5961092371,-459282.0593113233,14866.107744963463,136800.11328444284,11.343033209675925,-1765041.694,78.021484,0.7978881535578918,False
60,XPhos,5.0,60,8.433208599220961,10.595615619095042,-1545781.173284071,-1763866.367414081,0.0,-444181.3887453471,-459276.6338575833,20385939.46772613,777685.7865245574,10.629905860172585,-1843167.563,77.94835,3.8017715101009983,True
50,XPhos,2.5,900,7.942253849236295,10.572034328710288,-1545778.516918801,-1763862.9942345212,0.0,-444180.6053534971,-459275.3273325533,28637221.192870367,476897.9772667636,10.61990585946478,-1843164.459,77.90367,2.1844132136240058,False
50,XPhos,2.5,600,7.942253849236295,10.572034328710288,-1545778.516918801,-1763862.9942345212,0.0,-444180.6053534971,-459275.3273325533,28637221.192870367,476897.9772667636,10.61990585946478,-1843164.459,77.90367,1.5549147224950788,False
75,RuPhos,1.25,150,17.721170605393127,15.887212328612804,-1566244.9814057648,-1784328.9804349514,0.0,-444182.5777137971,-459278.6312180633,54.509066797322696,772.1485757298733,10.391576659865676,-1863637.989,77.82133,1.0297934077641029,False
105,SPhos,1.25,150,15.09935283777304,13.252163224155083,-1467651.9978407663,-1685734.324690526,0.0,-444185.0052725071,-459282.7596657633,14794.90599541967,172846.1644215903,11.343033209908754,-1765043.205,77.8141,0.8570467095265386,False
60,SPhos,1.25,150,13.18158100778237,13.143891653977334,-1467640.8002475863,-1685719.943252726,0.0,-444181.3887453471,-459276.6338575833,15646.807475190615,16563.409464430657,11.263033210067078,-1765030.156,77.29161,1.2609088908349944,False
70,XPhos,2.5,150,8.923772109439597,10.618646398885176,-1545783.885806721,-1763869.818607581,0.0,-444182.1795447971,-459277.9604423933,14823896.293929443,1234625.425724327,10.649905860191213,-1843170.736,77.08039,0.8705299825480338,False
55,SPhos,2.5,60,12.968472327571362,13.131354624172673,-1467639.6144520864,-1685718.4296672258,0.0,-444180.9961217871,-459275.9780797033,15777.278491657653,12290.064936803761,11.263033209368588,-1765028.782,77.01887,1.025315647193333,False
70,RuPhos,2.5,600,17.47850149520673,15.882344998652115,-1566243.670259825,-1784327.2799639814,0.0,-444182.1795447971,-459277.9604423933,52.80176677382637,548.5351642055222,10.381576659623532,-1863636.434,76.86646,1.2169732835960616,False
70,RuPhos,2.5,900,17.47850149520673,15.882344998652115,-1566243.670259825,-1784327.2799639814,0.0,-444182.1795447971,-459277.9604423933,52.80176677382637,548.5351642055222,10.381576659623532,-1863636.434,76.86646,1.8626830071079319,False
55,SPhos,5.0,900,12.968472327571362,13.131354624172673,-1467639.6144520864,-1685718.4296672258,0.0,-444180.9961217871,-459275.9780797033,15777.278491657653,12290.064936803761,11.263033209368588,-1765028.782,76.72661,3.885488326463714,True
55,SPhos,5.0,600,12.968472327571362,13.131354624172673,-1467639.6144520864,-1685718.4296672258,0.0,-444180.9961217871,-459275.9780797033,15777.278491657653,12290.064936803761,11.263033209368588,-1765028.782,76.72661,3.6340255520420306,True
55,XPhos,5.0,300,8.187780949519947,10.58389568910934,-1545779.838075951,-1763864.671058781,0.0,-444180.9961217871,-459275.9780797033,24094769.888408706,611132.4008760914,10.639905859716237,-1843166.002,76.7077,3.7566525088647778,True
55,XPhos,5.0,900,8.187780949519947,10.58389568910934,-1545779.838075951,-1763864.671058781,0.0,-444180.9961217871,-459275.9780797033,24094769.888408706,611132.4008760914,10.639905859716237,-1843166.002,76.43841,4.0779360489367935,True
55,XPhos,5.0,600,8.187780949519947,10.58389568910934,-1545779.838075951,-1763864.671058781,0.0,-444180.9961217871,-459275.9780797033,24094769.888408706,611132.4008760914,10.639905859716237,-1843166.002,76.43841,3.7761722482069215,True
70,RuPhos,2.5,60,17.47850149520673,15.882344998652115,-1566243.670259825,-1784327.2799639814,0.0,-444182.1795447971,-459277.9604423933,52.80176677382637,548.5351642055222,10.381576659623532,-1863636.434,76.27264,1.0582633576477336,False
70,XPhos,5.0,150,8.923772109439597,10.618646398885176,-1545783.885806721,-1763869.818607581,0.0,-444182.1795447971,-459277.9604423933,14823896.293929443,1234625.425724327,10.649905860191213,-1843170.736,76.150215,3.6849490941520147,True
70,RuPhos,2.5,300,17.47850149520673,15.882344998652115,-1566243.670259825,-1784327.2799639814,0.0,-444182.1795447971,-459277.9604423933,52.80176677382637,548.5351642055222,10.381576659623532,-1863636.434,76.139824,1.2201574771198718,False
65,XPhos,5.0,60,8.678538459120318,10.607197948964313,-1545782.522531551,-1763868.0832728911,0.0,-444181.7832208271,-459277.2946503733,17339836.606374804,983021.4326668129,10.639905860181898,-1843169.141,76.11135,3.7687213232671737,True
55,SPhos,5.0,300,12.968472327571362,13.131354624172673,-1467639.6144520864,-1685718.4296672258,0.0,-444180.9961217871,-459275.9780797033,15777.278491657653,12290.064936803761,11.263033209368588,-1765028.782,76.02864,3.6226975891640025,True
50,XPhos,5.0,300,7.942253849236295,10.572034328710288,-1545778.516918801,-1763862.9942345212,0.0,-444180.6053534971,-459275.3273325533,28637221.192870367,476897.9772667636,10.61990585946478,-1843164.459,75.81605,3.7958247947728707,True
55,XPhos,2.5,60,8.187780949519947,10.58389568910934,-1545779.838075951,-1763864.671058781,0.0,-444180.9961217871,-459275.9780797033,24094769.888408706,611132.4008760914,10.639905859716237,-1843166.002,75.81292,1.3010916127035421,False
60,XPhos,1.25,300,8.433208599220961,10.595615619095042,-1545781.173284071,-1763866.367414081,0.0,-444181.3887453471,-459276.6338575833,20385939.46772613,777685.7865245574,10.629905860172585,-1843167.563,75.70151,1.4898212156697757,False
60,XPhos,1.25,900,8.433208599220961,10.595615619095042,-1545781.173284071,-1763866.367414081,0.0,-444181.3887453471,-459276.6338575833,20385939.46772613,777685.7865245574,10.629905860172585,-1843167.563,75.560036,1.8876116966665197,False
60,XPhos,1.25,600,8.433208599220961,10.595615619095042,-1545781.173284071,-1763866.367414081,0.0,-444181.3887453471,-459276.6338575833,20385939.46772613,777685.7865245574,10.629905860172585,-1843167.563,75.560036,1.2600715019295285,False
50,XPhos,5.0,600,7.942253849236295,10.572034328710288,-1545778.516918801,-1763862.9942345212,0.0,-444180.6053534971,-459275.3273325533,28637221.192870367,476897.9772667636,10.61990585946478,-1843164.459,75.534584,3.826137345565164,True
50,XPhos,5.0,900,7.942253849236295,10.572034328710288,-1545778.516918801,-1763862.9942345212,0.0,-444180.6053534971,-459275.3273325533,28637221.192870367,476897.9772667636,10.61990585946478,-1843164.459,75.534584,4.13284749703977,True
55,SPhos,2.5,150,12.968472327571362,13.131354624172673,-1467639.6144520864,-1685718.4296672258,0.0,-444180.9961217871,-459275.9780797033,15777.278491657653,12290.064936803761,11.263033209368588,-1765028.782,75.22764,0.9142101123340799,False
70,RuPhos,5.0,600,17.47850149520673,15.882344998652115,-1566243.670259825,-1784327.2799639814,0.0,-444182.1795447971,-459277.9604423933,52.80176677382637,548.5351642055222,10.381576659623532,-1863636.434,75.10185,3.6740093012281108,True
70,RuPhos,5.0,900,17.47850149520673,15.882344998652115,-1566243.670259825,-1784327.2799639814,0.0,-444182.1795447971,-459277.9604423933,52.80176677382637,548.5351642055222,10.381576659623532,-1863636.434,75.10185,3.9093362610552154,True
50,XPhos,2.5,60,7.942253849236295,10.572034328710288,-1545778.516918801,-1763862.9942345212,0.0,-444180.6053534971,-459275.3273325533,28637221.192870367,476897.9772667636,10.61990585946478,-1843164.459,74.76296,1.4034335339237354,False
55,XPhos,2.5,150,8.187780949519947,10.58389568910934,-1545779.838075951,-1763864.671058781,0.0,-444180.9961217871,-459275.9780797033,24094769.888408706,611132.4008760914,10.639905859716237,-1843166.002,74.58978,1.203988560151344,False
70,RuPhos,2.5,150,17.47850149520673,15.882344998652115,-1566243.670259825,-1784327.2799639814,0.0,-444182.1795447971,-459277.9604423933,52.80176677382637,548.5351642055222,10.381576659623532,-1863636.434,74.54856,1.0055734149043238,False
65,XPhos,1.25,300,8.678538459120318,10.607197948964313,-1545782.522531551,-1763868.0832728911,0.0,-444181.7832208271,-459277.2946503733,17339836.606374804,983021.4326668129,10.639905860181898,-1843169.141,74.51845,1.4153232683798944,False
70,RuPhos,5.0,300,17.47850149520673,15.882344998652115,-1566243.670259825,-1784327.2799639814,0.0,-444182.1795447971,-459277.9604423933,52.80176677382637,548.5351642055222,10.381576659623532,-1863636.434,74.517334,3.7270517098740283,True
65,XPhos,1.25,900,8.678538459120318,10.607197948964313,-1545782.522531551,-1763868.0832728911,0.0,-444181.7832208271,-459277.2946503733,17339836.606374804,983021.4326668129,10.639905860181898,-1843169.141,74.16517,1.8405608361308687,False
65,XPhos,1.25,600,8.678538459120318,10.607197948964313,-1545782.522531551,-1763868.0832728911,0.0,-444181.7832208271,-459277.2946503733,17339836.606374804,983021.4326668129,10.639905860181898,-1843169.141,74.16517,1.1774556738847708,False
70,XPhos,5.0,60,8.923772109439597,10.618646398885176,-1545783.885806721,-1763869.818607581,0.0,-444182.1795447971,-459277.9604423933,14823896.293929443,1234625.425724327,10.649905860191213,-1843170.736,73.905304,3.724635343553185,True
70,RuPhos,5.0,150,17.47850149520673,15.882344998652115,-1566243.670259825,-1784327.2799639814,0.0,-444182.1795447971,-459277.9604423933,52.80176677382637,548.5351642055222,10.381576659623532,-1863636.434,73.63449,3.7288466321566425,True
55,SPhos,5.0,150,12.968472327571362,13.131354624172673,-1467639.6144520864,-1685718.4296672258,0.0,-444180.9961217871,-459275.9780797033,15777.278491657653,12290.064936803761,11.263033209368588,-1765028.782,73.52786,3.6171526432913814,True
50,XPhos,2.5,150,7.942253849236295,10.572034328710288,-1545778.516918801,-1763862.9942345212,0.0,-444180.6053534971,-459275.3273325533,28637221.192870367,476897.9772667636,10.61990585946478,-1843164.459,73.52688,1.3202294658182092,False
65,RuPhos,2.5,60,17.235776415094733,15.877601468469948,-1566242.372556655,-1784325.5981021514,0.0,-444181.7832208271,-459277.2946503733,51.11509875487143,385.77155136926723,10.371576660079882,-1863634.895,72.916306,1.2216974013042672,False
65,RuPhos,2.5,900,17.235776415094733,15.877601468469948,-1566242.372556655,-1784325.5981021514,0.0,-444181.7832208271,-459277.2946503733,51.11509875487143,385.77155136926723,10.371576660079882,-1863634.895,72.8918,1.897053239770596,False
65,RuPhos,2.5,600,17.235776415094733,15.877601468469948,-1566242.372556655,-1784325.5981021514,0.0,-444181.7832208271,-459277.2946503733,51.11509875487143,385.77155136926723,10.371576660079882,-1863634.895,72.8918,1.2919220374874796,False
55,XPhos,5.0,150,8.187780949519947,10.58389568910934,-1545779.838075951,-1763864.671058781,0.0,-444180.9961217871,-459275.9780797033,24094769.888408706,611132.4008760914,10.639905859716237,-1843166.002,72.67732,3.788453943685867,True
70,XPhos,1.25,300,8.923772109439597,10.618646398885176,-1545783.885806721,-1763869.818607581,0.0,-444182.1795447971,-459277.9604423933,14823896.293929443,1234625.425724327,10.649905860191213,-1843170.736,72.60683,1.3591496505043639,False
70,RuPhos,5.0,60,17.47850149520673,15.882344998652115,-1566243.670259825,-1784327.2799639814,0.0,-444182.1795447971,-459277.9604423933,52.80176677382637,548.5351642055222,10.381576659623532,-1863636.434,72.51565,3.735432818758921,True
60,XPhos,1.25,60,8.433208599220961,10.595615619095042,-1545781.173284071,-1763866.367414081,0.0,-444181.3887453471,-459276.6338575833,20385939.46772613,777685.7865245574,10.629905860172585,-1843167.563,72.49921,1.5095127578313174,False
70,XPhos,1.25,600,8.923772109439597,10.618646398885176,-1545783.885806721,-1763869.818607581,0.0,-444182.1795447971,-459277.9604423933,14823896.293929443,1234625.425724327,10.649905860191213,-1843170.736,72.38262,1.0900924175166038,False
70,XPhos,1.25,900,8.923772109439597,10.618646398885176,-1545783.885806721,-1763869.818607581,0.0,-444182.1795447971,-459277.9604423933,14823896.293929443,1234625.425724327,10.649905860191213,-1843170.736,72.38262,1.7742679011097784,False
65,RuPhos,2.5,300,17.235776415094733,15.877601468469948,-1566242.372556655,-1784325.5981021514,0.0,-444181.7832208271,-459277.2946503733,51.11509875487143,385.77155136926723,10.371576660079882,-1863634.895,72.324684,1.3387248800623899,False
60,XPhos,1.25,150,8.433208599220961,10.595615619095042,-1545781.173284071,-1763866.367414081,0.0,-444181.3887453471,-459276.6338575833,20385939.46772613,777685.7865245574,10.629905860172585,-1843167.563,72.312164,1.4781280699298878,False
55,SPhos,5.0,60,12.968472327571362,13.131354624172673,-1467639.6144520864,-1685718.4296672258,0.0,-444180.9961217871,-459275.9780797033,15777.278491657653,12290.064936803761,11.263033209368588,-1765028.782,72.00181,3.6499215049787566,True
70,RuPhos,1.25,60,17.47850149520673,15.882344998652115,-1566243.670259825,-1784327.2799639814,0.0,-444182.1795447971,-459277.9604423933,52.80176677382637,548.5351642055222,10.381576659623532,-1863636.434,71.80293,1.2988160205692039,False
50,XPhos,5.0,150,7.942253849236295,10.572034328710288,-1545778.516918801,-1763862.9942345212,0.0,-444180.6053534971,-459275.3273325533,28637221.192870367,476897.9772667636,10.61990585946478,-1843164.459,71.73476,3.8251483897338665,True
70,RuPhos,1.25,300,17.47850149520673,15.882344998652115,-1566243.670259825,-1784327.2799639814,0.0,-444182.1795447971,-459277.9604423933,52.80176677382637,548.5351642055222,10.381576659623532,-1863636.434,71.5096,1.104162409959005,False
70,RuPhos,1.25,600,17.47850149520673,15.882344998652115,-1566243.670259825,-1784327.2799639814,0.0,-444182.1795447971,-459277.9604423933,52.80176677382637,548.5351642055222,10.381576659623532,-1863636.434,71.46148,1.73236980971706,False
70,RuPhos,1.25,900,17.47850149520673,15.882344998652115,-1566243.670259825,-1784327.2799639814,0.0,-444182.1795447971,-459277.9604423933,52.80176677382637,548.5351642055222,10.381576659623532,-1863636.434,71.46148,2.2604969233398116,False
65,XPhos,1.25,60,8.678538459120318,10.607197948964313,-1545782.522531551,-1763868.0832728911,0.0,-444181.7832208271,-459277.2946503733,17339836.606374804,983021.4326668129,10.639905860181898,-1843169.141,71.208046,1.3761838237826853,False
65,RuPhos,2.5,150,17.235776415094733,15.877601468469948,-1566242.372556655,-1784325.5981021514,0.0,-444181.7832208271,-459277.2946503733,51.11509875487143,385.77155136926723,10.371576660079882,-1863634.895,71.170815,1.173114244038255,False
65,RuPhos,5.0,600,17.235776415094733,15.877601468469948,-1566242.372556655,-1784325.5981021514,0.0,-444181.7832208271,-459277.2946503733,51.11509875487143,385.77155136926723,10.371576660079882,-1863634.895,71.06862,3.6908452604073303,True
65,RuPhos,5.0,900,17.235776415094733,15.877601468469948,-1566242.372556655,-1784325.5981021514,0.0,-444181.7832208271,-459277.2946503733,51.11509875487143,385.77155136926723,10.371576660079882,-1863634.895,71.06862,3.9251487096043,True
70,RuPhos,1.25,150,17.47850149520673,15.882344998652115,-1566243.670259825,-1784327.2799639814,0.0,-444182.1795447971,-459277.9604423933,52.80176677382637,548.5351642055222,10.381576659623532,-1863636.434,70.9829,1.1164802168266195,False
65,XPhos,1.25,150,8.678538459120318,10.607197948964313,-1545782.522531551,-1763868.0832728911,0.0,-444181.7832208271,-459277.2946503733,17339836.606374804,983021.4326668129,10.639905860181898,-1843169.141,70.925095,1.3539898954665908,False
65,RuPhos,5.0,300,17.235776415094733,15.877601468469948,-1566242.372556655,-1784325.5981021514,0.0,-444181.7832208271,-459277.2946503733,51.11509875487143,385.77155136926723,10.371576660079882,-1863634.895,70.64362,3.7616683798252097,True
55,XPhos,5.0,60,8.187780949519947,10.58389568910934,-1545779.838075951,-1763864.671058781,0.0,-444180.9961217871,-459275.9780797033,24094769.888408706,611132.4008760914,10.639905859716237,-1843166.002,70.63539,3.8270866938662436,True
60,RuPhos,2.5,60,16.992994485190138,15.872981488937512,-1566241.088310005,-1784323.934875901,0.0,-444181.3887453471,-459276.6338575833,49.449330686394546,268.46180252961466,10.361576659837738,-1863633.374,70.30394,1.3918443302937615,False
60,RuPhos,2.5,900,16.992994485190138,15.872981488937512,-1566241.088310005,-1784323.934875901,0.0,-444181.3887453471,-459276.6338575833,49.449330686394546,268.46180252961466,10.361576659837738,-1863633.374,70.24003,1.919040749650709,False
60,RuPhos,2.5,600,16.992994485190138,15.872981488937512,-1566241.088310005,-1784323.934875901,0.0,-444181.3887453471,-459276.6338575833,49.449330686394546,268.46180252961466,10.361576659837738,-1863633.374,70.24003,1.3391950279372842,False
65,RuPhos,5.0,150,17.235776415094733,15.877601468469948,-1566242.372556655,-1784325.5981021514,0.0,-444181.7832208271,-459277.2946503733,51.11509875487143,385.77155136926723,10.371576660079882,-1863634.895,70.19817,3.7531757059065107,True
50,XPhos,5.0,60,7.942253849236295,10.572034328710288,-1545778.516918801,-1763862.9942345212,0.0,-444180.6053534971,-459275.3273325533,28637221.192870367,476897.9772667636,10.61990585946478,-1843164.459,70.01214,3.8632232298293365,True
60,RuPhos,2.5,300,16.992994485190138,15.872981488937512,-1566241.088310005,-1784323.934875901,0.0,-444181.3887453471,-459276.6338575833,49.449330686394546,268.46180252961466,10.361576659837738,-1863633.374,69.8316,1.4713601737099262,False
65,RuPhos,1.25,60,17.235776415094733,15.877601468469948,-1566242.372556655,-1784325.5981021514,0.0,-444181.7832208271,-459277.2946503733,51.11509875487143,385.77155136926723,10.371576660079882,-1863634.895,69.41207,1.3847861594034891,False
55,XPhos,1.25,300,8.187780949519947,10.58389568910934,-1545779.838075951,-1763864.671058781,0.0,-444180.9961217871,-459275.9780797033,24094769.888408706,611132.4008760914,10.639905859716237,-1843166.002,69.28303,1.5769222362247397,False
65,RuPhos,5.0,60,17.235776415094733,15.877601468469948,-1566242.372556655,-1784325.5981021514,0.0,-444181.7832208271,-459277.2946503733,51.11509875487143,385.77155136926723,10.371576660079882,-1863634.895,69.079666,3.7622674368899793,True
70,XPhos,1.25,60,8.923772109439597,10.618646398885176,-1545783.885806721,-1763869.818607581,0.0,-444182.1795447971,-459277.9604423933,14823896.293929443,1234625.425724327,10.649905860191213,-1843170.736,69.063515,1.2597255235955156,False
70,XPhos,1.25,150,8.923772109439597,10.618646398885176,-1545783.885806721,-1763869.818607581,0.0,-444182.1795447971,-459277.9604423933,14823896.293929443,1234625.425724327,10.649905860191213,-1843170.736,69.00114,1.2350691300571521,False
55,XPhos,1.25,900,8.187780949519947,10.58389568910934,-1545779.838075951,-1763864.671058781,0.0,-444180.9961217871,-459275.9780797033,24094769.888408706,611132.4008760914,10.639905859716237,-1843166.002,68.926956,1.930378046468471,False
55,XPhos,1.25,600,8.187780949519947,10.58389568910934,-1545779.838075951,-1763864.671058781,0.0,-444180.9961217871,-459275.9780797033,24094769.888408706,611132.4008760914,10.639905859716237,-1843166.002,68.926956,1.339729621374952,False
55,SPhos,1.25,600,12.968472327571362,13.131354624172673,-1467639.6144520864,-1685718.4296672258,0.0,-444180.9961217871,-459275.9780797033,15777.278491657653,12290.064936803761,11.263033209368588,-1765028.782,68.86366,0.9754113565600429,False
55,SPhos,1.25,900,12.968472327571362,13.131354624172673,-1467639.6144520864,-1685718.4296672258,0.0,-444180.9961217871,-459275.9780797033,15777.278491657653,12290.064936803761,11.263033209368588,-1765028.782,68.86366,1.7048901091235322,False
60,RuPhos,2.5,150,16.992994485190138,15.872981488937512,-1566241.088310005,-1784323.934875901,0.0,-444181.3887453471,-459276.6338575833,49.449330686394546,268.46180252961466,10.361576659837738,-1863633.374,68.63968,1.3471441194030485,False
65,RuPhos,1.25,300,17.235776415094733,15.877601468469948,-1566242.372556655,-1784325.5981021514,0.0,-444181.7832208271,-459277.2946503733,51.11509875487143,385.77155136926723,10.371576660079882,-1863634.895,68.63885,1.2326487887218804,False
65,RuPhos,1.25,150,17.235776415094733,15.877601468469948,-1566242.372556655,-1784325.5981021514,0.0,-444181.7832208271,-459277.2946503733,51.11509875487143,385.77155136926723,10.371576660079882,-1863634.895,68.52485,1.209250622754237,False
65,RuPhos,1.25,600,17.235776415094733,15.877601468469948,-1566242.372556655,-1784325.5981021514,0.0,-444181.7832208271,-459277.2946503733,51.11509875487143,385.77155136926723,10.371576660079882,-1863634.895,68.49519,1.7488986276682013,False
65,RuPhos,1.25,900,17.235776415094733,15.877601468469948,-1566242.372556655,-1784325.5981021514,0.0,-444181.7832208271,-459277.2946503733,51.11509875487143,385.77155136926723,10.371576660079882,-1863634.895,68.49519,2.2536776173266384,False
55,SPhos,1.25,300,12.968472327571362,13.131354624172673,-1467639.6144520864,-1685718.4296672258,0.0,-444180.9961217871,-459275.9780797033,15777.278491657653,12290.064936803761,11.263033209368588,-1765028.782,68.44692,1.2880379024049458,False
50,XPhos,1.25,300,7.942253849236295,10.572034328710288,-1545778.516918801,-1763862.9942345212,0.0,-444180.6053534971,-459275.3273325533,28637221.192870367,476897.9772667636,10.61990585946478,-1843164.459,68.38992,1.6578242834755532,False
60,RuPhos,5.0,600,16.992994485190138,15.872981488937512,-1566241.088310005,-1784323.934875901,0.0,-444181.3887453471,-459276.6338575833,49.449330686394546,268.46180252961466,10.361576659837738,-1863633.374,68.12699,3.7023757633583316,True
60,RuPhos,5.0,900,16.992994485190138,15.872981488937512,-1566241.088310005,-1784323.934875901,0.0,-444181.3887453471,-459276.6338575833,49.449330686394546,268.46180252961466,10.361576659837738,-1863633.374,68.12699,3.9359888393964026,True
50,XPhos,1.25,900,7.942253849236295,10.572034328710288,-1545778.516918801,-1763862.9942345212,0.0,-444180.6053534971,-459275.3273325533,28637221.192870367,476897.9772667636,10.61990585946478,-1843164.459,68.02168,1.987867769239487,False
50,XPhos,1.25,600,7.942253849236295,10.572034328710288,-1545778.516918801,-1763862.9942345212,0.0,-444180.6053534971,-459275.3273325533,28637221.192870367,476897.9772667636,10.61990585946478,-1843164.459,68.02168,1.4311184988541263,False
60,RuPhos,5.0,300,16.992994485190138,15.872981488937512,-1566241.088310005,-1784323.934875901,0.0,-444181.3887453471,-459276.6338575833,49.449330686394546,268.46180252961466,10.361576659837738,-1863633.374,67.86068,3.785079566965006,True
55,SPhos,1.25,60,12.968472327571362,13.131354624172673,-1467639.6144520864,-1685718.4296672258,0.0,-444180.9961217871,-459275.9780797033,15777.278491657653,12290.064936803761,11.263033209368588,-1765028.782,67.408356,1.4624719938659099,False
60,RuPhos,5.0,150,16.992994485190138,15.872981488937512,-1566241.088310005,-1784323.934875901,0.0,-444181.3887453471,-459276.6338575833,49.449330686394546,268.46180252961466,10.361576659837738,-1863633.374,67.37038,3.7840689510432433,True
60,RuPhos,5.0,60,16.992994485190138,15.872981488937512,-1566241.088310005,-1784323.934875901,0.0,-444181.3887453471,-459276.6338575833,49.449330686394546,268.46180252961466,10.361576659837738,-1863633.374,66.60979,3.7982994186084555,True
60,RuPhos,1.25,60,16.992994485190138,15.872981488937512,-1566241.088310005,-1784323.934875901,0.0,-444181.3887453471,-459276.6338575833,49.449330686394546,268.46180252961466,10.361576659837738,-1863633.374,66.246956,1.4932081752442605,False
55,SPhos,1.25,150,12.968472327571362,13.131354624172673,-1467639.6144520864,-1685718.4296672258,0.0,-444180.9961217871,-459275.9780797033,15777.278491657653,12290.064936803761,11.263033209368588,-1765028.782,66.165794,1.3822915896384582,False
55,XPhos,1.25,60,8.187780949519947,10.58389568910934,-1545779.838075951,-1763864.671058781,0.0,-444180.9961217871,-459275.9780797033,24094769.888408706,611132.4008760914,10.639905859716237,-1843166.002,66.00344,1.64527159624893,False
55,XPhos,1.25,150,8.187780949519947,10.58389568910934,-1545779.838075951,-1763864.671058781,0.0,-444180.9961217871,-459275.9780797033,24094769.888408706,611132.4008760914,10.639905859716237,-1843166.002,65.8164,1.587803578712253,False
60,RuPhos,1.25,300,16.992994485190138,15.872981488937512,-1566241.088310005,-1784323.934875901,0.0,-444181.3887453471,-459276.6338575833,49.449330686394546,268.46180252961466,10.361576659837738,-1863633.374,65.722336,1.3694965886964874,False
60,RuPhos,1.25,900,16.992994485190138,15.872981488937512,-1566241.088310005,-1784323.934875901,0.0,-444181.3887453471,-459276.6338575833,49.449330686394546,268.46180252961466,10.361576659837738,-1863633.374,65.42,2.26272416860404,False
60,RuPhos,1.25,600,16.992994485190138,15.872981488937512,-1566241.088310005,-1784323.934875901,0.0,-444181.3887453471,-459276.6338575833,49.449330686394546,268.46180252961466,10.361576659837738,-1863633.374,65.42,1.7806408898872852,False
60,RuPhos,1.25,150,16.992994485190138,15.872981488937512,-1566241.088310005,-1784323.934875901,0.0,-444181.3887453471,-459276.6338575833,49.449330686394546,268.46180252961466,10.361576659837738,-1863633.374,65.379745,1.3354072187967163,False
50,SPhos,2.5,600,12.755355317611247,13.118702774168923,-1467638.4403806464,-1685716.9330423558,0.0,-444180.6053534971,-459275.3273325533,15916.88465788931,9039.164224608867,11.253033209824936,-1765027.423,65.36329,1.0792020998579535,False
50,SPhos,2.5,900,12.755355317611247,13.118702774168923,-1467638.4403806464,-1685716.9330423558,0.0,-444180.6053534971,-459275.3273325533,15916.88465788931,9039.164224608867,11.253033209824936,-1765027.423,65.36329,1.7562810596324432,False
50,XPhos,1.25,60,7.942253849236295,10.572034328710288,-1545778.516918801,-1763862.9942345212,0.0,-444180.6053534971,-459275.3273325533,28637221.192870367,476897.9772667636,10.61990585946478,-1843164.459,65.07239,1.7685204832171633,False
50,XPhos,1.25,150,7.942253849236295,10.572034328710288,-1545778.516918801,-1763862.9942345212,0.0,-444180.6053534971,-459275.3273325533,28637221.192870367,476897.9772667636,10.61990585946478,-1843164.459,64.8724,1.7064666849380785,False
110,AmPhos,2.5,300,7.784746726276353,5.88231805106625,-1448667.23999876,-1666752.3566641689,0.0,-444185.4162548871,-459283.4648965533,289643261.4012489,3523607405.513924,10.16475414019078,-1746050.006,64.71282,2.244253253890548,False
50,SPhos,2.5,300,12.755355317611247,13.118702774168923,-1467638.4403806464,-1685716.9330423558,0.0,-444180.6053534971,-459275.3273325533,15916.88465788931,9039.164224608867,11.253033209824936,-1765027.423,64.52318,1.116457943209814,False
110,AmPhos,2.5,600,7.784746726276353,5.88231805106625,-1448667.23999876,-1666752.3566641689,0.0,-444185.4162548871,-459283.4648965533,289643261.4012489,3523607405.513924,10.16475414019078,-1746050.006,64.21474,2.4862099270523155,False
110,AmPhos,2.5,900,7.784746726276353,5.88231805106625,-1448667.23999876,-1666752.3566641689,0.0,-444185.4162548871,-459283.4648965533,289643261.4012489,3523607405.513924,10.16475414019078,-1746050.006,64.21474,2.8814237121507973,True
55,RuPhos,2.5,60,16.750154835171998,15.868484718259424,-1566239.817533405,-1784322.2903113817,0.0,-444180.9961217871,-459275.9780797033,47.80473424403478,184.77960228843136,10.361576659604909,-1863631.869,63.791245,1.5628923539865496,False
50,RuPhos,2.5,60,16.50725653511472,15.86411072826013,-1566238.560240255,-1784320.6644345317,0.0,-444180.6053534971,-459275.3273325533,46.18159014203549,125.72588112976483,10.34157665935345,-1863630.382,63.756516,1.7094883155214013,False
55,RuPhos,2.5,600,16.750154835171998,15.868484718259424,-1566239.817533405,-1784322.2903113817,0.0,-444180.9961217871,-459275.9780797033,47.80473424403478,184.77960228843136,10.361576659604909,-1863631.869,63.44202,1.3729806440355434,False
55,RuPhos,2.5,900,16.750154835171998,15.868484718259424,-1566239.817533405,-1784322.2903113817,0.0,-444180.9961217871,-459275.9780797033,47.80473424403478,184.77960228843136,10.361576659604909,-1863631.869,63.44202,1.9385372416987074,False
50,RuPhos,2.5,900,16.50725653511472,15.86411072826013,-1566238.560240255,-1784320.6644345317,0.0,-444180.6053534971,-459275.3273325533,46.18159014203549,125.72588112976483,10.34157665935345,-1863630.382,63.380436,1.9752479211742422,False
50,RuPhos,2.5,600,16.50725653511472,15.86411072826013,-1566238.560240255,-1784320.6644345317,0.0,-444180.6053534971,-459275.3273325533,46.18159014203549,125.72588112976483,10.34157665935345,-1863630.382,63.380436,1.4185707852887401,False
110,AmPhos,5.0,300,7.784746726276353,5.88231805106625,-1448667.23999876,-1666752.3566641689,0.0,-444185.4162548871,-459283.4648965533,289643261.4012489,3523607405.513924,10.16475414019078,-1746050.006,63.17521,4.137105680708194,True
55,RuPhos,2.5,300,16.750154835171998,15.868484718259424,-1566239.817533405,-1784322.2903113817,0.0,-444180.9961217871,-459275.9780797033,47.80473424403478,184.77960228843136,10.361576659604909,-1863631.869,63.15651,1.5826028380520976,False
50,RuPhos,2.5,300,16.50725653511472,15.86411072826013,-1566238.560240255,-1784320.6644345317,0.0,-444180.6053534971,-459275.3273325533,46.18159014203549,125.72588112976483,10.34157665935345,-1863630.382,63.121773,1.6796143473252596,False
50,SPhos,5.0,900,12.755355317611247,13.118702774168923,-1467638.4403806464,-1685716.9330423558,0.0,-444180.6053534971,-459275.3273325533,15916.88465788931,9039.164224608867,11.253033209824936,-1765027.423,63.11268,3.9008220628165375,True
50,SPhos,5.0,600,12.755355317611247,13.118702774168923,-1467638.4403806464,-1685716.9330423558,0.0,-444180.6053534971,-459275.3273325533,15916.88465788931,9039.164224608867,11.253033209824936,-1765027.423,63.11268,3.662722829136302,True
110,RuPhos,0.5,60,19.418359155301005,15.92476194864139,-1566254.534602715,-1784341.4024760714,0.0,-444185.4162548871,-459283.4648965533,67.01634401080203,6590.0633514276105,10.441576659912243,-1863649.348,63.034485,1.2221181279130147,False
110,AmPhos,5.0,600,7.784746726276353,5.88231805106625,-1448667.23999876,-1666752.3566641689,0.0,-444185.4162548871,-459283.4648965533,289643261.4012489,3523607405.513924,10.16475414019078,-1746050.006,62.73567,4.253432844951067,True
110,AmPhos,5.0,900,7.784746726276353,5.88231805106625,-1448667.23999876,-1666752.3566641689,0.0,-444185.4162548871,-459283.4648965533,289643261.4012489,3523607405.513924,10.16475414019078,-1746050.006,62.73567,4.598906161692357,True
50,SPhos,5.0,300,12.755355317611247,13.118702774168923,-1467638.4403806464,-1685716.9330423558,0.0,-444180.6053534971,-459275.3273325533,15916.88465788931,9039.164224608867,11.253033209824936,-1765027.423,62.41471,3.6368047834700383,True
110,XPhos,0.5,60,10.882359249284491,10.705811228835955,-1545795.295539321,-1763884.3990254912,0.0,-444185.4162548871,-459283.4648965533,4954727.972322859,6247709.61795222,10.67990585998632,-1843184.126,62.278267,0.725958171740657,False
55,RuPhos,2.5,150,16.750154835171998,15.868484718259424,-1566239.817533405,-1784322.2903113817,0.0,-444180.9961217871,-459275.9780797033,47.80473424403478,184.77960228843136,10.361576659604909,-1863631.869,62.089783,1.517424617546291,False
50,RuPhos,2.5,150,16.50725653511472,15.86411072826013,-1566238.560240255,-1784320.6644345317,0.0,-444180.6053534971,-459275.3273325533,46.18159014203549,125.72588112976483,10.34157665935345,-1863630.382,62.055054,1.666261228026031,False
50,SPhos,2.5,60,12.755355317611247,13.118702774168923,-1467638.4403806464,-1685716.9330423558,0.0,-444180.6053534971,-459275.3273325533,15916.88465788931,9039.164224608867,11.253033209824936,-1765027.423,61.934742,1.0979798176741027,False
110,PCy3,2.5,600,8.180834452155977,15.532746417215094,-1181213.171484714,-1399295.1393802152,0.0,-444185.4162548871,-459283.4648965533,172162836.98092988,11027.85059731747,11.58026079996489,-1478603.371,61.656017,1.9804916441547298,False
110,PCy3,2.5,900,8.180834452155977,15.532746417215094,-1181213.171484714,-1399295.1393802152,0.0,-444185.4162548871,-459283.4648965533,172162836.98092988,11027.85059731747,11.58026079996489,-1478603.371,61.656017,2.673008868248131,False
55,RuPhos,5.0,600,16.750154835171998,15.868484718259424,-1566239.817533405,-1784322.2903113817,0.0,-444180.9961217871,-459275.9780797033,47.80473424403478,184.77960228843136,10.361576659604909,-1863631.869,61.328983,3.7125568524061854,True
55,RuPhos,5.0,900,16.750154835171998,15.868484718259424,-1566239.817533405,-1784322.2903113817,0.0,-444180.9961217871,-459275.9780797033,47.80473424403478,184.77960228843136,10.361576659604909,-1863631.869,61.328983,3.945576400501223,True
50,RuPhos,5.0,900,16.50725653511472,15.86411072826013,-1566238.560240255,-1784320.6644345317,0.0,-444180.6053534971,-459275.3273325533,46.18159014203549,125.72588112976483,10.34157665935345,-1863630.382,61.2674,3.965434247217864,True
50,RuPhos,5.0,600,16.50725653511472,15.86411072826013,-1566238.560240255,-1784320.6644345317,0.0,-444180.6053534971,-459275.3273325533,46.18159014203549,125.72588112976483,10.34157665935345,-1863630.382,61.2674,3.7335759320024415,True
55,RuPhos,5.0,300,16.750154835171998,15.868484718259424,-1566239.817533405,-1784322.2903113817,0.0,-444180.9961217871,-459275.9780797033,47.80473424403478,184.77960228843136,10.361576659604909,-1863631.869,61.185585,3.811676636011092,True
50,RuPhos,5.0,300,16.50725653511472,15.86411072826013,-1566238.560240255,-1784320.6644345317,0.0,-444180.6053534971,-459275.3273325533,46.18159014203549,125.72588112976483,10.34157665935345,-1863630.382,61.15085,3.8329903460895736,True
55,RuPhos,5.0,150,16.750154835171998,15.868484718259424,-1566239.817533405,-1784322.2903113817,0.0,-444180.9961217871,-459275.9780797033,47.80473424403478,184.77960228843136,10.361576659604909,-1863631.869,60.820465,3.8231009771358715,True
50,RuPhos,5.0,150,16.50725653511472,15.86411072826013,-1566238.560240255,-1784320.6644345317,0.0,-444180.6053534971,-459275.3273325533,46.18159014203549,125.72588112976483,10.34157665935345,-1863630.382,60.78573,3.8726298240662174,True
110,RuPhos,0.5,150,19.418359155301005,15.92476194864139,-1566254.534602715,-1784341.4024760714,0.0,-444185.4162548871,-459283.4648965533,67.01634401080203,6590.0633514276105,10.441576659912243,-1863649.348,60.756466,1.1453384705184908,False
50,RuPhos,1.25,60,16.50725653511472,15.86411072826013,-1566238.560240255,-1784320.6644345317,0.0,-444180.6053534971,-459275.3273325533,46.18159014203549,125.72588112976483,10.34157665935345,-1863630.382,60.65712,1.7370379979001065,False
55,RuPhos,1.25,60,16.750154835171998,15.868484718259424,-1566239.817533405,-1784322.2903113817,0.0,-444180.9961217871,-459275.9780797033,47.80473424403478,184.77960228843136,10.361576659604909,-1863631.869,60.65712,1.6155696921659595,False
110,PCy3,2.5,300,8.180834452155977,15.532746417215094,-1181213.171484714,-1399295.1393802152,0.0,-444185.4162548871,-459283.4648965533,172162836.98092988,11027.85059731747,11.58026079996489,-1478603.371,60.417,1.9560367287889597,False
110,AmPhos,2.5,60,7.784746726276353,5.88231805106625,-1448667.23999876,-1666752.3566641689,0.0,-444185.4162548871,-459283.4648965533,289643261.4012489,3523607405.513924,10.16475414019078,-1746050.006,60.19282,2.2533347807224056,False
50,RuPhos,1.25,300,16.50725653511472,15.86411072826013,-1566238.560240255,-1784320.6644345317,0.0,-444180.6053534971,-459275.3273325533,46.18159014203549,125.72588112976483,10.34157665935345,-1863630.382,60.13246,1.6415099996675515,False
55,RuPhos,1.25,300,16.750154835171998,15.868484718259424,-1566239.817533405,-1784322.2903113817,0.0,-444180.9961217871,-459275.9780797033,47.80473424403478,184.77960228843136,10.361576659604909,-1863631.869,60.13246,1.4980611234755923,False
55,RuPhos,5.0,60,16.750154835171998,15.868484718259424,-1566239.817533405,-1784322.2903113817,0.0,-444180.9961217871,-459275.9780797033,47.80473424403478,184.77960228843136,10.361576659604909,-1863631.869,60.097046,3.842391820554995,True
50,SPhos,2.5,150,12.755355317611247,13.118702774168923,-1467638.4403806464,-1685716.9330423558,0.0,-444180.6053534971,-459275.3273325533,15916.88465788931,9039.164224608867,11.253033209824936,-1765027.423,60.086964,1.0103276478085506,False
50,RuPhos,5.0,60,16.50725653511472,15.86411072826013,-1566238.560240255,-1784320.6644345317,0.0,-444180.6053534971,-459275.3273325533,46.18159014203549,125.72588112976483,10.34157665935345,-1863630.382,60.06231,3.896408929779305,True
110,XPhos,0.5,150,10.882359249284491,10.705811228835955,-1545795.295539321,-1763884.3990254912,0.0,-444185.4162548871,-459283.4648965533,4954727.972322859,6247709.61795222,10.67990585998632,-1843184.126,60.053894,0.6431949926216262,False
50,RuPhos,1.25,900,16.50725653511472,15.86411072826013,-1566238.560240255,-1784320.6644345317,0.0,-444180.6053534971,-459275.3273325533,46.18159014203549,125.72588112976483,10.34157665935345,-1863630.382,59.79395,2.282295811272912,False
50,RuPhos,1.25,600,16.50725653511472,15.86411072826013,-1566238.560240255,-1784320.6644345317,0.0,-444180.6053534971,-459275.3273325533,46.18159014203549,125.72588112976483,10.34157665935345,-1863630.382,59.79395,1.8367270881801994,False
55,RuPhos,1.25,150,16.750154835171998,15.868484718259424,-1566239.817533405,-1784322.2903113817,0.0,-444180.9961217871,-459275.9780797033,47.80473424403478,184.77960228843136,10.361576659604909,-1863631.869,59.789894,1.4831519717948023,False
50,RuPhos,1.25,150,16.50725653511472,15.86411072826013,-1566238.560240255,-1784320.6644345317,0.0,-444180.6053534971,-459275.3273325533,46.18159014203549,125.72588112976483,10.34157665935345,-1863630.382,59.789894,1.641046913398613,False
55,RuPhos,1.25,900,16.750154835171998,15.868484718259424,-1566239.817533405,-1784322.2903113817,0.0,-444180.9961217871,-459275.9780797033,47.80473424403478,184.77960228843136,10.361576659604909,-1863631.869,59.707188,2.26488348181896,False
55,RuPhos,1.25,600,16.750154835171998,15.868484718259424,-1566239.817533405,-1784322.2903113817,0.0,-444180.9961217871,-459275.9780797033,47.80473424403478,184.77960228843136,10.361576659604909,-1863631.869,59.707188,1.8079768365233224,False
110,RuPhos,0.5,300,19.418359155301005,15.92476194864139,-1566254.534602715,-1784341.4024760714,0.0,-444185.4162548871,-459283.4648965533,67.01634401080203,6590.0633514276105,10.441576659912243,-1863649.348,59.651123,1.1877896485892923,False
110,XPhos,0.5,900,10.882359249284491,10.705811228835955,-1545795.295539321,-1763884.3990254912,0.0,-444185.4162548871,-459283.4648965533,4954727.972322859,6247709.61795222,10.67990585998632,-1843184.126,59.54879,1.861148014422848,False
110,XPhos,0.5,600,10.882359249284491,10.705811228835955,-1545795.295539321,-1763884.3990254912,0.0,-444185.4162548871,-459283.4648965533,4954727.972322859,6247709.61795222,10.67990585998632,-1843184.126,59.54879,1.1946141423714443,False
110,AmPhos,2.5,150,7.784746726276353,5.88231805106625,-1448667.23999876,-1666752.3566641689,0.0,-444185.4162548871,-459283.4648965533,289643261.4012489,3523607405.513924,10.16475414019078,-1746050.006,59.42086,2.190944888117933,False
60,AmPhos,2.5,300,7.758269566344097,5.876276281196624,-1448653.3854385698,-1666734.5568349787,0.0,-444181.3887453471,-459276.6338575833,56504996.742170885,969758568.6862029,10.064754140097648,-1746033.827,59.22395,2.043286033191797,False
110,XPhos,0.5,300,10.882359249284491,10.705811228835955,-1545795.295539321,-1763884.3990254912,0.0,-444185.4162548871,-459283.4648965533,4954727.972322859,6247709.61795222,10.67990585998632,-1843184.126,59.205223,0.8423299702865495,False
60,AmPhos,2.5,600,7.758269566344097,5.876276281196624,-1448653.3854385698,-1666734.5568349787,0.0,-444181.3887453471,-459276.6338575833,56504996.742170885,969758568.6862029,10.064754140097648,-1746033.827,58.93379,2.282419894189009,False
60,AmPhos,2.5,900,7.758269566344097,5.876276281196624,-1448653.3854385698,-1666734.5568349787,0.0,-444181.3887453471,-459276.6338575833,56504996.742170885,969758568.6862029,10.064754140097648,-1746033.827,58.93379,2.789232411297374,True
110,PCy3,5.0,600,8.180834452155977,15.532746417215094,-1181213.171484714,-1399295.1393802152,0.0,-444185.4162548871,-459283.4648965533,172162836.98092988,11027.85059731747,11.58026079996489,-1478603.371,58.902706,4.286336460150574,True
110,PCy3,5.0,900,8.180834452155977,15.532746417215094,-1181213.171484714,-1399295.1393802152,0.0,-444185.4162548871,-459283.4648965533,172162836.98092988,11027.85059731747,11.58026079996489,-1478603.371,58.902706,4.596582799138356,True
110,AmPhos,5.0,150,7.784746726276353,5.88231805106625,-1448667.23999876,-1666752.3566641689,0.0,-444185.4162548871,-459283.4648965533,289643261.4012489,3523607405.513924,10.16475414019078,-1746050.006,58.804775,4.149045641505248,True
50,SPhos,5.0,150,12.755355317611247,13.118702774168923,-1467638.4403806464,-1685716.9330423558,0.0,-444180.6053534971,-459275.3273325533,15916.88465788931,9039.164224608867,11.253033209824936,-1765027.423,58.571175,3.6368666946614105,True
110,RuPhos,0.5,900,19.418359155301005,15.92476194864139,-1566254.534602715,-1784341.4024760714,0.0,-444185.4162548871,-459283.4648965533,67.01634401080203,6590.0633514276105,10.441576659912243,-1863649.348,57.74601,2.530767842970439,False
110,RuPhos,0.5,600,19.418359155301005,15.92476194864139,-1566254.534602715,-1784341.4024760714,0.0,-444185.4162548871,-459283.4648965533,67.01634401080203,6590.0633514276105,10.441576659912243,-1863649.348,57.74601,1.8093289748393346,False
110,PCy3,5.0,300,8.180834452155977,15.532746417215094,-1181213.171484714,-1399295.1393802152,0.0,-444185.4162548871,-459283.4648965533,172162836.98092988,11027.85059731747,11.58026079996489,-1478603.371,57.626083,4.245560686200171,True
80,AmPhos,2.5,300,7.767676386283711,5.878667191136628,-1448658.76540038,-1666741.4511530988,0.0,-444182.9777243271,-459279.3069618933,114765823.68547367,1693608854.4062355,10.1047541401349,-1746040.097,57.604473,1.9983562810010702,False
75,AmPhos,2.5,300,7.765176666202024,5.878072671126574,-1448657.40007451,-1666739.6992151788,0.0,-444182.5777137971,-459278.6312180633,96861894.34963281,1481652272.140351,10.10475413990207,-1746038.504,57.58669,1.9894058568418322,False
90,AmPhos,2.5,300,7.772972056176513,5.879861411172897,-1448661.5365463,-1666745.0114768487,0.0,-444183.7832555871,-459280.6732924233,158899047.92967576,2189775158.43863,10.114754140144214,-1746043.333,57.474754,2.031257407414182,False
60,AmPhos,5.0,300,7.758269566344097,5.876276281196624,-1448653.3854385698,-1666734.5568349787,0.0,-444181.3887453471,-459276.6338575833,56504996.742170885,969758568.6862029,10.064754140097648,-1746033.827,57.31199,4.1144335184442316,True
50,SPhos,5.0,60,12.755355317611247,13.118702774168923,-1467638.4403806464,-1685716.9330423558,0.0,-444180.6053534971,-459275.3273325533,15916.88465788931,9039.164224608867,11.253033209824936,-1765027.423,57.279686,3.6693619523545045,True
80,AmPhos,2.5,900,7.767676386283711,5.878667191136628,-1448658.76540038,-1666741.4511530988,0.0,-444182.9777243271,-459279.3069618933,114765823.68547367,1693608854.4062355,10.1047541401349,-1746040.097,57.11534,2.736377601794694,True
80,AmPhos,2.5,600,7.767676386283711,5.878667191136628,-1448658.76540038,-1666741.4511530988,0.0,-444182.9777243271,-459279.3069618933,114765823.68547367,1693608854.4062355,10.1047541401349,-1746040.097,57.11534,2.2168495277074975,False
75,AmPhos,2.5,900,7.765176666202024,5.878072671126574,-1448657.40007451,-1666739.6992151788,0.0,-444182.5777137971,-459278.6312180633,96861894.34963281,1481652272.140351,10.10475413990207,-1746038.504,57.097557,2.7487077224129868,True
75,AmPhos,2.5,600,7.765176666202024,5.878072671126574,-1448657.40007451,-1666739.6992151788,0.0,-444182.5777137971,-459278.6312180633,96861894.34963281,1481652272.140351,10.10475413990207,-1746038.504,57.097557,2.2085341119316273,False
95,AmPhos,2.5,300,7.775767956394702,5.880464641144499,-1448662.9423079798,-1666746.819773289,0.0,-444184.1887689871,-459281.3638484633,185751096.01665783,2477640150.4684305,10.13475413993001,-1746044.976,56.95677,2.0569851952844767,False
60,AmPhos,5.0,900,7.758269566344097,5.876276281196624,-1448653.3854385698,-1666734.5568349787,0.0,-444181.3887453471,-459276.6338575833,56504996.742170885,969758568.6862029,10.064754140097648,-1746033.827,56.91581,4.481758898977327,True
60,AmPhos,5.0,600,7.758269566344097,5.876276281196624,-1448653.3854385698,-1666734.5568349787,0.0,-444181.3887453471,-459276.6338575833,56504996.742170885,969758568.6862029,10.064754140097648,-1746033.827,56.91581,4.18635196591641,True
90,AmPhos,2.5,900,7.772972056176513,5.879861411172897,-1448661.5365463,-1666745.0114768487,0.0,-444183.7832555871,-459280.6732924233,158899047.92967576,2189775158.43863,10.114754140144214,-1746043.333,56.90336,2.7367966893646996,True
90,AmPhos,2.5,600,7.772972056176513,5.879861411172897,-1448661.5365463,-1666745.0114768487,0.0,-444183.7832555871,-459280.6732924233,158899047.92967576,2189775158.43863,10.114754140144214,-1746043.333,56.90336,2.260170312517618,False
110,PCy3,2.5,60,8.180834452155977,15.532746417215094,-1181213.171484714,-1399295.1393802152,0.0,-444185.4162548871,-459283.4648965533,172162836.98092988,11027.85059731747,11.58026079996489,-1478603.371,56.850258,2.087014970432093,False
85,AmPhos,2.5,300,7.770274856360629,5.8792628310620785,-1448660.1442340498,-1666743.2219218889,0.0,-444183.3795727971,-459279.9876584633,135344656.87153196,1929051411.7507188,10.114754139911383,-1746041.706,56.705013,2.011498222262574,False
95,AmPhos,2.5,600,7.775767956394702,5.880464641144499,-1448662.9423079798,-1666746.819773289,0.0,-444184.1887689871,-459281.3638484633,185751096.01665783,2477640150.4684305,10.13475413993001,-1746044.976,56.459217,2.291953278308717,False
95,AmPhos,2.5,900,7.775767956394702,5.880464641144499,-1448662.9423079798,-1666746.819773289,0.0,-444184.1887689871,-459281.3638484633,185751096.01665783,2477640150.4684305,10.13475413993001,-1746044.976,56.459217,2.756336306700603,True
85,AmPhos,2.5,600,7.770274856360629,5.8792628310620785,-1448660.1442340498,-1666743.2219218889,0.0,-444183.3795727971,-459279.9876584633,135344656.87153196,1929051411.7507188,10.114754139911383,-1746041.706,56.28874,2.237790523751299,False
85,AmPhos,2.5,900,7.770274856360629,5.8792628310620785,-1448660.1442340498,-1666743.2219218889,0.0,-444183.3795727971,-459279.9876584633,135344656.87153196,1929051411.7507188,10.114754139911383,-1746041.706,56.28874,2.729759961455454,True
110,AmPhos,5.0,60,7.784746726276353,5.88231805106625,-1448667.23999876,-1666752.3566641689,0.0,-444185.4162548871,-459283.4648965533,289643261.4012489,3523607405.513924,10.16475414019078,-1746050.006,56.11786,4.183271764369858,True
75,AmPhos,5.0,300,7.765176666202024,5.878072671126574,-1448657.40007451,-1666739.6992151788,0.0,-444182.5777137971,-459278.6312180633,96861894.34963281,1481652272.140351,10.10475413990207,-1746038.504,56.035633,4.057236719807481,True
80,AmPhos,5.0,300,7.767676386283711,5.878667191136628,-1448658.76540038,-1666741.4511530988,0.0,-444182.9777243271,-459279.3069618933,114765823.68547367,1693608854.4062355,10.1047541401349,-1746040.097,55.98058,4.055419230798109,True
90,AmPhos,5.0,300,7.772972056176513,5.879861411172897,-1448661.5365463,-1666745.0114768487,0.0,-444183.7832555871,-459280.6732924233,158899047.92967576,2189775158.43863,10.114754140144214,-1746043.333,55.80177,4.060438186789506,True
100,AmPhos,2.5,300,7.778662436408922,5.881074141012505,-1448664.3614900098,-1666748.646766529,0.0,-444184.5961092371,-459282.0593113233,216244734.80658674,2794569040.851907,10.144754139939325,-1746046.636,55.692112,2.099914231240986,False
105,AmPhos,2.5,300,7.781655416125432,5.881691461196169,-1448665.7940633,-1666750.4924117788,0.0,-444185.0052725071,-459282.7596657633,250745995.55878735,3142544623.0222883,10.154754139715806,-1746048.313,55.692112,2.1622407376020725,False
75,AmPhos,5.0,900,7.765176666202024,5.878072671126574,-1448657.40007451,-1666739.6992151788,0.0,-444182.5777137971,-459278.6312180633,96861894.34963281,1481652272.140351,10.10475413990207,-1746038.504,55.440483,4.464101886661182,True
75,AmPhos,5.0,600,7.765176666202024,5.878072671126574,-1448657.40007451,-1666739.6992151788,0.0,-444182.5777137971,-459278.6312180633,96861894.34963281,1481652272.140351,10.10475413990207,-1746038.504,55.440483,4.145587191026246,True
80,AmPhos,5.0,900,7.767676386283711,5.878667191136628,-1448658.76540038,-1666741.4511530988,0.0,-444182.9777243271,-459279.3069618933,114765823.68547367,1693608854.4062355,10.1047541401349,-1746040.097,55.38543,4.461988125118966,True
80,AmPhos,5.0,600,7.767676386283711,5.878667191136628,-1448658.76540038,-1666741.4511530988,0.0,-444182.9777243271,-459279.3069618933,114765823.68547367,1693608854.4062355,10.1047541401349,-1746040.097,55.38543,4.13611278041197,True
50,SPhos,1.25,600,12.755355317611247,13.118702774168923,-1467638.4403806464,-1685716.9330423558,0.0,-444180.6053534971,-459275.3273325533,15916.88465788931,9039.164224608867,11.253033209824936,-1765027.423,55.332363,1.1093329943969337,False
50,SPhos,1.25,900,12.755355317611247,13.118702774168923,-1467638.4403806464,-1685716.9330423558,0.0,-444180.6053534971,-459275.3273325533,15916.88465788931,9039.164224608867,11.253033209824936,-1765027.423,55.332363,1.7726384158978852,False
95,AmPhos,5.0,300,7.775767956394702,5.880464641144499,-1448662.9423079798,-1666746.819773289,0.0,-444184.1887689871,-459281.3638484633,185751096.01665783,2477640150.4684305,10.13475413993001,-1746044.976,55.283787,4.062435494162988,True
45,XPhos,2.5,300,7.69662566925399,10.560027488740161,-1545777.209824261,-1763861.3369689411,0.0,-444180.2164438071,-459274.68163209327,34235103.24672241,369433.0027578095,10.609905860153958,-1843162.934,55.199913,1.4463765910158406,False
100,AmPhos,2.5,600,7.778662436408922,5.881074141012505,-1448664.3614900098,-1666748.646766529,0.0,-444184.5961092371,-459282.0593113233,216244734.80658674,2794569040.851907,10.144754139939325,-1746046.636,55.194557,2.3412251856867234,False
100,AmPhos,2.5,900,7.778662436408922,5.881074141012505,-1448664.3614900098,-1666748.646766529,0.0,-444184.5961092371,-459282.0593113233,216244734.80658674,2794569040.851907,10.144754139939325,-1746046.636,55.194557,2.784589076820705,True
105,AmPhos,2.5,900,7.781655416125432,5.881691461196169,-1448665.7940633,-1666750.4924117788,0.0,-444185.0052725071,-459282.7596657633,250745995.55878735,3142544623.0222883,10.154754139715806,-1746048.313,55.194557,2.8249868181262547,True
105,AmPhos,2.5,600,7.781655416125432,5.881691461196169,-1448665.7940633,-1666750.4924117788,0.0,-444185.0052725071,-459282.7596657633,250745995.55878735,3142544623.0222883,10.154754139715806,-1746048.313,55.194557,2.4075328804673166,False
90,AmPhos,5.0,600,7.772972056176513,5.879861411172897,-1448661.5365463,-1666745.0114768487,0.0,-444183.7832555871,-459280.6732924233,158899047.92967576,2189775158.43863,10.114754140144214,-1746043.333,55.124355,4.142737578905892,True
90,AmPhos,5.0,900,7.772972056176513,5.879861411172897,-1448661.5365463,-1666745.0114768487,0.0,-444183.7832555871,-459280.6732924233,158899047.92967576,2189775158.43863,10.114754140144214,-1746043.333,55.124355,4.4759317719061125,True
60,AmPhos,2.5,60,7.758269566344097,5.876276281196624,-1448653.3854385698,-1666734.5568349787,0.0,-444181.3887453471,-459276.6338575833,56504996.742170885,969758568.6862029,10.064754140097648,-1746033.827,55.078426,2.153459705746105,False
110,PCy3,2.5,150,8.180834452155977,15.532746417215094,-1181213.171484714,-1399295.1393802152,0.0,-444185.4162548871,-459283.4648965533,172162836.98092988,11027.85059731747,11.58026079996489,-1478603.371,55.05849,2.0097165253567257,False
85,AmPhos,5.0,300,7.770274856360629,5.8792628310620785,-1448660.1442340498,-1666743.2219218889,0.0,-444183.3795727971,-459279.9876584633,135344656.87153196,1929051411.7507188,10.114754139911383,-1746041.706,55.03203,4.056860282484191,True
45,XPhos,2.5,600,7.69662566925399,10.560027488740161,-1545777.209824261,-1763861.3369689411,0.0,-444180.2164438071,-459274.68163209327,34235103.24672241,369433.0027578095,10.609905860153958,-1843162.934,54.988525,1.6867492141462008,False
45,XPhos,2.5,900,7.69662566925399,10.560027488740161,-1545777.209824261,-1763861.3369689411,0.0,-444180.2164438071,-459274.68163209327,34235103.24672241,369433.0027578095,10.609905860153958,-1843162.934,54.988525,2.2791612723319745,False
65,AmPhos,2.5,300,7.760473346104845,5.876879281131551,-1448654.7100639,-1666736.252011119,0.0,-444181.7832208271,-459277.2946503733,67980668.4732043,1121351862.5124516,10.084754140116274,-1746035.369,54.948875,2.0072261276492145,False
50,SPhos,1.25,300,12.755355317611247,13.118702774168923,-1467638.4403806464,-1685716.9330423558,0.0,-444180.6053534971,-459275.3273325533,15916.88465788931,9039.164224608867,11.253033209824936,-1765027.423,54.915634,1.3990231787976675,False
110,AmPhos,1.25,300,7.784746726276353,5.88231805106625,-1448667.23999876,-1666752.3566641689,0.0,-444185.4162548871,-459283.4648965533,289643261.4012489,3523607405.513924,10.16475414019078,-1746050.006,54.869286,2.161928389919406,False
95,AmPhos,5.0,600,7.775767956394702,5.880464641144499,-1448662.9423079798,-1666746.819773289,0.0,-444184.1887689871,-459281.3638484633,185751096.01665783,2477640150.4684305,10.13475413993001,-1746044.976,54.680214,4.159333846174566,True
95,AmPhos,5.0,900,7.775767956394702,5.880464641144499,-1448662.9423079798,-1666746.819773289,0.0,-444184.1887689871,-459281.3638484633,185751096.01665783,2477640150.4684305,10.13475413993001,-1746044.976,54.680214,4.493941787379481,True
65,AmPhos,2.5,600,7.760473346104845,5.876879281131551,-1448654.7100639,-1666736.252011119,0.0,-444181.7832208271,-459277.2946503733,67980668.4732043,1121351862.5124516,10.084754140116274,-1746035.369,54.658714,2.2418657349601565,False
65,AmPhos,2.5,900,7.760473346104845,5.876879281131551,-1448654.7100639,-1666736.252011119,0.0,-444181.7832208271,-459277.2946503733,67980668.4732043,1121351862.5124516,10.084754140116274,-1746035.369,54.658714,2.784382526302087,True
85,AmPhos,5.0,600,7.770274856360629,5.8792628310620785,-1448660.1442340498,-1666743.2219218889,0.0,-444183.3795727971,-459279.9876584633,135344656.87153196,1929051411.7507188,10.114754139911383,-1746041.706,54.509735,4.134789477302133,True
85,AmPhos,5.0,900,7.770274856360629,5.8792628310620785,-1448660.1442340498,-1666743.2219218889,0.0,-444183.3795727971,-459279.9876584633,135344656.87153196,1929051411.7507188,10.114754139911383,-1746041.706,54.509735,4.465544704292306,True
110,AmPhos,1.25,900,7.784746726276353,5.88231805106625,-1448667.23999876,-1666752.3566641689,0.0,-444185.4162548871,-459283.4648965533,289643261.4012489,3523607405.513924,10.16475414019078,-1746050.006,54.49051,2.645073992275866,False
110,AmPhos,1.25,600,7.784746726276353,5.88231805106625,-1448667.23999876,-1666752.3566641689,0.0,-444185.4162548871,-459283.4648965533,289643261.4012489,3523607405.513924,10.16475414019078,-1746050.006,54.49051,2.28060486423817,False
60,AmPhos,2.5,150,7.758269566344097,5.876276281196624,-1448653.3854385698,-1666734.5568349787,0.0,-444181.3887453471,-459276.6338575833,56504996.742170885,969758568.6862029,10.064754140097648,-1746033.827,54.355167,2.0942690206884444,False
105,AmPhos,5.0,300,7.781655416125432,5.881691461196169,-1448665.7940633,-1666750.4924117788,0.0,-444185.0052725071,-459282.7596657633,250745995.55878735,3142544623.0222883,10.154754139715806,-1746048.313,53.998486,4.1006000352702845,True
100,AmPhos,5.0,300,7.778662436408922,5.881074141012505,-1448664.3614900098,-1666748.646766529,0.0,-444184.5961092371,-459282.0593113233,216244734.80658674,2794569040.851907,10.144754139939325,-1746046.636,53.998486,4.075967915309958,True
50,AmPhos,2.5,300,7.754156986018643,5.875046501168981,-1448650.77709863,-1666731.2235613689,0.0,-444180.6053534971,-459275.3273325533,38383069.23278182,716096083.7670836,10.04475413984619,-1746030.794,53.680374,2.15485156512861,False
55,AmPhos,2.5,300,7.756164186168462,5.8756661312654614,-1448652.0744399698,-1666732.8806698287,0.0,-444180.9961217871,-459275.9780797033,46706255.88842986,835155187.8327554,10.074754140339792,-1746032.302,53.680374,2.0874569662507523,False
65,AmPhos,5.0,300,7.760473346104845,5.876879281131551,-1448654.7100639,-1666736.252011119,0.0,-444181.7832208271,-459277.2946503733,67980668.4732043,1121351862.5124516,10.084754140116274,-1746035.369,53.49651,4.0884560688794425,True
105,AmPhos,5.0,900,7.781655416125432,5.881691461196169,-1448665.7940633,-1666750.4924117788,0.0,-444185.0052725071,-459282.7596657633,250745995.55878735,3142544623.0222883,10.154754139715806,-1746048.313,53.476063,4.554333246553894,True
105,AmPhos,5.0,600,7.781655416125432,5.881691461196169,-1448665.7940633,-1666750.4924117788,0.0,-444185.0052725071,-459282.7596657633,250745995.55878735,3142544623.0222883,10.154754139715806,-1746048.313,53.476063,4.212230477450216,True
100,AmPhos,5.0,900,7.778662436408922,5.881074141012505,-1448664.3614900098,-1666748.646766529,0.0,-444184.5961092371,-459282.0593113233,216244734.80658674,2794569040.851907,10.144754139939325,-1746046.636,53.476063,4.520089012963327,True
100,AmPhos,5.0,600,7.778662436408922,5.881074141012505,-1448664.3614900098,-1666748.646766529,0.0,-444184.5961092371,-459282.0593113233,216244734.80658674,2794569040.851907,10.144754139939325,-1746046.636,53.476063,4.18216243963482,True
45,XPhos,5.0,300,7.69662566925399,10.560027488740161,-1545777.209824261,-1763861.3369689411,0.0,-444180.2164438071,-459274.68163209327,34235103.24672241,369433.0027578095,10.609905860153958,-1843162.934,53.411556,3.835099237177096,True
50,AmPhos,2.5,600,7.754156986018643,5.875046501168981,-1448650.77709863,-1666731.2235613689,0.0,-444180.6053534971,-459275.3273325533,38383069.23278182,716096083.7670836,10.04475413984619,-1746030.794,53.29853,2.3722688978853954,False
55,AmPhos,2.5,900,7.756164186168462,5.8756661312654614,-1448652.0744399698,-1666732.8806698287,0.0,-444180.9961217871,-459275.9780797033,46706255.88842986,835155187.8327554,10.074754140339792,-1746032.302,53.29853,2.8010477496079806,True
50,AmPhos,2.5,900,7.754156986018643,5.875046501168981,-1448650.77709863,-1666731.2235613689,0.0,-444180.6053534971,-459275.3273325533,38383069.23278182,716096083.7670836,10.04475413984619,-1746030.794,53.29853,2.828402051179834,True
55,AmPhos,2.5,600,7.756164186168462,5.8756661312654614,-1448652.0744399698,-1666732.8806698287,0.0,-444180.9961217871,-459275.9780797033,46706255.88842986,835155187.8327554,10.074754140339792,-1746032.302,53.29853,2.325939455993792,False
70,AmPhos,2.5,300,7.762775676324964,5.877477371133864,-1448656.0482858298,-1666737.966152879,0.0,-444182.1795447971,-459277.9604423933,81353224.64325193,1291453215.3480983,10.094754140125588,-1746036.928,53.150852,1.9897720940439836,False
60,AmPhos,5.0,150,7.758269566344097,5.876276281196624,-1448653.3854385698,-1666734.5568349787,0.0,-444181.3887453471,-459276.6338575833,56504996.742170885,969758568.6862029,10.064754140097648,-1746033.827,53.125286,4.167049061292077,True
65,AmPhos,5.0,600,7.760473346104845,5.876879281131551,-1448654.7100639,-1666736.252011119,0.0,-444181.7832208271,-459277.2946503733,67980668.4732043,1121351862.5124516,10.084754140116274,-1746035.369,53.10033,4.175003430047623,True
65,AmPhos,5.0,900,7.760473346104845,5.876879281131551,-1448654.7100639,-1666736.252011119,0.0,-444181.7832208271,-459277.2946503733,67980668.4732043,1121351862.5124516,10.084754140116274,-1746035.369,53.10033,4.4780579957049955,True
45,XPhos,5.0,600,7.69662566925399,10.560027488740161,-1545777.209824261,-1763861.3369689411,0.0,-444180.2164438071,-459274.68163209327,34235103.24672241,369433.0027578095,10.609905860153958,-1843162.934,53.09415,3.884366822794314,True
45,XPhos,5.0,900,7.69662566925399,10.560027488740161,-1545777.209824261,-1763861.3369689411,0.0,-444180.2164438071,-459274.68163209327,34235103.24672241,369433.0027578095,10.609905860153958,-1843162.934,53.09415,4.191246385295021,True
70,AmPhos,2.5,600,7.762775676324964,5.877477371133864,-1448656.0482858298,-1666737.966152879,0.0,-444182.1795447971,-459277.9604423933,81353224.64325193,1291453215.3480983,10.094754140125588,-1746036.928,53.032948,2.2177332990152303,False
70,AmPhos,2.5,900,7.762775676324964,5.877477371133864,-1448656.0482858298,-1666737.966152879,0.0,-444182.1795447971,-459277.9604423933,81353224.64325193,1291453215.3480983,10.094754140125588,-1746036.928,53.032948,2.7721550730308806,True
90,AmPhos,2.5,60,7.772972056176513,5.879861411172897,-1448661.5365463,-1666745.0114768487,0.0,-444183.7832555871,-459280.6732924233,158899047.92967576,2189775158.43863,10.114754140144214,-1746043.333,52.981796,2.0553638304137034,False
75,AmPhos,2.5,60,7.765176666202024,5.878072671126574,-1448657.40007451,-1666739.6992151788,0.0,-444182.5777137971,-459278.6312180633,96861894.34963281,1481652272.140351,10.10475413990207,-1746038.504,52.95289,2.027037870290183,False
110,PCy3,5.0,150,8.180834452155977,15.532746417215094,-1181213.171484714,-1399295.1393802152,0.0,-444185.4162548871,-459283.4648965533,172162836.98092988,11027.85059731747,11.58026079996489,-1478603.371,52.908184,4.254462506434199,True
80,AmPhos,2.5,60,7.767676386283711,5.878667191136628,-1448658.76540038,-1666741.4511530988,0.0,-444182.9777243271,-459279.3069618933,114765823.68547367,1693608854.4062355,10.1047541401349,-1746040.097,52.90757,2.0199041928697,False
50,SPhos,1.25,60,12.755355317611247,13.118702774168923,-1467638.4403806464,-1685716.9330423558,0.0,-444180.6053534971,-459275.3273325533,15916.88465788931,9039.164224608867,11.253033209824936,-1765027.423,52.7153,1.5556160359683804,False
95,AmPhos,2.5,60,7.775767956394702,5.880464641144499,-1448662.9423079798,-1666746.819773289,0.0,-444184.1887689871,-459281.3638484633,185751096.01665783,2477640150.4684305,10.13475413993001,-1746044.976,52.42824,2.0741473698913477,False
45,XPhos,2.5,60,7.69662566925399,10.560027488740161,-1545777.209824261,-1763861.3369689411,0.0,-444180.2164438071,-459274.68163209327,34235103.24672241,369433.0027578095,10.609905860153958,-1843162.934,52.380417,1.5192858881497422,False
85,AmPhos,2.5,60,7.770274856360629,5.8792628310620785,-1448660.1442340498,-1666743.2219218889,0.0,-444183.3795727971,-459279.9876584633,135344656.87153196,1929051411.7507188,10.114754139911383,-1746041.706,52.15402,2.0277825148411943,False
75,AmPhos,2.5,150,7.765176666202024,5.878072671126574,-1448657.40007451,-1666739.6992151788,0.0,-444182.5777137971,-459278.6312180633,96861894.34963281,1481652272.140351,10.10475413990207,-1746038.504,52.15266,1.9677820062508675,False
40,XPhos,2.5,300,7.450894719455391,10.547870988957584,-1545775.9168041209,-1763859.699289771,0.0,-444179.8293960271,-459274.0409944233,41178381.13198226,283999.92187293305,10.609905859921128,-1843161.426,52.147545,1.5960215894013434,False
40,XPhos,2.5,900,7.450894719455391,10.547870988957584,-1545775.9168041209,-1763859.699289771,0.0,-444179.8293960271,-459274.0409944233,41178381.13198226,283999.92187293305,10.609905859921128,-1843161.426,51.970142,2.3850343246379166,False
40,XPhos,2.5,600,7.450894719455391,10.547870988957584,-1545775.9168041209,-1763859.699289771,0.0,-444179.8293960271,-459274.0409944233,41178381.13198226,283999.92187293305,10.609905859921128,-1843161.426,51.970142,1.8263736673903352,False
90,AmPhos,2.5,150,7.772972056176513,5.879861411172897,-1448661.5365463,-1666745.0114768487,0.0,-444183.7832555871,-459280.6732924233,158899047.92967576,2189775158.43863,10.114754140144214,-1746043.333,51.963654,1.9830995055650849,False
80,AmPhos,2.5,150,7.767676386283711,5.878667191136628,-1448658.76540038,-1666741.4511530988,0.0,-444182.9777243271,-459279.3069618933,114765823.68547367,1693608854.4062355,10.1047541401349,-1746040.097,51.897232,1.9608944898983118,False
55,AmPhos,5.0,300,7.756164186168462,5.8756661312654614,-1448652.0744399698,-1666732.8806698287,0.0,-444180.9961217871,-459275.9780797033,46706255.88842986,835155187.8327554,10.074754140339792,-1746032.302,51.768414,4.144001640107328,True
50,AmPhos,5.0,300,7.754156986018643,5.875046501168981,-1448650.77709863,-1666731.2235613689,0.0,-444180.6053534971,-459275.3273325533,38383069.23278182,716096083.7670836,10.04475413984619,-1746030.794,51.768414,4.185787895116118,True
70,AmPhos,5.0,300,7.762775676324964,5.877477371133864,-1448656.0482858298,-1666737.966152879,0.0,-444182.1795447971,-459277.9604423933,81353224.64325193,1291453215.3480983,10.094754140125588,-1746036.928,51.720833,4.068720078398468,True
105,AmPhos,2.5,60,7.781655416125432,5.881691461196169,-1448665.7940633,-1666750.4924117788,0.0,-444185.0052725071,-459282.7596657633,250745995.55878735,3142544623.0222883,10.154754139715806,-1746048.313,51.564728,2.173733817233629,False
100,AmPhos,2.5,60,7.778662436408922,5.881074141012505,-1448664.3614900098,-1666748.646766529,0.0,-444184.5961092371,-459282.0593113233,216244734.80658674,2794569040.851907,10.144754139939325,-1746046.636,51.564728,2.1141495002177892,False
80,XPhos,0.5,300,9.4139569895342,10.641155658988282,-1545786.654392921,-1763873.3475934211,0.0,-444182.9777243271,-459279.3069618933,10990640.043332627,1912402.9512920224,10.64990585995838,-1843173.979,51.53065,1.2161657176120995,False
85,XPhos,0.5,300,9.658911279169843,10.652223148848861,-1545788.059679771,-1763875.1411883512,0.0,-444183.3795727971,-459279.9876584633,9527699.03668363,2359746.6158612752,10.64990585995838,-1843175.627,51.49866,1.099551914770793,False
70,AmPhos,5.0,600,7.762775676324964,5.877477371133864,-1448656.0482858298,-1666737.966152879,0.0,-444182.1795447971,-459277.9604423933,81353224.64325193,1291453215.3480983,10.094754140125588,-1746036.928,51.49691,4.163667031171373,True
70,AmPhos,5.0,900,7.762775676324964,5.877477371133864,-1448656.0482858298,-1666737.966152879,0.0,-444182.1795447971,-459277.9604423933,81353224.64325193,1291453215.3480983,10.094754140125588,-1746036.928,51.49691,4.474410182304926,True
35,XPhos,2.5,300,7.205059269443154,10.535560468910262,-1545774.637870391,-1763858.081225031,0.0,-444179.4442134271,-459273.4054358833,49848957.4961628,216578.80345824358,10.599905860377476,-1843159.935,51.48849,1.753304509061362,False
110,PCy3,5.0,60,8.180834452155977,15.532746417215094,-1181213.171484714,-1399295.1393802152,0.0,-444185.4162548871,-459283.4648965533,172162836.98092988,11027.85059731747,11.58026079996489,-1478603.371,51.440475,4.306863391140128,True
75,XPhos,0.5,300,9.168911109212786,10.62996449903585,-1545785.263097831,-1763871.573390411,0.0,-444182.5777137971,-459278.6312180633,12734608.246475026,1541123.1738748744,10.64990585995838,-1843172.349,51.407284,1.3351626969887749,False
95,AmPhos,2.5,150,7.775767956394702,5.880464641144499,-1448662.9423079798,-1666746.819773289,0.0,-444184.1887689871,-459281.3638484633,185751096.01665783,2477640150.4684305,10.13475413993001,-1746044.976,51.378716,2.0036805443155696,False
35,XPhos,2.5,600,7.205059269443154,10.535560468910262,-1545774.637870391,-1763858.081225031,0.0,-444179.4442134271,-459273.4054358833,49848957.4961628,216578.80345824358,10.599905860377476,-1843159.935,51.31109,1.9740698833659867,False
35,XPhos,2.5,900,7.205059269443154,10.535560468910262,-1545774.637870391,-1763858.081225031,0.0,-444179.4442134271,-459273.4054358833,49848957.4961628,216578.80345824358,10.599905860377476,-1843159.935,51.31109,2.50251002292745,False
75,AmPhos,5.0,150,7.765176666202024,5.878072671126574,-1448657.40007451,-1666739.6992151788,0.0,-444182.5777137971,-459278.6312180633,96861894.34963281,1481652272.140351,10.10475413990207,-1746038.504,51.295094,4.068378722876659,True
50,AmPhos,5.0,900,7.754156986018643,5.875046501168981,-1448650.77709863,-1666731.2235613689,0.0,-444180.6053534971,-459275.3273325533,38383069.23278182,716096083.7670836,10.04475413984619,-1746030.794,51.280552,4.509154278238333,True
50,AmPhos,5.0,600,7.754156986018643,5.875046501168981,-1448650.77709863,-1666731.2235613689,0.0,-444180.6053534971,-459275.3273325533,38383069.23278182,716096083.7670836,10.04475413984619,-1746030.794,51.280552,4.224682350636991,True
55,AmPhos,5.0,600,7.756164186168462,5.8756661312654614,-1448652.0744399698,-1666732.8806698287,0.0,-444180.9961217871,-459275.9780797033,46706255.88842986,835155187.8327554,10.074754140339792,-1746032.302,51.280552,4.203693744963415,True
55,AmPhos,5.0,900,7.756164186168462,5.8756661312654614,-1448652.0744399698,-1666732.8806698287,0.0,-444180.9961217871,-459275.9780797033,46706255.88842986,835155187.8327554,10.074754140339792,-1746032.302,51.280552,4.490527642423926,True
50,SPhos,1.25,150,12.755355317611247,13.118702774168923,-1467638.4403806464,-1685716.9330423558,0.0,-444180.6053534971,-459275.3273325533,15916.88465788931,9039.164224608867,11.253033209824936,-1765027.423,51.25428,1.4888967731082006,False
45,XPhos,2.5,150,7.69662566925399,10.560027488740161,-1545777.209824261,-1763861.3369689411,0.0,-444180.2164438071,-459274.68163209327,34235103.24672241,369433.0027578095,10.609905860153958,-1843162.934,51.252563,1.4471970751202505,False
90,AmPhos,5.0,150,7.772972056176513,5.879861411172897,-1448661.5365463,-1666745.0114768487,0.0,-444183.7832555871,-459280.6732924233,158899047.92967576,2189775158.43863,10.114754140144214,-1746043.333,51.198925,4.044502975695563,True
80,AmPhos,5.0,150,7.767676386283711,5.878667191136628,-1448658.76540038,-1666741.4511530988,0.0,-444182.9777243271,-459279.3069618933,114765823.68547367,1693608854.4062355,10.1047541401349,-1746040.097,51.181595,4.051823233635464,True
85,AmPhos,2.5,150,7.770274856360629,5.8792628310620785,-1448660.1442340498,-1666743.2219218889,0.0,-444183.3795727971,-459279.9876584633,135344656.87153196,1929051411.7507188,10.114754139911383,-1746041.706,51.15795,1.9695296641846962,False
110,AmPhos,1.25,150,7.784746726276353,5.88231805106625,-1448667.23999876,-1666752.3566641689,0.0,-444185.4162548871,-459283.4648965533,289643261.4012489,3523607405.513924,10.16475414019078,-1746050.006,51.13543,2.0917316955534537,False
85,XPhos,0.5,600,9.658911279169843,10.652223148848861,-1545788.059679771,-1763875.1411883512,0.0,-444183.3795727971,-459279.9876584633,9527699.03668363,2359746.6158612752,10.64990585995838,-1843175.627,51.06678,1.095095200947419,False
85,XPhos,0.5,900,9.658911279169843,10.652223148848861,-1545788.059679771,-1763875.1411883512,0.0,-444183.3795727971,-459279.9876584633,9527699.03668363,2359746.6158612752,10.64990585995838,-1843175.627,51.06678,1.7737475426949239,False
60,AmPhos,5.0,60,7.758269566344097,5.876276281196624,-1448653.3854385698,-1666734.5568349787,0.0,-444181.3887453471,-459276.6338575833,56504996.742170885,969758568.6862029,10.064754140097648,-1746033.827,51.0414,4.207050225832173,True
80,XPhos,0.5,600,9.4139569895342,10.641155658988282,-1545786.654392921,-1763873.3475934211,0.0,-444182.9777243271,-459279.3069618933,10990640.043332627,1912402.9512920224,10.64990585995838,-1843173.979,50.915646,1.1604008606581182,False
80,XPhos,0.5,900,9.4139569895342,10.641155658988282,-1545786.654392921,-1763873.3475934211,0.0,-444182.9777243271,-459279.3069618933,10990640.043332627,1912402.9512920224,10.64990585995838,-1843173.979,50.915646,1.799165855949567,False
110,AmPhos,1.25,60,7.784746726276353,5.88231805106625,-1448667.23999876,-1666752.3566641689,0.0,-444185.4162548871,-459283.4648965533,289643261.4012489,3523607405.513924,10.16475414019078,-1746050.006,50.915203,2.1208913410407746,False
75,XPhos,0.5,600,9.168911109212786,10.62996449903585,-1545785.263097831,-1763871.573390411,0.0,-444182.5777137971,-459278.6312180633,12734608.246475026,1541123.1738748744,10.64990585995838,-1843172.349,50.838177,1.1918502740986923,False
75,XPhos,0.5,900,9.168911109212786,10.62996449903585,-1545785.263097831,-1763871.573390411,0.0,-444182.5777137971,-459278.6312180633,12734608.246475026,1541123.1738748744,10.64990585995838,-1843172.349,50.838177,1.810370994798383,False
65,AmPhos,2.5,60,7.760473346104845,5.876879281131551,-1448654.7100639,-1666736.252011119,0.0,-444181.7832208271,-459277.2946503733,67980668.4732043,1121351862.5124516,10.084754140116274,-1746035.369,50.62498,2.0947964071247447,False
95,AmPhos,5.0,150,7.775767956394702,5.880464641144499,-1448662.9423079798,-1666746.819773289,0.0,-444184.1887689871,-459281.3638484633,185751096.01665783,2477640150.4684305,10.13475413993001,-1746044.976,50.613987,4.0536082010773935,True
80,RuPhos,0.5,60,17.963784645311534,15.892203728668392,-1566246.305980445,-1784330.6994882214,0.0,-444182.9777243271,-459279.3069618933,56.236733463457,1076.4748719139075,10.391576659865676,-1863639.562,50.606083,1.478665265219669,False
90,XPhos,0.5,300,9.903775429353118,10.663170099025592,-1545789.478945881,-1763876.954146601,0.0,-444183.7832555871,-459280.6732924233,8294668.784778856,2895967.171676029,10.64990585995838,-1843177.292,50.569447,0.9841242449316642,False
105,AmPhos,2.5,150,7.781655416125432,5.881691461196169,-1448665.7940633,-1666750.4924117788,0.0,-444185.0052725071,-459282.7596657633,250745995.55878735,3142544623.0222883,10.154754139715806,-1746048.313,50.46423,2.108351727563372,False
100,AmPhos,2.5,150,7.778662436408922,5.881074141012505,-1448664.3614900098,-1666748.646766529,0.0,-444184.5961092371,-459282.0593113233,216244734.80658674,2794569040.851907,10.144754139939325,-1746046.636,50.46423,2.0460394747576864,False
85,AmPhos,5.0,150,7.770274856360629,5.8792628310620785,-1448660.1442340498,-1666743.2219218889,0.0,-444183.3795727971,-459279.9876584633,135344656.87153196,1929051411.7507188,10.114754139911383,-1746041.706,50.393223,4.042959354633021,True
80,RuPhos,0.5,600,17.963784645311534,15.892203728668392,-1566246.305980445,-1784330.6994882214,0.0,-444182.9777243271,-459279.3069618933,56.236733463457,1076.4748719139075,10.391576659865676,-1863639.562,50.347633,1.895432140032512,False
80,RuPhos,0.5,900,17.963784645311534,15.892203728668392,-1566246.305980445,-1784330.6994882214,0.0,-444182.9777243271,-459279.3069618933,56.236733463457,1076.4748719139075,10.391576659865676,-1863639.562,50.347633,2.499292556156221,False
40,XPhos,5.0,300,7.450894719455391,10.547870988957584,-1545775.9168041209,-1763859.699289771,0.0,-444179.8293960271,-459274.0409944233,41178381.13198226,283999.92187293305,10.609905859921128,-1843161.426,50.297024,3.8830717878002075,True
80,RuPhos,0.5,300,17.963784645311534,15.892203728668392,-1566246.305980445,-1784330.6994882214,0.0,-444182.9777243271,-459279.3069618933,56.236733463457,1076.4748719139075,10.391576659865676,-1863639.562,50.228195,1.3303513116969496,False
90,XPhos,0.5,900,9.903775429353118,10.663170099025592,-1545789.478945881,-1763876.954146601,0.0,-444183.7832555871,-459280.6732924233,8294668.784778856,2895967.171676029,10.64990585995838,-1843177.292,50.036804,1.767341590501451,False
90,XPhos,0.5,600,9.903775429353118,10.663170099025592,-1545789.478945881,-1763876.954146601,0.0,-444183.7832555871,-459280.6732924233,8294668.784778856,2895967.171676029,10.64990585995838,-1843177.292,50.036804,1.0524096460572032,False
40,XPhos,5.0,900,7.450894719455391,10.547870988957584,-1545775.9168041209,-1763859.699289771,0.0,-444179.8293960271,-459274.0409944233,41178381.13198226,283999.92187293305,10.609905859921128,-1843161.426,49.97751,4.252887534702214,True
40,XPhos,5.0,600,7.450894719455391,10.547870988957584,-1545775.9168041209,-1763859.699289771,0.0,-444179.8293960271,-459274.0409944233,41178381.13198226,283999.92187293305,10.609905859921128,-1843161.426,49.97751,3.950505480966836,True
45,XPhos,5.0,150,7.69662566925399,10.560027488740161,-1545777.209824261,-1763861.3369689411,0.0,-444180.2164438071,-459274.68163209327,34235103.24672241,369433.0027578095,10.609905860153958,-1843162.934,49.93515,3.8689844341720288,True
50,AmPhos,2.5,60,7.754156986018643,5.875046501168981,-1448650.77709863,-1666731.2235613689,0.0,-444180.6053534971,-459275.3273325533,38383069.23278182,716096083.7670836,10.04475413984619,-1746030.794,49.859577,2.2840707554456356,False
55,AmPhos,2.5,60,7.756164186168462,5.8756661312654614,-1448652.0744399698,-1666732.8806698287,0.0,-444180.9961217871,-459275.9780797033,46706255.88842986,835155187.8327554,10.074754140339792,-1746032.302,49.859577,2.218737077069689,False
65,AmPhos,2.5,150,7.760473346104845,5.876879281131551,-1448654.7100639,-1666736.252011119,0.0,-444181.7832208271,-459277.2946503733,67980668.4732043,1121351862.5124516,10.084754140116274,-1746035.369,49.844307,2.036896826739323,False
85,RuPhos,0.5,60,18.206344445236027,15.897319298936054,-1566247.643969555,-1784332.437096581,0.0,-444183.3795727971,-459279.9876584633,57.98451087740736,1486.9209200405944,10.40157665964216,-1863641.151,49.833763,1.4149850658875773,False
100,AmPhos,5.0,150,7.778662436408922,5.881074141012505,-1448664.3614900098,-1666748.646766529,0.0,-444184.5961092371,-459282.0593113233,216244734.80658674,2794569040.851907,10.144754139939325,-1746046.636,49.7383,4.074184385895803,True
105,AmPhos,5.0,150,7.781655416125432,5.881691461196169,-1448665.7940633,-1666750.4924117788,0.0,-444185.0052725071,-459282.7596657633,250745995.55878735,3142544623.0222883,10.154754139715806,-1746048.313,49.7383,4.1057543236131675,True
80,RuPhos,0.5,150,17.963784645311534,15.892203728668392,-1566246.305980445,-1784330.6994882214,0.0,-444182.9777243271,-459279.3069618933,56.236733463457,1076.4748719139075,10.391576659865676,-1863639.562,49.6419,1.3354176205396313,False
40,XPhos,2.5,60,7.450894719455391,10.547870988957584,-1545775.9168041209,-1763859.699289771,0.0,-444179.8293960271,-459274.0409944233,41178381.13198226,283999.92187293305,10.609905859921128,-1843161.426,49.52592,1.6461129491250728,False
90,RuPhos,0.5,60,18.44885087525472,15.902559178648517,-1566248.995358395,-1784334.1932323114,0.0,-444183.7832555871,-459280.6732924233,59.75214379248784,2035.7176503557635,10.40157665964216,-1863642.757,49.404537,1.3624874563224991,False
35,XPhos,5.0,300,7.205059269443154,10.535560468910262,-1545774.637870391,-1763858.081225031,0.0,-444179.4442134271,-459273.4054358833,49848957.4961628,216578.80345824358,10.599905860377476,-1843159.935,49.23539,3.940128077001168,True
95,XPhos,0.5,300,10.148550909478217,10.673999548889697,-1545790.9121783709,-1763878.786439151,0.0,-444184.1887689871,-459281.3638484633,7250681.390432455,3535552.7200377653,10.659905859734865,-1843178.975,49.171165,0.8925604129966487,False
85,RuPhos,0.5,300,18.206344445236027,15.897319298936054,-1566247.643969555,-1784332.437096581,0.0,-444183.3795727971,-459279.9876584633,57.98451087740736,1486.9209200405944,10.40157665964216,-1863641.151,49.138165,1.2623588996973425,False
75,AmPhos,1.25,300,7.765176666202024,5.878072671126574,-1448657.40007451,-1666739.6992151788,0.0,-444182.5777137971,-459278.6312180633,96861894.34963281,1481652272.140351,10.10475413990207,-1746038.504,49.105965,2.198759464577935,False
50,AmPhos,2.5,150,7.754156986018643,5.875046501168981,-1448650.77709863,-1666731.2235613689,0.0,-444180.6053534971,-459275.3273325533,38383069.23278182,716096083.7670836,10.04475413984619,-1746030.794,49.09913,2.2059682815472277,False
55,AmPhos,2.5,150,7.756164186168462,5.8756661312654614,-1448652.0744399698,-1666732.8806698287,0.0,-444180.9961217871,-459275.9780797033,46706255.88842986,835155187.8327554,10.074754140339792,-1746032.302,49.09913,2.1387347997768558,False
75,AmPhos,5.0,60,7.765176666202024,5.878072671126574,-1448657.40007451,-1666739.6992151788,0.0,-444182.5777137971,-459278.6312180633,96861894.34963281,1481652272.140351,10.10475413990207,-1746038.504,49.058662,4.10422499978361,True
65,AmPhos,5.0,150,7.760473346104845,5.876879281131551,-1448654.7100639,-1666736.252011119,0.0,-444181.7832208271,-459277.2946503733,67980668.4732043,1121351862.5124516,10.084754140116274,-1746035.369,49.02755,4.128665837127158,True
80,AmPhos,1.25,300,7.767676386283711,5.878667191136628,-1448658.76540038,-1666741.4511530988,0.0,-444182.9777243271,-459279.3069618933,114765823.68547367,1693608854.4062355,10.1047541401349,-1746040.097,48.984394,2.175191983234291,False
85,XPhos,0.5,60,9.658911279169843,10.652223148848861,-1545788.059679771,-1763875.1411883512,0.0,-444183.3795727971,-459279.9876584633,9527699.03668363,2359746.6158612752,10.64990585995838,-1843175.627,48.93816,1.0555848883342134,False
110,SPhos,0.5,60,15.312431127997115,13.263745604082942,-1467653.3001485362,-1685736.006506606,0.0,-444185.4162548871,-459283.4648965533,14728.423250338394,217121.89225867897,11.353033210150898,-1765044.73,48.928955,1.4981545180764506,False
35,XPhos,5.0,900,7.205059269443154,10.535560468910262,-1545774.637870391,-1763858.081225031,0.0,-444179.4442134271,-459273.4054358833,49848957.4961628,216578.80345824358,10.599905860377476,-1843159.935,48.915874,4.322838457839259,True
35,XPhos,5.0,600,7.205059269443154,10.535560468910262,-1545774.637870391,-1763858.081225031,0.0,-444179.4442134271,-459273.4054358833,49848957.4961628,216578.80345824358,10.599905860377476,-1843159.935,48.915874,4.025420298544773,True
35,XPhos,2.5,60,7.205059269443154,10.535560468910262,-1545774.637870391,-1763858.081225031,0.0,-444179.4442134271,-459273.4054358833,49848957.4961628,216578.80345824358,10.599905860377476,-1843159.935,48.862743,1.783663810877028,False
85,XPhos,0.5,150,9.658911279169843,10.652223148848861,-1545788.059679771,-1763875.1411883512,0.0,-444183.3795727971,-459279.9876584633,9527699.03668363,2359746.6158612752,10.64990585995838,-1843175.627,48.86053,0.9488894008721646,False
85,RuPhos,0.5,900,18.206344445236027,15.897319298936054,-1566247.643969555,-1784332.437096581,0.0,-444183.3795727971,-459279.9876584633,57.98451087740736,1486.9209200405944,10.40157665964216,-1863641.151,48.83504,2.493836160976268,False
85,RuPhos,0.5,600,18.206344445236027,15.897319298936054,-1566247.643969555,-1784332.437096581,0.0,-444183.3795727971,-459279.9876584633,57.98451087740736,1486.9209200405944,10.40157665964216,-1863641.151,48.83504,1.8507153669035161,False
90,AmPhos,5.0,60,7.772972056176513,5.879861411172897,-1448661.5365463,-1666745.0114768487,0.0,-444183.7832555871,-459280.6732924233,158899047.92967576,2189775158.43863,10.114754140144214,-1746043.333,48.821,4.080132565382987,True
95,XPhos,0.5,900,10.148550909478217,10.673999548889697,-1545790.9121783709,-1763878.786439151,0.0,-444184.1887689871,-459281.3638484633,7250681.390432455,3535552.7200377653,10.659905859734865,-1843178.975,48.81762,1.7799327274052623,False
95,XPhos,0.5,600,10.148550909478217,10.673999548889697,-1545790.9121783709,-1763878.786439151,0.0,-444184.1887689871,-459281.3638484633,7250681.390432455,3535552.7200377653,10.659905859734865,-1843178.975,48.81762,1.041308795991732,False
85,RuPhos,0.5,150,18.206344445236027,15.897319298936054,-1566247.643969555,-1784332.437096581,0.0,-444183.3795727971,-459279.9876584633,57.98451087740736,1486.9209200405944,10.40157665964216,-1863641.151,48.81535,1.269067732443098,False
80,AmPhos,5.0,60,7.767676386283711,5.878667191136628,-1448658.76540038,-1666741.4511530988,0.0,-444182.9777243271,-459279.3069618933,114765823.68547367,1693608854.4062355,10.1047541401349,-1746040.097,48.80532,4.087673540736791,True
70,AmPhos,2.5,60,7.762775676324964,5.877477371133864,-1448656.0482858298,-1666737.966152879,0.0,-444182.1795447971,-459277.9604423933,81353224.64325193,1291453215.3480983,10.094754140125588,-1746036.928,48.79781,2.0530560855358324,False
90,XPhos,0.5,150,9.903775429353118,10.663170099025592,-1545789.478945881,-1763876.954146601,0.0,-444183.7832555871,-459280.6732924233,8294668.784778856,2895967.171676029,10.64990585995838,-1843177.292,48.729378,0.819489543445972,False
90,RuPhos,0.5,300,18.44885087525472,15.902559178648517,-1566248.995358395,-1784334.1932323114,0.0,-444183.7832555871,-459280.6732924233,59.75214379248784,2035.7176503557635,10.40157665964216,-1863642.757,48.708942,1.2136889214715443,False
105,RuPhos,0.5,60,19.176058075157925,15.919024858390912,-1566253.129770275,-1784339.5725187417,0.0,-444185.0052725071,-459282.7596657633,65.17172382576413,4970.4831688753775,10.421576660126448,-1863647.675,48.694576,1.2423533770516024,False
90,XPhos,0.5,60,9.903775429353118,10.663170099025592,-1545789.478945881,-1763876.954146601,0.0,-444183.7832555871,-459280.6732924233,8294668.784778856,2895967.171676029,10.64990585995838,-1843177.292,48.60198,0.9374349686994681,False
75,AmPhos,1.25,600,7.765176666202024,5.878072671126574,-1448657.40007451,-1666739.6992151788,0.0,-444182.5777137971,-459278.6312180633,96861894.34963281,1481652272.140351,10.10475413990207,-1746038.504,48.59954,2.0938920081921495,False
75,AmPhos,1.25,900,7.765176666202024,5.878072671126574,-1448657.40007451,-1666739.6992151788,0.0,-444182.5777137971,-459278.6312180633,96861894.34963281,1481652272.140351,10.10475413990207,-1746038.504,48.59954,2.4868683931500906,False
80,XPhos,0.5,60,9.4139569895342,10.641155658988282,-1545786.654392921,-1763873.3475934211,0.0,-444182.9777243271,-459279.3069618933,10990640.043332627,1912402.9512920224,10.64990585995838,-1843173.979,48.553215,1.192708661422999,False
80,AmPhos,1.25,600,7.767676386283711,5.878667191136628,-1448658.76540038,-1666741.4511530988,0.0,-444182.9777243271,-459279.3069618933,114765823.68547367,1693608854.4062355,10.1047541401349,-1746040.097,48.47222,2.080413049795618,False
80,AmPhos,1.25,900,7.767676386283711,5.878667191136628,-1448658.76540038,-1666741.4511530988,0.0,-444182.9777243271,-459279.3069618933,114765823.68547367,1693608854.4062355,10.1047541401349,-1746040.097,48.47222,2.4753550943406815,False
80,XPhos,0.5,150,9.4139569895342,10.641155658988282,-1545786.654392921,-1763873.3475934211,0.0,-444182.9777243271,-459279.3069618933,10990640.043332627,1912402.9512920224,10.64990585995838,-1843173.979,48.451313,1.0986444391625108,False
75,XPhos,0.5,60,9.168911109212786,10.62996449903585,-1545785.263097831,-1763871.573390411,0.0,-444182.5777137971,-459278.6312180633,12734608.246475026,1541123.1738748744,10.64990585995838,-1843172.349,48.428936,1.343809614599484,False
90,RuPhos,0.5,900,18.44885087525472,15.902559178648517,-1566248.995358395,-1784334.1932323114,0.0,-444183.7832555871,-459280.6732924233,59.75214379248784,2035.7176503557635,10.40157665964216,-1863642.757,48.40581,2.4997473633806755,False
90,RuPhos,0.5,600,18.44885087525472,15.902559178648517,-1566248.995358395,-1784334.1932323114,0.0,-444183.7832555871,-459280.6732924233,59.75214379248784,2035.7176503557635,10.40157665964216,-1863642.757,48.40581,1.8144099573483399,False
90,RuPhos,0.5,150,18.44885087525472,15.902559178648517,-1566248.995358395,-1784334.1932323114,0.0,-444183.7832555871,-459280.6732924233,59.75214379248784,2035.7176503557635,10.40157665964216,-1863642.757,48.386124,1.2200761045260307,False
40,XPhos,2.5,150,7.450894719455391,10.547870988957584,-1545775.9168041209,-1763859.699289771,0.0,-444179.8293960271,-459274.0409944233,41178381.13198226,283999.92187293305,10.609905859921128,-1843161.426,48.373367,1.582930234166376,False
90,AmPhos,1.25,300,7.772972056176513,5.879861411172897,-1448661.5365463,-1666745.0114768487,0.0,-444183.7832555871,-459280.6732924233,158899047.92967576,2189775158.43863,10.114754140144214,-1746043.333,48.34972,2.11898143866247,False
75,XPhos,0.5,150,9.168911109212786,10.62996449903585,-1545785.263097831,-1763871.573390411,0.0,-444182.5777137971,-459278.6312180633,12734608.246475026,1541123.1738748744,10.64990585995838,-1843172.349,48.33628,1.2614671765125083,False
95,AmPhos,5.0,60,7.775767956394702,5.880464641144499,-1448662.9423079798,-1666746.819773289,0.0,-444184.1887689871,-459281.3638484633,185751096.01665783,2477640150.4684305,10.13475413993001,-1746044.976,48.267445,4.089018686268046,True
110,SPhos,0.5,900,15.312431127997115,13.263745604082942,-1467653.3001485362,-1685736.006506606,0.0,-444185.4162548871,-459283.4648965533,14728.423250338394,217121.89225867897,11.353033210150898,-1765044.73,48.21584,1.9158986266553988,False
110,SPhos,0.5,600,15.312431127997115,13.263745604082942,-1467653.3001485362,-1685736.006506606,0.0,-444185.4162548871,-459283.4648965533,14728.423250338394,217121.89225867897,11.353033210150898,-1765044.73,48.21584,1.2372157360438572,False
95,RuPhos,0.5,60,18.691304735140875,15.907923408551142,-1566250.360131885,-1784335.9678671914,0.0,-444184.1887689871,-459281.3638484633,61.53938637646395,2763.4320518807126,10.421576660126448,-1863644.379,48.164143,1.3164910097396376,False
70,AmPhos,2.5,150,7.762775676324964,5.877477371133864,-1448656.0482858298,-1666737.966152879,0.0,-444182.1795447971,-459277.9604423933,81353224.64325193,1291453215.3480983,10.094754140125588,-1746036.928,48.117832,1.9942121011303136,False
45,XPhos,5.0,60,7.69662566925399,10.560027488740161,-1545777.209824261,-1763861.3369689411,0.0,-444180.2164438071,-459274.68163209327,34235103.24672241,369433.0027578095,10.609905860153958,-1843162.934,48.104294,3.907805624154025,True
85,AmPhos,5.0,60,7.770274856360629,5.8792628310620785,-1448660.1442340498,-1666743.2219218889,0.0,-444183.3795727971,-459279.9876584633,135344656.87153196,1929051411.7507188,10.114754139911383,-1746041.706,48.002678,4.078744752542962,True
110,SPhos,0.5,300,15.312431127997115,13.263745604082942,-1467653.3001485362,-1685736.006506606,0.0,-444185.4162548871,-459283.4648965533,14728.423250338394,217121.89225867897,11.353033210150898,-1765044.73,47.874657,1.362216219982023,False
50,AmPhos,5.0,150,7.754156986018643,5.875046501168981,-1448650.77709863,-1666731.2235613689,0.0,-444180.6053534971,-459275.3273325533,38383069.23278182,716096083.7670836,10.04475413984619,-1746030.794,47.869247,4.233385202256668,True
55,AmPhos,5.0,150,7.756164186168462,5.8756661312654614,-1448652.0744399698,-1666732.8806698287,0.0,-444180.9961217871,-459275.9780797033,46706255.88842986,835155187.8327554,10.074754140339792,-1746032.302,47.869247,4.200096255037016,True
60,AmPhos,1.25,300,7.758269566344097,5.876276281196624,-1448653.3854385698,-1666734.5568349787,0.0,-444181.3887453471,-459276.6338575833,56504996.742170885,969758568.6862029,10.064754140097648,-1746033.827,47.844074,2.284669674424204,False
85,AmPhos,1.25,300,7.770274856360629,5.8792628310620785,-1448660.1442340498,-1666743.2219218889,0.0,-444183.3795727971,-459279.9876584633,135344656.87153196,1929051411.7507188,10.114754139911383,-1746041.706,47.834305,2.1448001477857717,False
90,AmPhos,1.25,600,7.772972056176513,5.879861411172897,-1448661.5365463,-1666745.0114768487,0.0,-444183.7832555871,-459280.6732924233,158899047.92967576,2189775158.43863,10.114754140144214,-1746043.333,47.81422,2.0891531971594928,False
90,AmPhos,1.25,900,7.772972056176513,5.879861411172897,-1448661.5365463,-1666745.0114768487,0.0,-444183.7832555871,-459280.6732924233,158899047.92967576,2189775158.43863,10.114754140144214,-1746043.333,47.81422,2.4824617895843617,False
95,XPhos,0.5,60,10.148550909478217,10.673999548889697,-1545790.9121783709,-1763878.786439151,0.0,-444184.1887689871,-459281.3638484633,7250681.390432455,3535552.7200377653,10.659905859734865,-1843178.975,47.779564,0.8429803328733063,False
105,RuPhos,0.5,300,19.176058075157925,15.919024858390912,-1566253.129770275,-1784339.5725187417,0.0,-444185.0052725071,-459282.7596657633,65.17172382576413,4970.4831688753775,10.421576660126448,-1863647.675,47.76778,1.1687469125901442,False
35,XPhos,2.5,150,7.205059269443154,10.535560468910262,-1545774.637870391,-1763858.081225031,0.0,-444179.4442134271,-459273.4054358833,49848957.4961628,216578.80345824358,10.599905860377476,-1843159.935,47.64922,1.7276567133301828,False
95,AmPhos,1.25,300,7.775767956394702,5.880464641144499,-1448662.9423079798,-1666746.819773289,0.0,-444184.1887689871,-459281.3638484633,185751096.01665783,2477640150.4684305,10.13475413993001,-1746044.976,47.64711,2.0964039761981743,False
110,SPhos,0.5,150,15.312431127997115,13.263745604082942,-1467653.3001485362,-1685736.006506606,0.0,-444185.4162548871,-459283.4648965533,14728.423250338394,217121.89225867897,11.353033210150898,-1765044.73,47.604027,1.4439449785539966,False
95,XPhos,0.5,150,10.148550909478217,10.673999548889697,-1545790.9121783709,-1763878.786439151,0.0,-444184.1887689871,-459281.3638484633,7250681.390432455,3535552.7200377653,10.659905859734865,-1843178.975,47.534245,0.7176890357024954,False
85,AmPhos,1.25,900,7.770274856360629,5.8792628310620785,-1448660.1442340498,-1666743.2219218889,0.0,-444183.3795727971,-459279.9876584633,135344656.87153196,1929051411.7507188,10.114754139911383,-1746041.706,47.453926,2.4760578266466213,False
85,AmPhos,1.25,600,7.770274856360629,5.8792628310620785,-1448660.1442340498,-1666743.2219218889,0.0,-444183.3795727971,-459279.9876584633,135344656.87153196,1929051411.7507188,10.114754139911383,-1746041.706,47.453926,2.081173619220497,False
70,AmPhos,5.0,150,7.762775676324964,5.877477371133864,-1448656.0482858298,-1666737.966152879,0.0,-444182.1795447971,-459277.9604423933,81353224.64325193,1291453215.3480983,10.094754140125588,-1746036.928,47.3813,4.094498767035378,True
100,AmPhos,5.0,60,7.778662436408922,5.881074141012505,-1448664.3614900098,-1666748.646766529,0.0,-444184.5961092371,-459282.0593113233,216244734.80658674,2794569040.851907,10.144754139939325,-1746046.636,47.34046,4.109282915487492,True
105,AmPhos,5.0,60,7.781655416125432,5.881691461196169,-1448665.7940633,-1666750.4924117788,0.0,-444185.0052725071,-459282.7596657633,250745995.55878735,3142544623.0222883,10.154754139715806,-1746048.313,47.34046,4.140457804197396,True
60,AmPhos,1.25,900,7.758269566344097,5.876276281196624,-1448653.3854385698,-1666734.5568349787,0.0,-444181.3887453471,-459276.6338575833,56504996.742170885,969758568.6862029,10.064754140097648,-1746033.827,47.32545,2.552456656825737,False
60,AmPhos,1.25,600,7.758269566344097,5.876276281196624,-1448653.3854385698,-1666734.5568349787,0.0,-444181.3887453471,-459276.6338575833,56504996.742170885,969758568.6862029,10.064754140097648,-1746033.827,47.32545,2.171165638919276,False
95,AmPhos,1.25,900,7.775767956394702,5.880464641144499,-1448662.9423079798,-1666746.819773289,0.0,-444184.1887689871,-459281.3638484633,185751096.01665783,2477640150.4684305,10.13475413993001,-1746044.976,47.185448,2.496375897018908,False
95,AmPhos,1.25,600,7.775767956394702,5.880464641144499,-1448662.9423079798,-1666746.819773289,0.0,-444184.1887689871,-459281.3638484633,185751096.01665783,2477640150.4684305,10.13475413993001,-1746044.976,47.185448,2.106063002626766,False
100,RuPhos,0.5,60,18.933706875192,15.91341198864393,-1566251.738274505,-1784337.7609724514,0.0,-444184.5961092371,-459282.0593113233,63.3459921272618,3720.7389344870035,10.421576659893615,-1863646.019,47.045822,1.2816583872462701,False
40,XPhos,5.0,150,7.450894719455391,10.547870988957584,-1545775.9168041209,-1763859.699289771,0.0,-444179.8293960271,-459274.0409944233,41178381.13198226,283999.92187293305,10.609905859921128,-1843161.426,46.99379,3.9164021551351254,True
95,RuPhos,0.5,300,18.691304735140875,15.907923408551142,-1566250.360131885,-1784335.9678671914,0.0,-444184.1887689871,-459281.3638484633,61.53938637646395,2763.4320518807126,10.421576660126448,-1863644.379,46.910633,1.1866589756541495,False
105,RuPhos,0.5,150,19.176058075157925,15.919024858390912,-1566253.129770275,-1784339.5725187417,0.0,-444185.0052725071,-459282.7596657633,65.17172382576413,4970.4831688753775,10.421576660126448,-1863647.675,46.807453,1.1338083574669817,False
65,AmPhos,5.0,60,7.760473346104845,5.876879281131551,-1448654.7100639,-1666736.252011119,0.0,-444181.7832208271,-459277.2946503733,67980668.4732043,1121351862.5124516,10.084754140116274,-1746035.369,46.799393,4.164258799224651,True
105,AmPhos,1.25,300,7.781655416125432,5.881691461196169,-1448665.7940633,-1666750.4924117788,0.0,-444185.0052725071,-459282.7596657633,250745995.55878735,3142544623.0222883,10.154754139715806,-1746048.313,46.618416,2.11757579936034,False
100,AmPhos,1.25,300,7.778662436408922,5.881074141012505,-1448664.3614900098,-1666748.646766529,0.0,-444184.5961092371,-459282.0593113233,216244734.80658674,2794569040.851907,10.144754139939325,-1746046.636,46.618416,2.0961443405819233,False
105,RuPhos,0.5,600,19.176058075157925,15.919024858390912,-1566253.129770275,-1784339.5725187417,0.0,-444185.0052725071,-459282.7596657633,65.17172382576413,4970.4831688753775,10.421576660126448,-1863647.675,46.597187,1.7815562996939431,False
105,RuPhos,0.5,900,19.176058075157925,15.919024858390912,-1566253.129770275,-1784339.5725187417,0.0,-444185.0052725071,-459282.7596657633,65.17172382576413,4970.4831688753775,10.421576660126448,-1863647.675,46.597187,2.5142802876501524,False
95,RuPhos,0.5,600,18.691304735140875,15.907923408551142,-1566250.360131885,-1784335.9678671914,0.0,-444184.1887689871,-459281.3638484633,61.53938637646395,2763.4320518807126,10.421576660126448,-1863644.379,46.490257,1.780951674828593,False
95,RuPhos,0.5,900,18.691304735140875,15.907923408551142,-1566250.360131885,-1784335.9678671914,0.0,-444184.1887689871,-459281.3638484633,61.53938637646395,2763.4320518807126,10.421576660126448,-1863644.379,46.490257,2.513156709465092,False
105,XPhos,0.5,600,10.637841439107433,10.695317378966138,-1545793.820489031,-1763882.508908831,0.0,-444185.0052725071,-459282.7596657633,5604753.223729682,5192056.22532631,10.669905859977009,-1843182.392,46.40569,1.1324211165417117,False
105,XPhos,0.5,900,10.637841439107433,10.695317378966138,-1545793.820489031,-1763882.508908831,0.0,-444185.0052725071,-459282.7596657633,5604753.223729682,5192056.22532631,10.669905859977009,-1843182.392,46.40569,1.8171376706381914,False
100,XPhos,0.5,900,10.393239109078422,10.684714378789067,-1545792.359363991,-1763880.6380365512,0.0,-444184.5961092371,-459282.0593113233,6362888.981633075,4294817.146869944,10.669905859977009,-1843180.675,46.397896,1.7900788082983425,False
100,XPhos,0.5,600,10.393239109078422,10.684714378789067,-1545792.359363991,-1763880.6380365512,0.0,-444184.5961092371,-459282.0593113233,6362888.981633075,4294817.146869944,10.669905859977009,-1843180.675,46.397896,1.0714786444789859,False
105,XPhos,0.5,300,10.637841439107433,10.695317378966138,-1545793.820489031,-1763882.508908831,0.0,-444185.0052725071,-459282.7596657633,5604753.223729682,5192056.22532631,10.669905859977009,-1843182.392,46.325584,0.8135761204852129,False
95,RuPhos,0.5,150,18.691304735140875,15.907923408551142,-1566250.360131885,-1784335.9678671914,0.0,-444184.1887689871,-459281.3638484633,61.53938637646395,2763.4320518807126,10.421576660126448,-1863644.379,46.324566,1.189861575519927,False
100,XPhos,0.5,300,10.393239109078422,10.684714378789067,-1545792.359363991,-1763880.6380365512,0.0,-444184.5961092371,-459282.0593113233,6362888.981633075,4294817.146869944,10.669905859977009,-1843180.675,46.31779,0.8325014003209323,False
100,RuPhos,0.5,300,18.933706875192,15.91341198864393,-1566251.738274505,-1784337.7609724514,0.0,-444184.5961092371,-459282.0593113233,63.3459921272618,3720.7389344870035,10.421576659893615,-1863646.019,46.162453,1.1819929343851474,False
105,AmPhos,1.25,600,7.781655416125432,5.881691461196169,-1448665.7940633,-1666750.4924117788,0.0,-444185.0052725071,-459282.7596657633,250745995.55878735,3142544623.0222883,10.154754139715806,-1746048.313,46.156754,2.2024006699671683,False
105,AmPhos,1.25,900,7.781655416125432,5.881691461196169,-1448665.7940633,-1666750.4924117788,0.0,-444185.0052725071,-459282.7596657633,250745995.55878735,3142544623.0222883,10.154754139715806,-1746048.313,46.156754,2.577942877327093,False
100,AmPhos,1.25,900,7.778662436408922,5.881074141012505,-1448664.3614900098,-1666748.646766529,0.0,-444184.5961092371,-459282.0593113233,216244734.80658674,2794569040.851907,10.144754139939325,-1746046.636,46.156754,2.5285846599471884,False
100,AmPhos,1.25,600,7.778662436408922,5.881074141012505,-1448664.3614900098,-1666748.646766529,0.0,-444184.5961092371,-459282.0593113233,216244734.80658674,2794569040.851907,10.144754139939325,-1746046.636,46.156754,2.144349257108466,False
35,XPhos,5.0,150,7.205059269443154,10.535560468910262,-1545774.637870391,-1763858.081225031,0.0,-444179.4442134271,-459273.4054358833,49848957.4961628,216578.80345824358,10.599905860377476,-1843159.935,45.932156,3.972848015724388,True
45,XPhos,1.25,300,7.69662566925399,10.560027488740161,-1545777.209824261,-1763861.3369689411,0.0,-444180.2164438071,-459274.68163209327,34235103.24672241,369433.0027578095,10.609905860153958,-1843162.934,45.84807,1.7379135259298935,False
55,AmPhos,5.0,60,7.756164186168462,5.8756661312654614,-1448652.0744399698,-1666732.8806698287,0.0,-444180.9961217871,-459275.9780797033,46706255.88842986,835155187.8327554,10.074754140339792,-1746032.302,45.82255,4.253580604461024,True
50,AmPhos,5.0,60,7.754156986018643,5.875046501168981,-1448650.77709863,-1666731.2235613689,0.0,-444180.6053534971,-459275.3273325533,38383069.23278182,716096083.7670836,10.04475413984619,-1746030.794,45.82255,4.289752461911013,True
100,XPhos,0.5,60,10.393239109078422,10.684714378789067,-1545792.359363991,-1763880.6380365512,0.0,-444184.5961092371,-459282.0593113233,6362888.981633075,4294817.146869944,10.669905859977009,-1843180.675,45.596363,0.776658320037061,False
100,RuPhos,0.5,900,18.933706875192,15.91341198864393,-1566251.738274505,-1784337.7609724514,0.0,-444184.5961092371,-459282.0593113233,63.3459921272618,3720.7389344870035,10.421576659893615,-1863646.019,45.582798,2.5116303450487036,False
100,RuPhos,0.5,600,18.933706875192,15.91341198864393,-1566251.738274505,-1784337.7609724514,0.0,-444184.5961092371,-459282.0593113233,63.3459921272618,3720.7389344870035,10.421576659893615,-1863646.019,45.582798,1.770969450741036,False
105,XPhos,0.5,60,10.637841439107433,10.695317378966138,-1545793.820489031,-1763882.508908831,0.0,-444185.0052725071,-459282.7596657633,5604753.223729682,5192056.22532631,10.669905859977009,-1843182.392,45.559452,0.7435631113267783,False
45,XPhos,1.25,900,7.69662566925399,10.560027488740161,-1545777.209824261,-1763861.3369689411,0.0,-444180.2164438071,-459274.68163209327,34235103.24672241,369433.0027578095,10.609905860153958,-1843162.934,45.47981,2.046939637965081,False
45,XPhos,1.25,600,7.69662566925399,10.560027488740161,-1545777.209824261,-1763861.3369689411,0.0,-444180.2164438071,-459274.68163209327,34235103.24672241,369433.0027578095,10.609905860153958,-1843162.934,45.47981,1.517705708946296,False
105,PCy3,2.5,600,7.948321542236954,15.555563907371834,-1181212.120372024,-1399293.653224585,0.0,-444185.0052725071,-459282.7596657633,200868825.2077691,8062.205049708938,11.570260799955577,-1478602.071,45.26753,2.026106221356116,False
105,PCy3,2.5,900,7.948321542236954,15.555563907371834,-1181212.120372024,-1399293.653224585,0.0,-444185.0052725071,-459282.7596657633,200868825.2077691,8062.205049708938,11.570260799955577,-1478602.071,45.26753,2.67484479656211,False
40,XPhos,5.0,60,7.450894719455391,10.547870988957584,-1545775.9168041209,-1763859.699289771,0.0,-444179.8293960271,-459274.0409944233,41178381.13198226,283999.92187293305,10.609905859921128,-1843161.426,45.261234,3.960543495203531,True
70,AmPhos,5.0,60,7.762775676324964,5.877477371133864,-1448656.0482858298,-1666737.966152879,0.0,-444182.1795447971,-459277.9604423933,81353224.64325193,1291453215.3480983,10.094754140125588,-1746036.928,45.14945,4.13025470510175,True
75,AmPhos,1.25,150,7.765176666202024,5.878072671126574,-1448657.40007451,-1666739.6992151788,0.0,-444182.5777137971,-459278.6312180633,96861894.34963281,1481652272.140351,10.10475413990207,-1746038.504,45.048748,2.137085105088641,False
100,RuPhos,0.5,150,18.933706875192,15.91341198864393,-1566251.738274505,-1784337.7609724514,0.0,-444184.5961092371,-459282.0593113233,63.3459921272618,3720.7389344870035,10.421576659893615,-1863646.019,45.01814,1.1572238342684045,False
75,AmPhos,1.25,60,7.765176666202024,5.878072671126574,-1448657.40007451,-1666739.6992151788,0.0,-444182.5777137971,-459278.6312180633,96861894.34963281,1481652272.140351,10.10475413990207,-1746038.504,44.979515,2.1563233877671393,False
80,AmPhos,1.25,60,7.767676386283711,5.878667191136628,-1448658.76540038,-1666741.4511530988,0.0,-444182.9777243271,-459279.3069618933,114765823.68547367,1693608854.4062355,10.1047541401349,-1746040.097,44.928566,2.1168089722206043,False
110,PCy3,1.25,900,8.180834452155977,15.532746417215094,-1181213.171484714,-1399295.1393802152,0.0,-444185.4162548871,-459283.4648965533,172162836.98092988,11027.85059731747,11.58026079996489,-1478603.371,44.911674,2.725252892952236,True
110,PCy3,1.25,600,8.180834452155977,15.532746417215094,-1181213.171484714,-1399295.1393802152,0.0,-444185.4162548871,-459283.4648965533,172162836.98092988,11027.85059731747,11.58026079996489,-1478603.371,44.911674,1.9870594429500337,False
80,AmPhos,1.25,150,7.767676386283711,5.878667191136628,-1448658.76540038,-1666741.4511530988,0.0,-444182.9777243271,-459279.3069618933,114765823.68547367,1693608854.4062355,10.1047541401349,-1746040.097,44.866337,2.100324878366748,False
100,XPhos,0.5,150,10.393239109078422,10.684714378789067,-1545792.359363991,-1763880.6380365512,0.0,-444184.5961092371,-459282.0593113233,6362888.981633075,4294817.146869944,10.669905859977009,-1843180.675,44.784294,0.6501326331472266,False
105,XPhos,0.5,150,10.637841439107433,10.695317378966138,-1545793.820489031,-1763882.508908831,0.0,-444185.0052725071,-459282.7596657633,5604753.223729682,5192056.22532631,10.669905859977009,-1843182.392,44.747383,0.6256360234712357,False
90,PCy3,2.5,600,7.250434421934187,15.623461617389694,-1181209.021445404,-1399289.280377695,0.0,-444183.7832555871,-459280.6732924233,327782387.80955976,2996.947120354819,11.540260799927635,-1478598.247,44.709957,2.2727579058540868,False
90,PCy3,2.5,900,7.250434421934187,15.623461617389694,-1181209.021445404,-1399289.280377695,0.0,-444183.7832555871,-459280.6732924233,327782387.80955976,2996.947120354819,11.540260799927635,-1478598.247,44.709957,2.808725208342809,True
90,AmPhos,1.25,60,7.772972056176513,5.879861411172897,-1448661.5365463,-1666745.0114768487,0.0,-444183.7832555871,-459280.6732924233,158899047.92967576,2189775158.43863,10.114754140144214,-1746043.333,44.607952,2.060966018741864,False
110,PCy3,1.25,300,8.180834452155977,15.532746417215094,-1181213.171484714,-1399295.1393802152,0.0,-444185.4162548871,-459283.4648965533,172162836.98092988,11027.85059731747,11.58026079996489,-1478603.371,44.59167,1.893367329608609,False
90,AmPhos,1.25,150,7.772972056176513,5.879861411172897,-1448661.5365463,-1666745.0114768487,0.0,-444183.7832555871,-459280.6732924233,158899047.92967576,2189775158.43863,10.114754140144214,-1746043.333,44.537918,2.0445897120547345,False
65,AmPhos,1.25,300,7.760473346104845,5.876879281131551,-1448654.7100639,-1666736.252011119,0.0,-444181.7832208271,-459277.2946503733,67980668.4732043,1121351862.5124516,10.084754140116274,-1746035.369,44.485847,2.2415306939831354,False
80,SPhos,0.5,900,14.033954487647861,13.192968864226714,-1467645.6604138464,-1685726.1667177258,0.0,-444182.9777243271,-459279.3069618933,15204.384540511206,50397.28006129014,11.3030332098715,-1765035.804,44.466812,1.803059977668532,False
80,SPhos,0.5,600,14.033954487647861,13.192968864226714,-1467645.6604138464,-1685726.1667177258,0.0,-444182.9777243271,-459279.3069618933,15204.384540511206,50397.28006129014,11.3030332098715,-1765035.804,44.466812,1.2046973436859418,False
95,PCy3,2.5,600,7.483122691977769,15.600924426922575,-1181210.045349194,-1399290.7237053553,0.0,-444184.1887689871,-459281.3638484633,277111197.40086144,4204.286100471907,11.55026079993695,-1478599.509,44.458904,2.1701192045338096,False
95,PCy3,2.5,900,7.483122691977769,15.600924426922575,-1181210.045349194,-1399290.7237053553,0.0,-444184.1887689871,-459281.3638484633,277111197.40086144,4204.286100471907,11.55026079993695,-1478599.509,44.458904,2.740691224715244,True
100,PCy3,2.5,900,7.715751342009753,15.578290867153555,-1181211.078325714,-1399292.1813268852,0.0,-444184.5961092371,-459282.0593113233,235391606.64992365,5846.569732551803,11.560260799713433,-1478600.784,44.453033,2.696828427100418,True
100,PCy3,2.5,600,7.715751342009753,15.578290867153555,-1181211.078325714,-1399292.1813268852,0.0,-444184.5961092371,-459282.0593113233,235391606.64992365,5846.569732551803,11.560260799713433,-1478600.784,44.453033,2.0887712848071356,False
60,AmPhos,1.25,150,7.758269566344097,5.876276281196624,-1448653.3854385698,-1666734.5568349787,0.0,-444181.3887453471,-459276.6338575833,56504996.742170885,969758568.6862029,10.064754140097648,-1746033.827,44.392307,2.3007138876242057,False
60,AmPhos,1.25,60,7.758269566344097,5.876276281196624,-1448653.3854385698,-1666734.5568349787,0.0,-444181.3887453471,-459276.6338575833,56504996.742170885,969758568.6862029,10.064754140097648,-1746033.827,44.376617,2.3390545720194256,False
35,XPhos,5.0,60,7.205059269443154,10.535560468910262,-1545774.637870391,-1763858.081225031,0.0,-444179.4442134271,-459273.4054358833,49848957.4961628,216578.80345824358,10.599905860377476,-1843159.935,44.1996,4.0223599100454575,True
85,AmPhos,1.25,60,7.770274856360629,5.8792628310620785,-1448660.1442340498,-1666743.2219218889,0.0,-444183.3795727971,-459279.9876584633,135344656.87153196,1929051411.7507188,10.114754139911383,-1746041.706,44.034496,2.0793090483026364,False
95,AmPhos,1.25,60,7.775767956394702,5.880464641144499,-1448662.9423079798,-1666746.819773289,0.0,-444184.1887689871,-459281.3638484633,185751096.01665783,2477640150.4684305,10.13475413993001,-1746044.976,44.018536,2.0565487829128526,False
85,AmPhos,1.25,150,7.770274856360629,5.8792628310620785,-1448660.1442340498,-1666743.2219218889,0.0,-444183.3795727971,-459279.9876584633,135344656.87153196,1929051411.7507188,10.114754139911383,-1746041.706,43.986538,2.0627893208452517,False
65,AmPhos,1.25,900,7.760473346104845,5.876879281131551,-1448654.7100639,-1666736.252011119,0.0,-444181.7832208271,-459277.2946503733,67980668.4732043,1121351862.5124516,10.084754140116274,-1746035.369,43.967224,2.5344797790444575,False
65,AmPhos,1.25,600,7.760473346104845,5.876879281131551,-1448654.7100639,-1666736.252011119,0.0,-444181.7832208271,-459277.2946503733,67980668.4732043,1121351862.5124516,10.084754140116274,-1746035.369,43.967224,2.1498011699328585,False
95,AmPhos,1.25,150,7.775767956394702,5.880464641144499,-1448662.9423079798,-1666746.819773289,0.0,-444184.1887689871,-459281.3638484633,185751096.01665783,2477640150.4684305,10.13475413993001,-1746044.976,43.917118,2.0388637091241315,False
75,RuPhos,0.5,60,17.721170605393127,15.887212328612804,-1566244.9814057648,-1784328.9804349514,0.0,-444182.5777137971,-459278.6312180633,54.509066797322696,772.1485757298733,10.391576659865676,-1863637.989,43.89126,1.557139603350807,False
60,SPhos,0.5,900,13.18158100778237,13.143891653977334,-1467640.8002475863,-1685719.943252726,0.0,-444181.3887453471,-459276.6338575833,15646.807475190615,16563.409464430657,11.263033210067078,-1765030.156,43.837692,1.9878953920141065,False
60,SPhos,0.5,600,13.18158100778237,13.143891653977334,-1467640.8002475863,-1685719.943252726,0.0,-444181.3887453471,-459276.6338575833,15646.807475190615,16563.409464430657,11.263033210067078,-1765030.156,43.837692,1.451562269594708,False
105,PCy3,2.5,300,7.948321542236954,15.555563907371834,-1181212.120372024,-1399293.653224585,0.0,-444185.0052725071,-459282.7596657633,200868825.2077691,8062.205049708938,11.570260799955577,-1478602.071,43.801746,1.9543999750124628,False
80,SPhos,0.5,300,14.033954487647861,13.192968864226714,-1467645.6604138464,-1685726.1667177258,0.0,-444182.9777243271,-459279.3069618933,15204.384540511206,50397.28006129014,11.3030332098715,-1765035.804,43.68912,1.4937011223742842,False
55,AmPhos,1.25,300,7.756164186168462,5.8756661312654614,-1448652.0744399698,-1666732.8806698287,0.0,-444180.9961217871,-459275.9780797033,46706255.88842986,835155187.8327554,10.074754140339792,-1746032.302,43.677105,2.327772653871603,False
50,AmPhos,1.25,300,7.754156986018643,5.875046501168981,-1448650.77709863,-1666731.2235613689,0.0,-444180.6053534971,-459275.3273325533,38383069.23278182,716096083.7670836,10.04475413984619,-1746030.794,43.677105,2.3705896960055575,False
40,XPhos,1.25,300,7.450894719455391,10.547870988957584,-1545775.9168041209,-1763859.699289771,0.0,-444179.8293960271,-459274.0409944233,41178381.13198226,283999.92187293305,10.609905859921128,-1843161.426,43.63615,1.8314500764454564,False
90,PCy3,2.5,300,7.250434421934187,15.623461617389694,-1181209.021445404,-1399289.280377695,0.0,-444183.7832555871,-459280.6732924233,327782387.80955976,2996.947120354819,11.540260799927635,-1478598.247,43.483704,2.1121181995382763,False
75,RuPhos,0.5,900,17.721170605393127,15.887212328612804,-1566244.9814057648,-1784328.9804349514,0.0,-444182.5777137971,-459278.6312180633,54.509066797322696,772.1485757298733,10.391576659865676,-1863637.989,43.399,2.493144587848061,False
75,RuPhos,0.5,600,17.721170605393127,15.887212328612804,-1566244.9814057648,-1784328.9804349514,0.0,-444182.5777137971,-459278.6312180633,54.509066797322696,772.1485757298733,10.391576659865676,-1863637.989,43.399,1.9310913942107988,False
75,RuPhos,0.5,300,17.721170605393127,15.887212328612804,-1566244.9814057648,-1784328.9804349514,0.0,-444182.5777137971,-459278.6312180633,54.509066797322696,772.1485757298733,10.391576659865676,-1863637.989,43.391914,1.4153675077098153,False
40,XPhos,1.25,600,7.450894719455391,10.547870988957584,-1545775.9168041209,-1763859.699289771,0.0,-444179.8293960271,-459274.0409944233,41178381.13198226,283999.92187293305,10.609905859921128,-1843161.426,43.301876,1.6144186809595045,False
40,XPhos,1.25,900,7.450894719455391,10.547870988957584,-1545775.9168041209,-1763859.699289771,0.0,-444179.8293960271,-459274.0409944233,41178381.13198226,283999.92187293305,10.609905859921128,-1843161.426,43.301876,2.1189057971817773,False
60,SPhos,0.5,300,13.18158100778237,13.143891653977334,-1467640.8002475863,-1685719.943252726,0.0,-444181.3887453471,-459276.6338575833,15646.807475190615,16563.409464430657,11.263033210067078,-1765030.156,43.215466,1.677545267807061,False
70,AmPhos,1.25,300,7.762775676324964,5.877477371133864,-1448656.0482858298,-1666737.966152879,0.0,-444182.1795447971,-459277.9604423933,81353224.64325193,1291453215.3480983,10.094754140125588,-1746036.928,43.210815,2.2141759817064646,False
95,PCy3,2.5,300,7.483122691977769,15.600924426922575,-1181210.045349194,-1399290.7237053553,0.0,-444184.1887689871,-459281.3638484633,277111197.40086144,4204.286100471907,11.55026079993695,-1478599.509,43.205482,2.030950417248412,False
35,XPhos,1.25,300,7.205059269443154,10.535560468910262,-1545774.637870391,-1763858.081225031,0.0,-444179.4442134271,-459273.4054358833,49848957.4961628,216578.80345824358,10.599905860377476,-1843159.935,43.191673,1.9373707211481161,False
60,XPhos,0.5,300,8.433208599220961,10.595615619095042,-1545781.173284071,-1763866.367414081,0.0,-444181.3887453471,-459276.6338575833,20385939.46772613,777685.7865245574,10.629905860172585,-1843167.563,43.142303,1.6722812486612806,False
100,AmPhos,1.25,60,7.778662436408922,5.881074141012505,-1448664.3614900098,-1666748.646766529,0.0,-444184.5961092371,-459282.0593113233,216244734.80658674,2794569040.851907,10.144754139939325,-1746046.636,43.10716,2.0640046799437806,False
105,AmPhos,1.25,60,7.781655416125432,5.881691461196169,-1448665.7940633,-1666750.4924117788,0.0,-444185.0052725071,-459282.7596657633,250745995.55878735,3142544623.0222883,10.154754139715806,-1746048.313,43.10716,2.0807395278844023,False
100,PCy3,2.5,300,7.715751342009753,15.578290867153555,-1181211.078325714,-1399292.1813268852,0.0,-444184.5961092371,-459282.0593113233,235391606.64992365,5846.569732551803,11.560260799713433,-1478600.784,43.10082,1.9789035440434461,False
100,AmPhos,1.25,150,7.778662436408922,5.881074141012505,-1448664.3614900098,-1666748.646766529,0.0,-444184.5961092371,-459282.0593113233,216244734.80658674,2794569040.851907,10.144754139939325,-1746046.636,43.076225,2.0336995209659343,False
105,AmPhos,1.25,150,7.781655416125432,5.881691461196169,-1448665.7940633,-1666750.4924117788,0.0,-444185.0052725071,-459282.7596657633,250745995.55878735,3142544623.0222883,10.154754139715806,-1746048.313,43.076225,2.050859204555902,False
55,AmPhos,1.25,900,7.756164186168462,5.8756661312654614,-1448652.0744399698,-1666732.8806698287,0.0,-444180.9961217871,-459275.9780797033,46706255.88842986,835155187.8327554,10.074754140339792,-1746032.302,43.0668,2.5764337192032674,False
55,AmPhos,1.25,600,7.756164186168462,5.8756661312654614,-1448652.0744399698,-1666732.8806698287,0.0,-444180.9961217871,-459275.9780797033,46706255.88842986,835155187.8327554,10.074754140339792,-1746032.302,43.0668,2.1990950886416134,False
50,AmPhos,1.25,900,7.754156986018643,5.875046501168981,-1448650.77709863,-1666731.2235613689,0.0,-444180.6053534971,-459275.3273325533,38383069.23278182,716096083.7670836,10.04475413984619,-1746030.794,43.0668,2.6190381839118593,False
50,AmPhos,1.25,600,7.754156986018643,5.875046501168981,-1448650.77709863,-1666731.2235613689,0.0,-444180.6053534971,-459275.3273325533,38383069.23278182,716096083.7670836,10.04475413984619,-1746030.794,43.0668,2.2483924699460927,False
60,XPhos,0.5,900,8.433208599220961,10.595615619095042,-1545781.173284071,-1763866.367414081,0.0,-444181.3887453471,-459276.6338575833,20385939.46772613,777685.7865245574,10.629905860172585,-1843167.563,43.044075,1.924406638079084,False
60,XPhos,0.5,600,8.433208599220961,10.595615619095042,-1545781.173284071,-1763866.367414081,0.0,-444181.3887453471,-459276.6338575833,20385939.46772613,777685.7865245574,10.629905860172585,-1843167.563,43.044075,1.3605460627796317,False
45,XPhos,1.25,60,7.69662566925399,10.560027488740161,-1545777.209824261,-1763861.3369689411,0.0,-444180.2164438071,-459274.68163209327,34235103.24672241,369433.0027578095,10.609905860153958,-1843162.934,43.02718,1.896871987164662,False
80,SPhos,0.5,60,14.033954487647861,13.192968864226714,-1467645.6604138464,-1685726.1667177258,0.0,-444182.9777243271,-459279.3069618933,15204.384540511206,50397.28006129014,11.3030332098715,-1765035.804,43.005215,1.5344800182122391,False
75,RuPhos,0.5,150,17.721170605393127,15.887212328612804,-1566244.9814057648,-1784328.9804349514,0.0,-444182.5777137971,-459278.6312180633,54.509066797322696,772.1485757298733,10.391576659865676,-1863637.989,42.93632,1.4178210775727795,False
45,XPhos,1.25,150,7.69662566925399,10.560027488740161,-1545777.209824261,-1763861.3369689411,0.0,-444180.2164438071,-459274.68163209327,34235103.24672241,369433.0027578095,10.609905860153958,-1843162.934,42.93541,1.8240202236704957,False
70,AmPhos,1.25,600,7.762775676324964,5.877477371133864,-1448656.0482858298,-1666737.966152879,0.0,-444182.1795447971,-459277.9604423933,81353224.64325193,1291453215.3480983,10.094754140125588,-1746036.928,42.86445,2.1224909929624247,False
70,AmPhos,1.25,900,7.762775676324964,5.877477371133864,-1448656.0482858298,-1666737.966152879,0.0,-444182.1795447971,-459277.9604423933,81353224.64325193,1291453215.3480983,10.094754140125588,-1746036.928,42.86445,2.5112641885882905,False
35,XPhos,1.25,600,7.205059269443154,10.535560468910262,-1545774.637870391,-1763858.081225031,0.0,-444179.4442134271,-459273.4054358833,49848957.4961628,216578.80345824358,10.599905860377476,-1843159.935,42.8574,1.723446297244243,False
35,XPhos,1.25,900,7.205059269443154,10.535560468910262,-1545774.637870391,-1763858.081225031,0.0,-444179.4442134271,-459273.4054358833,49848957.4961628,216578.80345824358,10.599905860377476,-1843159.935,42.8574,2.204516130988574,False
75,SPhos,0.5,900,13.820868277689442,13.180852883961052,-1467644.4278505563,-1685724.585532086,0.0,-444182.5777137971,-459278.6312180633,15304.132406130759,38598.11542629718,11.293033209862188,-1765034.37,42.84599,1.8334260807067415,False
75,SPhos,0.5,600,13.820868277689442,13.180852883961052,-1467644.4278505563,-1685724.585532086,0.0,-444182.5777137971,-459278.6312180633,15304.132406130759,38598.11542629718,11.293033209862188,-1765034.37,42.84599,1.2458424047046464,False
85,SPhos,0.5,900,14.247037447988987,13.204988334095106,-1467646.9046362662,-1685727.764741156,0.0,-444183.3795727971,-459279.9876584633,15111.10057723826,65336.88196050108,11.3030332098715,-1765037.254,42.83402,1.7888252639101352,False
85,SPhos,0.5,600,14.247037447988987,13.204988334095106,-1467646.9046362662,-1685727.764741156,0.0,-444183.3795727971,-459279.9876584633,15111.10057723826,65336.88196050108,11.3030332098715,-1765037.254,42.83402,1.181861069099622,False
75,SPhos,0.5,300,13.820868277689442,13.180852883961052,-1467644.4278505563,-1685724.585532086,0.0,-444182.5777137971,-459278.6312180633,15304.132406130759,38598.11542629718,11.293033209862188,-1765034.37,42.72856,1.5178991801256432,False
60,SPhos,0.5,60,13.18158100778237,13.143891653977334,-1467640.8002475863,-1685719.943252726,0.0,-444181.3887453471,-459276.6338575833,15646.807475190615,16563.409464430657,11.263033210067078,-1765030.156,42.519394,1.8101312263573945,False
75,SPhos,0.5,60,13.820868277689442,13.180852883961052,-1467644.4278505563,-1685724.585532086,0.0,-444182.5777137971,-459278.6312180633,15304.132406130759,38598.11542629718,11.293033209862188,-1765034.37,42.50205,1.5826982480788525,False
105,PCy3,5.0,600,7.948321542236954,15.555563907371834,-1181212.120372024,-1399293.653224585,0.0,-444185.0052725071,-459282.7596657633,200868825.2077691,8062.205049708938,11.570260799955577,-1478602.071,42.49928,4.285539128122133,True
105,PCy3,5.0,900,7.948321542236954,15.555563907371834,-1181212.120372024,-1399293.653224585,0.0,-444185.0052725071,-459282.7596657633,200868825.2077691,8062.205049708938,11.570260799955577,-1478602.071,42.49928,4.588583174301047,True
65,SPhos,0.5,60,13.394682527985424,13.15631785406731,-1467641.9977544062,-1685721.473774886,0.0,-444181.7832208271,-459277.2946503733,15524.836823935068,22135.065991421005,11.283033209620044,-1765031.545,42.444042,1.7275171715913136,False
90,SPhos,0.5,900,14.460117997834459,13.216914504067972,-1467648.1605042263,-1685729.379576646,0.0,-444183.7832555871,-459280.6732924233,15023.872109372905,84128.7676441272,11.323033209890127,-1765038.719,42.425873,1.7907623019894376,False
90,SPhos,0.5,600,14.460117997834459,13.216914504067972,-1467648.1605042263,-1685729.379576646,0.0,-444183.7832555871,-459280.6732924233,15023.872109372905,84128.7676441272,11.323033209890127,-1765038.719,42.425873,1.1752591947335977,False
80,SPhos,0.5,150,14.033954487647861,13.192968864226714,-1467645.6604138464,-1685726.1667177258,0.0,-444182.9777243271,-459279.3069618933,15204.384540511206,50397.28006129014,11.3030332098715,-1765035.804,42.384705,1.4407847828253062,False
65,SPhos,0.5,300,13.394682527985424,13.15631785406731,-1467641.9977544062,-1685721.473774886,0.0,-444181.7832208271,-459277.2946503733,15524.836823935068,22135.065991421005,11.283033209620044,-1765031.545,42.378075,1.6274534627843693,False
85,SPhos,0.5,60,14.247037447988987,13.204988334095106,-1467646.9046362662,-1685727.764741156,0.0,-444183.3795727971,-459279.9876584633,15111.10057723826,65336.88196050108,11.3030332098715,-1765037.254,42.08011,1.4845373898355212,False
75,PCy3,2.5,900,6.551999532151967,15.690463187173009,-1181206.004193984,-1399285.0363275053,0.0,-444182.5777137971,-459278.6312180633,559373170.3764096,1026.139425499056,11.52026079990901,-1478594.535,42.0759,3.1609929342898284,True
75,PCy3,2.5,600,6.551999532151967,15.690463187173009,-1181206.004193984,-1399285.0363275053,0.0,-444182.5777137971,-459278.6312180633,559373170.3764096,1026.139425499056,11.52026079990901,-1478594.535,42.0759,2.7512081640107517,True
85,SPhos,0.5,300,14.247037447988987,13.204988334095106,-1467646.9046362662,-1685727.764741156,0.0,-444183.3795727971,-459279.9876584633,15111.10057723826,65336.88196050108,11.3030332098715,-1765037.254,42.051533,1.4536475863389873,False
65,SPhos,0.5,600,13.394682527985424,13.15631785406731,-1467641.9977544062,-1685721.473774886,0.0,-444181.7832208271,-459277.2946503733,15524.836823935068,22135.065991421005,11.283033209620044,-1765031.545,42.00861,1.3761133233249185,False
65,SPhos,0.5,900,13.394682527985424,13.15631785406731,-1467641.9977544062,-1685721.473774886,0.0,-444181.7832208271,-459277.2946503733,15524.836823935068,22135.065991421005,11.283033209620044,-1765031.545,42.00861,1.931934817632135,False
65,SPhos,0.5,150,13.394682527985424,13.15631785406731,-1467641.9977544062,-1685721.473774886,0.0,-444181.7832208271,-459277.2946503733,15524.836823935068,22135.065991421005,11.283033209620044,-1765031.545,42.00266,1.644510233368445,False
80,PCy3,2.5,900,6.784874092321843,15.668234297074378,-1181207.0008658338,-1399286.4366722952,0.0,-444182.9777243271,-459279.3069618933,465600155.4395874,1481.173254296473,11.530260799918324,-1478595.76,41.935947,3.01626663726264,True
80,PCy3,2.5,600,6.784874092321843,15.668234297074378,-1181207.0008658338,-1399286.4366722952,0.0,-444182.9777243271,-459279.3069618933,465600155.4395874,1481.173254296473,11.530260799918324,-1478595.76,41.935947,2.5591779128361916,False
75,SPhos,0.5,150,13.820868277689442,13.180852883961052,-1467644.4278505563,-1685724.585532086,0.0,-444182.5777137971,-459278.6312180633,15304.132406130759,38598.11542629718,11.293033209862188,-1765034.37,41.890785,1.4991360523115806,False
60,SPhos,0.5,150,13.18158100778237,13.143891653977334,-1467640.8002475863,-1685719.943252726,0.0,-444181.3887453471,-459276.6338575833,15646.807475190615,16563.409464430657,11.263033210067078,-1765030.156,41.83634,1.7315055628718028,False
85,PCy3,2.5,900,7.01768529205583,15.645899317227304,-1181208.006616904,-1399287.8513611152,0.0,-444183.3795727971,-459279.9876584633,389649490.539178,2116.924138753408,11.530260799452662,-1478596.997,41.83287,2.897182991650555,True
85,PCy3,2.5,600,7.01768529205583,15.645899317227304,-1181208.006616904,-1399287.8513611152,0.0,-444183.3795727971,-459279.9876584633,389649490.539178,2116.924138753408,11.530260799452662,-1478596.997,41.83287,2.400447866128367,False
90,PCy3,5.0,900,7.250434421934187,15.623461617389694,-1181209.021445404,-1399289.280377695,0.0,-444183.7832555871,-459280.6732924233,327782387.80955976,2996.947120354819,11.540260799927635,-1478598.247,41.59147,4.638106812645313,True
90,PCy3,5.0,600,7.250434421934187,15.623461617389694,-1181209.021445404,-1399289.280377695,0.0,-444183.7832555871,-459280.6732924233,327782387.80955976,2996.947120354819,11.540260799927635,-1478598.247,41.59147,4.359173489856574,True
90,SPhos,0.5,300,14.460117997834459,13.216914504067972,-1467648.1605042263,-1685729.379576646,0.0,-444183.7832555871,-459280.6732924233,15023.872109372905,84128.7676441272,11.323033209890127,-1765038.719,41.56997,1.409595787871675,False
110,PCy3,1.25,60,8.180834452155977,15.532746417215094,-1181213.171484714,-1399295.1393802152,0.0,-444185.4162548871,-459283.4648965533,172162836.98092988,11027.85059731747,11.58026079996489,-1478603.371,41.515064,2.063864970113893,False
85,SPhos,0.5,150,14.247037447988987,13.204988334095106,-1467646.9046362662,-1685727.764741156,0.0,-444183.3795727971,-459279.9876584633,15111.10057723826,65336.88196050108,11.3030332098715,-1765037.254,41.46846,1.4033591710154858,False
90,SPhos,0.5,60,14.460117997834459,13.216914504067972,-1467648.1605042263,-1685729.379576646,0.0,-444183.7832555871,-459280.6732924233,15023.872109372905,84128.7676441272,11.323033209890127,-1765038.719,41.43219,1.457572923995348,False
100,PCy3,5.0,600,7.715751342009753,15.578290867153555,-1181211.078325714,-1399292.1813268852,0.0,-444184.5961092371,-459282.0593113233,235391606.64992365,5846.569732551803,11.560260799713433,-1478600.784,41.343002,4.296326332675841,True
100,PCy3,5.0,900,7.715751342009753,15.578290867153555,-1181211.078325714,-1399292.1813268852,0.0,-444184.5961092371,-459282.0593113233,235391606.64992365,5846.569732551803,11.560260799713433,-1478600.784,41.343002,4.591719432838913,True
95,PCy3,5.0,900,7.483122691977769,15.600924426922575,-1181210.045349194,-1399290.7237053553,0.0,-444184.1887689871,-459281.3638484633,277111197.40086144,4204.286100471907,11.55026079993695,-1478599.509,41.340416,4.607501458198172,True
95,PCy3,5.0,600,7.483122691977769,15.600924426922575,-1181210.045349194,-1399290.7237053553,0.0,-444184.1887689871,-459281.3638484633,277111197.40086144,4204.286100471907,11.55026079993695,-1478599.509,41.340416,4.320160792455053,True
110,PPh3,2.5,300,8.251396073726937,8.552990769036114,-1174573.1794603218,-1392660.014206871,0.0,-444185.4162548871,-459283.4648965533,156924895.8507118,105600409.10840687,8.780080769909546,-1471963.799,41.208782,2.017608001482169,False
75,PCy3,2.5,300,6.551999532151967,15.690463187173009,-1181206.004193984,-1399285.0363275053,0.0,-444182.5777137971,-459278.6312180633,559373170.3764096,1026.139425499056,11.52026079990901,-1478594.535,41.101894,2.567625337956853,False
105,PCy3,5.0,300,7.948321542236954,15.555563907371834,-1181212.120372024,-1399293.653224585,0.0,-444185.0052725071,-459282.7596657633,200868825.2077691,8062.205049708938,11.570260799955577,-1478602.071,40.99589,4.233567918361384,True
40,XPhos,1.25,60,7.450894719455391,10.547870988957584,-1545775.9168041209,-1763859.699289771,0.0,-444179.8293960271,-459274.0409944233,41178381.13198226,283999.92187293305,10.609905859921128,-1843161.426,40.985264,2.0346581881249786,False
110,PPh3,2.5,900,8.251396073726937,8.552990769036114,-1174573.1794603218,-1392660.014206871,0.0,-444185.4162548871,-459283.4648965533,156924895.8507118,105600409.10840687,8.780080769909546,-1471963.799,40.948658,2.8771452538854403,True
110,PPh3,2.5,600,8.251396073726937,8.552990769036114,-1174573.1794603218,-1392660.014206871,0.0,-444185.4162548871,-459283.4648965533,156924895.8507118,105600409.10840687,8.780080769909546,-1471963.799,40.948658,2.1316635384712197,False
60,XPhos,0.5,60,8.433208599220961,10.595615619095042,-1545781.173284071,-1763866.367414081,0.0,-444181.3887453471,-459276.6338575833,20385939.46772613,777685.7865245574,10.629905860172585,-1843167.563,40.94857,1.7732850272515683,False
60,XPhos,0.5,150,8.433208599220961,10.595615619095042,-1545781.173284071,-1763866.367414081,0.0,-444181.3887453471,-459276.6338575833,20385939.46772613,777685.7865245574,10.629905860172585,-1843167.563,40.908653,1.7249339259405985,False
40,XPhos,1.25,150,7.450894719455391,10.547870988957584,-1545775.9168041209,-1763859.699289771,0.0,-444179.8293960271,-459274.0409944233,41178381.13198226,283999.92187293305,10.609905859921128,-1843161.426,40.868793,1.9523613637599546,False
65,XPhos,0.5,300,8.678538459120318,10.607197948964313,-1545782.522531551,-1763868.0832728911,0.0,-444181.7832208271,-459277.2946503733,17339836.606374804,983021.4326668129,10.639905860181898,-1843169.141,40.867714,1.5607629445984403,False
105,PCy3,2.5,60,7.948321542236954,15.555563907371834,-1181212.120372024,-1399293.653224585,0.0,-444185.0052725071,-459282.7596657633,200868825.2077691,8062.205049708938,11.570260799955577,-1478602.071,40.86672,2.1062461647142237,False
90,SPhos,0.5,150,14.460117997834459,13.216914504067972,-1467648.1605042263,-1685729.379576646,0.0,-444183.7832555871,-459280.6732924233,15023.872109372905,84128.7676441272,11.323033209890127,-1765038.719,40.849693,1.3776759560461567,False
65,AmPhos,1.25,150,7.760473346104845,5.876879281131551,-1448654.7100639,-1666736.252011119,0.0,-444181.7832208271,-459277.2946503733,67980668.4732043,1121351862.5124516,10.084754140116274,-1746035.369,40.821583,2.2427129045998195,False
65,AmPhos,1.25,60,7.760473346104845,5.876879281131551,-1448654.7100639,-1666736.252011119,0.0,-444181.7832208271,-459277.2946503733,67980668.4732043,1121351862.5124516,10.084754140116274,-1746035.369,40.802105,2.265447095597292,False
80,PCy3,2.5,300,6.784874092321843,15.668234297074378,-1181207.0008658338,-1399286.4366722952,0.0,-444182.9777243271,-459279.3069618933,465600155.4395874,1481.173254296473,11.530260799918324,-1478595.76,40.78255,2.3747181679294633,False
85,PCy3,2.5,300,7.01768529205583,15.645899317227304,-1181208.006616904,-1399287.8513611152,0.0,-444183.3795727971,-459279.9876584633,389649490.539178,2116.924138753408,11.530260799452662,-1478596.997,40.606617,2.2250208964566047,False
90,PCy3,2.5,60,7.250434421934187,15.623461617389694,-1181209.021445404,-1399289.280377695,0.0,-444183.7832555871,-459280.6732924233,327782387.80955976,2996.947120354819,11.540260799927635,-1478598.247,40.558224,2.319685722591312,False
65,XPhos,0.5,600,8.678538459120318,10.607197948964313,-1545782.522531551,-1763868.0832728911,0.0,-444181.7832208271,-459277.2946503733,17339836.606374804,983021.4326668129,10.639905860181898,-1843169.141,40.55767,1.2916995384534709,False
65,XPhos,0.5,900,8.678538459120318,10.607197948964313,-1545782.522531551,-1763868.0832728911,0.0,-444181.7832208271,-459277.2946503733,17339836.606374804,983021.4326668129,10.639905860181898,-1843169.141,40.55767,1.8726291045060819,False
35,XPhos,1.25,60,7.205059269443154,10.535560468910262,-1545774.637870391,-1763858.081225031,0.0,-444179.4442134271,-459273.4054358833,49848957.4961628,216578.80345824358,10.599905860377476,-1843159.935,40.536663,2.15802469368729,False
95,SPhos,0.5,900,14.67319693788886,13.228750424226746,-1467649.4280038362,-1685731.0111979658,0.0,-444184.1887689871,-459281.3638484633,14942.323068252126,107617.60795195767,11.333033210132273,-1765040.199,40.41527,1.8052490377116606,False
95,SPhos,0.5,600,14.67319693788886,13.228750424226746,-1467649.4280038362,-1685731.0111979658,0.0,-444184.1887689871,-459281.3638484633,14942.323068252126,107617.60795195767,11.333033210132273,-1765040.199,40.41527,1.1786219469910313,False
35,XPhos,1.25,150,7.205059269443154,10.535560468910262,-1545774.637870391,-1763858.081225031,0.0,-444179.4442134271,-459273.4054358833,49848957.4961628,216578.80345824358,10.599905860377476,-1843159.935,40.412632,2.069319908392573,False
90,PCy3,5.0,300,7.250434421934187,15.623461617389694,-1181209.021445404,-1399289.280377695,0.0,-444183.7832555871,-459280.6732924233,327782387.80955976,2996.947120354819,11.540260799927635,-1478598.247,40.40876,4.269726054174839,True
110,PCy3,1.25,150,8.180834452155977,15.532746417215094,-1181213.171484714,-1399295.1393802152,0.0,-444185.4162548871,-459283.4648965533,172162836.98092988,11027.85059731747,11.58026079996489,-1478603.371,40.38303,1.924257320020228,False
95,PCy3,2.5,60,7.483122691977769,15.600924426922575,-1181210.045349194,-1399290.7237053553,0.0,-444184.1887689871,-459281.3638484633,277111197.40086144,4204.286100471907,11.55026079993695,-1478599.509,40.23273,2.228663873974085,False
100,PCy3,2.5,60,7.715751342009753,15.578290867153555,-1181211.078325714,-1399292.1813268852,0.0,-444184.5961092371,-459282.0593113233,235391606.64992365,5846.569732551803,11.560260799713433,-1478600.784,40.16579,2.1584626419203334,False
110,PPh3,5.0,300,8.251396073726937,8.552990769036114,-1174573.1794603218,-1392660.014206871,0.0,-444185.4162548871,-459283.4648965533,156924895.8507118,105600409.10840687,8.780080769909546,-1471963.799,40.157097,4.295623725048953,True
95,PCy3,5.0,300,7.483122691977769,15.600924426922575,-1181210.045349194,-1399290.7237053553,0.0,-444184.1887689871,-459281.3638484633,277111197.40086144,4204.286100471907,11.55026079993695,-1478599.509,40.13054,4.242907648386025,True
50,AmPhos,1.25,150,7.754156986018643,5.875046501168981,-1448650.77709863,-1666731.2235613689,0.0,-444180.6053534971,-459275.3273325533,38383069.23278182,716096083.7670836,10.04475413984619,-1746030.794,40.04981,2.425168286226468,False
55,AmPhos,1.25,150,7.756164186168462,5.8756661312654614,-1448652.0744399698,-1666732.8806698287,0.0,-444180.9961217871,-459275.9780797033,46706255.88842986,835155187.8327554,10.074754140339792,-1746032.302,40.04981,2.354235164439678,False
55,AmPhos,1.25,60,7.756164186168462,5.8756661312654614,-1448652.0744399698,-1666732.8806698287,0.0,-444180.9961217871,-459275.9780797033,46706255.88842986,835155187.8327554,10.074754140339792,-1746032.302,40.03412,2.405749396491847,False
50,AmPhos,1.25,60,7.754156986018643,5.875046501168981,-1448650.77709863,-1666731.2235613689,0.0,-444180.6053534971,-459275.3273325533,38383069.23278182,716096083.7670836,10.04475413984619,-1746030.794,40.03412,2.4783681265858797,False
45,RuPhos,2.5,60,16.26429867511615,15.859859028831124,-1566237.316443875,-1784319.057271141,0.0,-444180.2164438071,-459274.68163209327,44.58018238049175,84.52022587669069,10.341576659819111,-1863628.911,40.015793,1.828074056049779,False
110,PPh3,5.0,600,8.251396073726937,8.552990769036114,-1174573.1794603218,-1392660.014206871,0.0,-444185.4162548871,-459283.4648965533,156924895.8507118,105600409.10840687,8.780080769909546,-1471963.799,39.955536,4.324665017343606,True
110,PPh3,5.0,900,8.251396073726937,8.552990769036114,-1174573.1794603218,-1392660.014206871,0.0,-444185.4162548871,-459283.4648965533,156924895.8507118,105600409.10840687,8.780080769909546,-1471963.799,39.955536,4.5586614431900685,True
100,PCy3,5.0,300,7.715751342009753,15.578290867153555,-1181211.078325714,-1399292.1813268852,0.0,-444184.5961092371,-459282.0593113233,235391606.64992365,5846.569732551803,11.560260799713433,-1478600.784,39.953182,4.231613532909185,True
65,RuPhos,0.5,60,17.235776415094733,15.877601468469948,-1566242.372556655,-1784325.5981021514,0.0,-444181.7832208271,-459277.2946503733,51.11509875487143,385.77155136926723,10.371576660079882,-1863634.895,39.903606,1.7195378467792402,False
95,SPhos,0.5,60,14.67319693788886,13.228750424226746,-1467649.4280038362,-1685731.0111979658,0.0,-444184.1887689871,-459281.3638484633,14942.323068252126,107617.60795195767,11.333033210132273,-1765040.199,39.77557,1.4502067872410631,False
45,SPhos,2.5,900,12.542228757869452,13.105931923957542,-1467637.2780460464,-1685715.453401906,0.0,-444180.2164438071,-459274.68163209327,16066.322263283877,6587.1253088950925,11.24303320958279,-1765026.079,39.694054,1.8496694947393917,False
45,SPhos,2.5,600,12.542228757869452,13.105931923957542,-1467637.2780460464,-1685715.453401906,0.0,-444180.2164438071,-459274.68163209327,16066.322263283877,6587.1253088950925,11.24303320958279,-1765026.079,39.694054,1.2371707084597312,False
95,SPhos,0.5,300,14.67319693788886,13.228750424226746,-1467649.4280038362,-1685731.0111979658,0.0,-444184.1887689871,-459281.3638484633,14942.323068252126,107617.60795195767,11.333033210132273,-1765040.199,39.63434,1.3684009661132341,False
70,AmPhos,1.25,150,7.762775676324964,5.877477371133864,-1448656.0482858298,-1666737.966152879,0.0,-444182.1795447971,-459277.9604423933,81353224.64325193,1291453215.3480983,10.094754140125588,-1746036.928,39.58853,2.184777447734777,False
70,RuPhos,0.5,60,17.47850149520673,15.882344998652115,-1566243.670259825,-1784327.2799639814,0.0,-444182.1795447971,-459277.9604423933,52.80176677382637,548.5351642055222,10.381576659623532,-1863636.434,39.575535,1.6387704075768448,False
70,AmPhos,1.25,60,7.762775676324964,5.877477371133864,-1448656.0482858298,-1666737.966152879,0.0,-444182.1795447971,-459277.9604423933,81353224.64325193,1291453215.3480983,10.094754140125588,-1746036.928,39.468357,2.2040517751498903,False
75,PCy3,5.0,600,6.551999532151967,15.690463187173009,-1181206.004193984,-1399285.0363275053,0.0,-444182.5777137971,-459278.6312180633,559373170.3764096,1026.139425499056,11.52026079990901,-1478594.535,39.22143,4.562495177013759,True
75,PCy3,5.0,900,6.551999532151967,15.690463187173009,-1181206.004193984,-1399285.0363275053,0.0,-444182.5777137971,-459278.6312180633,559373170.3764096,1026.139425499056,11.52026079990901,-1478594.535,39.22143,4.834544213650757,True
110,AmPhos,0.5,300,7.784746726276353,5.88231805106625,-1448667.23999876,-1666752.3566641689,0.0,-444185.4162548871,-459283.4648965533,289643261.4012489,3523607405.513924,10.16475414019078,-1746050.006,39.184505,2.2030038015857434,False
70,SPhos,0.5,60,13.607777937548235,13.16863704379648,-1467643.2069597065,-1685723.021209516,0.0,-444182.1795447971,-459277.9604423933,15410.788400654232,29342.949985527997,11.293033210095018,-1765032.95,39.067066,1.6495192197812727,False
45,RuPhos,2.5,900,16.26429867511615,15.859859028831124,-1566237.316443875,-1784319.057271141,0.0,-444180.2164438071,-459274.68163209327,44.58018238049175,84.52022587669069,10.341576659819111,-1863628.911,39.06123,2.023062919987016,False
45,RuPhos,2.5,600,16.26429867511615,15.859859028831124,-1566237.316443875,-1784319.057271141,0.0,-444180.2164438071,-459274.68163209327,44.58018238049175,84.52022587669069,10.341576659819111,-1863628.911,39.06123,1.4685611483593586,False
80,PCy3,5.0,900,6.784874092321843,15.668234297074378,-1181207.0008658338,-1399286.4366722952,0.0,-444182.9777243271,-459279.3069618933,465600155.4395874,1481.173254296473,11.530260799918324,-1478595.76,39.00864,4.750018124287399,True
80,PCy3,5.0,600,6.784874092321843,15.668234297074378,-1181207.0008658338,-1399286.4366722952,0.0,-444182.9777243271,-459279.3069618933,465600155.4395874,1481.173254296473,11.530260799918324,-1478595.76,39.00864,4.476050641388605,True
65,RuPhos,0.5,150,17.235776415094733,15.877601468469948,-1566242.372556655,-1784325.5981021514,0.0,-444181.7832208271,-459277.2946503733,51.11509875487143,385.77155136926723,10.371576660079882,-1863634.895,38.998272,1.6221628237954913,False
45,SPhos,2.5,300,12.542228757869452,13.105931923957542,-1467637.2780460464,-1685715.453401906,0.0,-444180.2164438071,-459274.68163209327,16066.322263283877,6587.1253088950925,11.24303320958279,-1765026.079,38.91045,1.2041322086957764,False
85,PCy3,5.0,900,7.01768529205583,15.645899317227304,-1181208.006616904,-1399287.8513611152,0.0,-444183.3795727971,-459279.9876584633,389649490.539178,2116.924138753408,11.530260799452662,-1478596.997,38.905563,4.686733557817456,True
85,PCy3,5.0,600,7.01768529205583,15.645899317227304,-1181208.006616904,-1399287.8513611152,0.0,-444183.3795727971,-459279.9876584633,389649490.539178,2116.924138753408,11.530260799452662,-1478596.997,38.905563,4.411232401632485,True
70,SPhos,0.5,300,13.607777937548235,13.16863704379648,-1467643.2069597065,-1685723.021209516,0.0,-444182.1795447971,-459277.9604423933,15410.788400654232,29342.949985527997,11.293033210095018,-1765032.95,38.886986,1.5630727161884186,False
95,SPhos,0.5,150,14.67319693788886,13.228750424226746,-1467649.4280038362,-1685731.0111979658,0.0,-444184.1887689871,-459281.3638484633,14942.323068252126,107617.60795195767,11.333033210132273,-1765040.199,38.866882,1.3671814127137,False
45,RuPhos,2.5,300,16.26429867511615,15.859859028831124,-1566237.316443875,-1784319.057271141,0.0,-444180.2164438071,-459274.68163209327,44.58018238049175,84.52022587669069,10.341576659819111,-1863628.911,38.859047,1.7410749499775804,False
110,AmPhos,0.5,900,7.784746726276353,5.88231805106625,-1448667.23999876,-1666752.3566641689,0.0,-444185.4162548871,-459283.4648965533,289643261.4012489,3523607405.513924,10.16475414019078,-1746050.006,38.854767,2.8248562971477438,True
110,AmPhos,0.5,600,7.784746726276353,5.88231805106625,-1448667.23999876,-1666752.3566641689,0.0,-444185.4162548871,-459283.4648965533,289643261.4012489,3523607405.513924,10.16475414019078,-1746050.006,38.854767,2.3361137099705007,False
70,XPhos,0.5,300,8.923772109439597,10.618646398885176,-1545783.885806721,-1763869.818607581,0.0,-444182.1795447971,-459277.9604423933,14823896.293929443,1234625.425724327,10.649905860191213,-1843170.736,38.78231,1.4433019483733973,False
70,SPhos,0.5,600,13.607777937548235,13.16863704379648,-1467643.2069597065,-1685723.021209516,0.0,-444182.1795447971,-459277.9604423933,15410.788400654232,29342.949985527997,11.293033210095018,-1765032.95,38.782104,1.3065346740165604,False
70,SPhos,0.5,900,13.607777937548235,13.16863704379648,-1467643.2069597065,-1685723.021209516,0.0,-444182.1795447971,-459277.9604423933,15410.788400654232,29342.949985527997,11.293033210095018,-1765032.95,38.782104,1.8795106440150515,False
70,RuPhos,0.5,900,17.47850149520673,15.882344998652115,-1566243.670259825,-1784327.2799639814,0.0,-444182.1795447971,-459277.9604423933,52.80176677382637,548.5351642055222,10.381576659623532,-1863636.434,38.773914,2.503342491394472,False
70,RuPhos,0.5,600,17.47850149520673,15.882344998652115,-1566243.670259825,-1784327.2799639814,0.0,-444182.1795447971,-459277.9604423933,52.80176677382637,548.5351642055222,10.381576659623532,-1863636.434,38.773914,1.9788986378080657,False
65,RuPhos,0.5,600,17.235776415094733,15.877601468469948,-1566242.372556655,-1784325.5981021514,0.0,-444181.7832208271,-459277.2946503733,51.11509875487143,385.77155136926723,10.371576660079882,-1863634.895,38.673355,2.022770855557679,False
65,RuPhos,0.5,900,17.235776415094733,15.877601468469948,-1566242.372556655,-1784325.5981021514,0.0,-444181.7832208271,-459277.2946503733,51.11509875487143,385.77155136926723,10.371576660079882,-1863634.895,38.673355,2.5267155006849658,False
70,RuPhos,0.5,150,17.47850149520673,15.882344998652115,-1566243.670259825,-1784327.2799639814,0.0,-444182.1795447971,-459277.9604423933,52.80176677382637,548.5351642055222,10.381576659623532,-1863636.434,38.640392,1.5159358592898582,False
70,RuPhos,0.5,300,17.47850149520673,15.882344998652115,-1566243.670259825,-1784327.2799639814,0.0,-444182.1795447971,-459277.9604423933,52.80176677382637,548.5351642055222,10.381576659623532,-1863636.434,38.6193,1.516172344515062,False
65,RuPhos,0.5,300,17.235776415094733,15.877601468469948,-1566242.372556655,-1784325.5981021514,0.0,-444181.7832208271,-459277.2946503733,51.11509875487143,385.77155136926723,10.371576660079882,-1863634.895,38.61428,1.6314577344772574,False
105,PCy3,2.5,150,7.948321542236954,15.555563907371834,-1181212.120372024,-1399293.653224585,0.0,-444185.0052725071,-459282.7596657633,200868825.2077691,8062.205049708938,11.570260799955577,-1478602.071,38.612843,2.008956769915572,False
70,XPhos,0.5,900,8.923772109439597,10.618646398885176,-1545783.885806721,-1763869.818607581,0.0,-444182.1795447971,-459277.9604423933,14823896.293929443,1234625.425724327,10.649905860191213,-1843170.736,38.60135,1.8343308991420162,False
70,XPhos,0.5,600,8.923772109439597,10.618646398885176,-1545783.885806721,-1763869.818607581,0.0,-444182.1795447971,-459277.9604423933,14823896.293929443,1234625.425724327,10.649905860191213,-1843170.736,38.60135,1.2350644174700403,False
70,SPhos,0.5,150,13.607777937548235,13.16863704379648,-1467643.2069597065,-1685723.021209516,0.0,-444182.1795447971,-459277.9604423933,15410.788400654232,29342.949985527997,11.293033210095018,-1765032.95,38.525642,1.5724758369410572,False
90,PCy3,2.5,150,7.250434421934187,15.623461617389694,-1181209.021445404,-1399289.280377695,0.0,-444183.7832555871,-459280.6732924233,327782387.80955976,2996.947120354819,11.540260799927635,-1478598.247,38.458748,2.1922971922392334,False
100,SPhos,0.5,900,14.886274977819994,13.240499064093456,-1467650.7071208763,-1685732.659578356,0.0,-444184.5961092371,-459282.0593113233,14866.107744963463,136800.11328444284,11.343033209675925,-1765041.694,38.422863,1.8252385744422184,False
100,SPhos,0.5,600,14.886274977819994,13.240499064093456,-1467650.7071208763,-1685732.659578356,0.0,-444184.5961092371,-459282.0593113233,14866.107744963463,136800.11328444284,11.343033209675925,-1765041.694,38.422863,1.1824304388296145,False
55,XPhos,0.5,300,8.187780949519947,10.58389568910934,-1545779.838075951,-1763864.671058781,0.0,-444180.9961217871,-459275.9780797033,24094769.888408706,611132.4008760914,10.639905859716237,-1843166.002,38.384426,1.749516133675201,False
75,PCy3,5.0,300,6.551999532151967,15.690463187173009,-1181206.004193984,-1399285.0363275053,0.0,-444182.5777137971,-459278.6312180633,559373170.3764096,1026.139425499056,11.52026079990901,-1478594.535,38.29097,4.486235556315777,True
65,XPhos,0.5,60,8.678538459120318,10.607197948964313,-1545782.522531551,-1763868.0832728911,0.0,-444181.7832208271,-459277.2946503733,17339836.606374804,983021.4326668129,10.639905860181898,-1843169.141,38.282272,1.6285103862490267,False
75,PCy3,2.5,60,6.551999532151967,15.690463187173009,-1181206.004193984,-1399285.0363275053,0.0,-444182.5777137971,-459278.6312180633,559373170.3764096,1026.139425499056,11.52026079990901,-1478594.535,38.160763,2.768737724653538,True
65,XPhos,0.5,150,8.678538459120318,10.607197948964313,-1545782.522531551,-1763868.0832728911,0.0,-444181.7832208271,-459277.2946503733,17339836.606374804,983021.4326668129,10.639905860181898,-1843169.141,38.160534,1.5736438037222162,False
100,SPhos,0.5,60,14.886274977819994,13.240499064093456,-1467650.7071208763,-1685732.659578356,0.0,-444184.5961092371,-459282.0593113233,14866.107744963463,136800.11328444284,11.343033209675925,-1765041.694,38.123596,1.450661555665809,False
95,PCy3,2.5,150,7.483122691977769,15.600924426922575,-1181210.045349194,-1399290.7237053553,0.0,-444184.1887689871,-459281.3638484633,277111197.40086144,4204.286100471907,11.55026079993695,-1478599.509,38.089497,2.1038686328726977,False
55,XPhos,0.5,900,8.187780949519947,10.58389568910934,-1545779.838075951,-1763864.671058781,0.0,-444180.9961217871,-459275.9780797033,24094769.888408706,611132.4008760914,10.639905859716237,-1843166.002,38.071598,1.9863245011277246,False
55,XPhos,0.5,600,8.187780949519947,10.58389568910934,-1545779.838075951,-1763864.671058781,0.0,-444180.9961217871,-459275.9780797033,24094769.888408706,611132.4008760914,10.639905859716237,-1843166.002,38.071598,1.4369090172797718,False
50,XPhos,0.5,300,7.942253849236295,10.572034328710288,-1545778.516918801,-1763862.9942345212,0.0,-444180.6053534971,-459275.3273325533,28637221.192870367,476897.9772667636,10.61990585946478,-1843164.459,38.046864,1.8322746021031158,False
60,RuPhos,0.5,60,16.992994485190138,15.872981488937512,-1566241.088310005,-1784323.934875901,0.0,-444181.3887453471,-459276.6338575833,49.449330686394546,268.46180252961466,10.361576659837738,-1863633.374,38.01118,1.8158285389329634,False
105,SPhos,0.5,900,15.09935283777304,13.252163224155083,-1467651.9978407663,-1685734.324690526,0.0,-444185.0052725071,-459282.7596657633,14794.90599541967,172846.1644215903,11.343033209908754,-1765043.205,38.00326,1.861847123970683,False
105,SPhos,0.5,600,15.09935283777304,13.252163224155083,-1467651.9978407663,-1685734.324690526,0.0,-444185.0052725071,-459282.7596657633,14794.90599541967,172846.1644215903,11.343033209908754,-1765043.205,38.00326,1.2006858661849984,False
45,SPhos,5.0,600,12.542228757869452,13.105931923957542,-1467637.2780460464,-1685715.453401906,0.0,-444180.2164438071,-459274.68163209327,16066.322263283877,6587.1253088950925,11.24303320958279,-1765026.079,37.918175,3.6905833943217785,True
45,SPhos,5.0,900,12.542228757869452,13.105931923957542,-1467637.2780460464,-1685715.453401906,0.0,-444180.2164438071,-459274.68163209327,16066.322263283877,6587.1253088950925,11.24303320958279,-1765026.079,37.918175,3.924909140445751,True
105,SPhos,0.5,60,15.09935283777304,13.252163224155083,-1467651.9978407663,-1685734.324690526,0.0,-444185.0052725071,-459282.7596657633,14794.90599541967,172846.1644215903,11.343033209908754,-1765043.205,37.916218,1.4704471020071215,False
100,PCy3,2.5,150,7.715751342009753,15.578290867153555,-1181211.078325714,-1399292.1813268852,0.0,-444184.5961092371,-459282.0593113233,235391606.64992365,5846.569732551803,11.560260799713433,-1478600.784,37.911915,2.0420412032158386,False
80,PCy3,5.0,300,6.784874092321843,15.668234297074378,-1181207.0008658338,-1399286.4366722952,0.0,-444182.9777243271,-459279.3069618933,465600155.4395874,1481.173254296473,11.530260799918324,-1478595.76,37.89879,4.385501527877922,True
45,RuPhos,2.5,150,16.26429867511615,15.859859028831124,-1566237.316443875,-1784319.057271141,0.0,-444180.2164438071,-459274.68163209327,44.58018238049175,84.52022587669069,10.341576659819111,-1863628.911,37.871773,1.7947689182181654,False
85,PCy3,2.5,60,7.01768529205583,15.645899317227304,-1181208.006616904,-1399287.8513611152,0.0,-444183.3795727971,-459279.9876584633,389649490.539178,2116.924138753408,11.530260799452662,-1478596.997,37.831985,2.435600494988863,False
80,PCy3,2.5,60,6.784874092321843,15.668234297074378,-1181207.0008658338,-1399286.4366722952,0.0,-444182.9777243271,-459279.3069618933,465600155.4395874,1481.173254296473,11.530260799918324,-1478595.76,37.778316,2.5827951470150206,False
50,XPhos,0.5,900,7.942253849236295,10.572034328710288,-1545778.516918801,-1763862.9942345212,0.0,-444180.6053534971,-459275.3273325533,28637221.192870367,476897.9772667636,10.61990585946478,-1843164.459,37.734035,2.049875048688897,False
50,XPhos,0.5,600,7.942253849236295,10.572034328710288,-1545778.516918801,-1763862.9942345212,0.0,-444180.6053534971,-459275.3273325533,28637221.192870367,476897.9772667636,10.61990585946478,-1843164.459,37.734035,1.5098184910743389,False
85,PCy3,5.0,300,7.01768529205583,15.645899317227304,-1181208.006616904,-1399287.8513611152,0.0,-444183.3795727971,-459279.9876584633,389649490.539178,2116.924138753408,11.530260799452662,-1478596.997,37.722855,4.3154124939795135,True
100,SPhos,0.5,300,14.886274977819994,13.240499064093456,-1467650.7071208763,-1685732.659578356,0.0,-444184.5961092371,-459282.0593113233,14866.107744963463,136800.11328444284,11.343033209675925,-1765041.694,37.68364,1.3423175180140303,False
55,SPhos,0.5,600,12.968472327571362,13.131354624172673,-1467639.6144520864,-1685718.4296672258,0.0,-444180.9961217871,-459275.9780797033,15777.278491657653,12290.064936803761,11.263033209368588,-1765028.782,37.4662,1.5131896726151024,False
55,SPhos,0.5,900,12.968472327571362,13.131354624172673,-1467639.6144520864,-1685718.4296672258,0.0,-444180.9961217871,-459275.9780797033,15777.278491657653,12290.064936803761,11.263033209368588,-1765028.782,37.4662,2.031598264823991,False
110,PPh3,2.5,60,8.251396073726937,8.552990769036114,-1174573.1794603218,-1392660.014206871,0.0,-444185.4162548871,-459283.4648965533,156924895.8507118,105600409.10840687,8.780080769909546,-1471963.799,37.425774,2.1488393617297605,False
45,RuPhos,5.0,600,16.26429867511615,15.859859028831124,-1566237.316443875,-1784319.057271141,0.0,-444180.2164438071,-459274.68163209327,44.58018238049175,84.52022587669069,10.341576659819111,-1863628.911,37.422894,3.7620079021434036,True
45,RuPhos,5.0,900,16.26429867511615,15.859859028831124,-1566237.316443875,-1784319.057271141,0.0,-444180.2164438071,-459274.68163209327,44.58018238049175,84.52022587669069,10.341576659819111,-1863628.911,37.422894,3.9923359582403135,True
45,RuPhos,1.25,60,16.26429867511615,15.859859028831124,-1566237.316443875,-1784319.057271141,0.0,-444180.2164438071,-459274.68163209327,44.58018238049175,84.52022587669069,10.341576659819111,-1863628.911,37.39451,1.8546813449258068,False
45,RuPhos,5.0,300,16.26429867511615,15.859859028831124,-1566237.316443875,-1784319.057271141,0.0,-444180.2164438071,-459274.68163209327,44.58018238049175,84.52022587669069,10.341576659819111,-1863628.911,37.362823,3.8615745428655366,True
45,SPhos,5.0,300,12.542228757869452,13.105931923957542,-1467637.2780460464,-1685715.453401906,0.0,-444180.2164438071,-459274.68163209327,16066.322263283877,6587.1253088950925,11.24303320958279,-1765026.079,37.276684,3.6602924703410458,True
105,SPhos,0.5,300,15.09935283777304,13.252163224155083,-1467651.9978407663,-1685734.324690526,0.0,-444185.0052725071,-459282.7596657633,14794.90599541967,172846.1644215903,11.343033209908754,-1765043.205,37.264038,1.340085726697782,False
100,SPhos,0.5,150,14.886274977819994,13.240499064093456,-1467650.7071208763,-1685732.659578356,0.0,-444184.5961092371,-459282.0593113233,14866.107744963463,136800.11328444284,11.343033209675925,-1765041.694,37.154213,1.3706399185356246,False
45,RuPhos,5.0,150,16.26429867511615,15.859859028831124,-1566237.316443875,-1784319.057271141,0.0,-444180.2164438071,-459274.68163209327,44.58018238049175,84.52022587669069,10.341576659819111,-1863628.911,37.07715,3.9194024449022224,True
60,RuPhos,0.5,150,16.992994485190138,15.872981488937512,-1566241.088310005,-1784323.934875901,0.0,-444181.3887453471,-459276.6338575833,49.449330686394546,268.46180252961466,10.361576659837738,-1863633.374,37.062534,1.7227243789627924,False
55,SPhos,0.5,300,12.968472327571362,13.131354624172673,-1467639.6144520864,-1685718.4296672258,0.0,-444180.9961217871,-459275.9780797033,15777.278491657653,12290.064936803761,11.263033209368588,-1765028.782,37.059483,1.745596545481839,False
60,PCy3,2.5,600,5.852982591837645,15.756477617193013,-1181203.068667194,-1399280.9215138752,0.0,-444181.3887453471,-459276.6338575833,1004486610.0706717,320.11672982123156,11.49026079988107,-1478590.935,37.052734,3.661093944013526,True
60,PCy3,2.5,900,5.852982591837645,15.756477617193013,-1181203.068667194,-1399280.9215138752,0.0,-444181.3887453471,-459276.6338575833,1004486610.0706717,320.11672982123156,11.49026079988107,-1478590.935,37.052734,3.988588485141139,True
105,SPhos,0.5,150,15.09935283777304,13.252163224155083,-1467651.9978407663,-1685734.324690526,0.0,-444185.0052725071,-459282.7596657633,14794.90599541967,172846.1644215903,11.343033209908754,-1765043.205,36.946835,1.3952594805734924,False
60,RuPhos,0.5,300,16.992994485190138,15.872981488937512,-1566241.088310005,-1784323.934875901,0.0,-444181.3887453471,-459276.6338575833,49.449330686394546,268.46180252961466,10.361576659837738,-1863633.374,36.907146,1.7360399207564914,False
60,RuPhos,0.5,900,16.992994485190138,15.872981488937512,-1566241.088310005,-1784323.934875901,0.0,-444181.3887453471,-459276.6338575833,49.449330686394546,268.46180252961466,10.361576659837738,-1863633.374,36.807545,2.559159261999562,False
60,RuPhos,0.5,600,16.992994485190138,15.872981488937512,-1566241.088310005,-1784323.934875901,0.0,-444181.3887453471,-459276.6338575833,49.449330686394546,268.46180252961466,10.361576659837738,-1863633.374,36.807545,2.043981141613556,False
45,RuPhos,5.0,60,16.26429867511615,15.859859028831124,-1566237.316443875,-1784319.057271141,0.0,-444180.2164438071,-459274.68163209327,44.58018238049175,84.52022587669069,10.341576659819111,-1863628.911,36.796295,3.941710216716917,True
105,PCy3,5.0,150,7.948321542236954,15.555563907371834,-1181212.120372024,-1399293.653224585,0.0,-444185.0052725071,-459282.7596657633,200868825.2077691,8062.205049708938,11.570260799955577,-1478602.071,36.55597,4.246966951645955,True
110,PPh3,2.5,150,8.251396073726937,8.552990769036114,-1174573.1794603218,-1392660.014206871,0.0,-444185.4162548871,-459283.4648965533,156924895.8507118,105600409.10840687,8.780080769909546,-1471963.799,36.55456,2.0596787214579604,False
45,RuPhos,1.25,300,16.26429867511615,15.859859028831124,-1566237.316443875,-1784319.057271141,0.0,-444180.2164438071,-459274.68163209327,44.58018238049175,84.52022587669069,10.341576659819111,-1863628.911,36.427284,1.7919346480289264,False
110,AmPhos,0.5,150,7.784746726276353,5.88231805106625,-1448667.23999876,-1666752.3566641689,0.0,-444185.4162548871,-459283.4648965533,289643261.4012489,3523607405.513924,10.16475414019078,-1746050.006,36.414207,2.1290032458199892,False
55,SPhos,0.5,60,12.968472327571362,13.131354624172673,-1467639.6144520864,-1685718.4296672258,0.0,-444180.9961217871,-459275.9780797033,15777.278491657653,12290.064936803761,11.263033209368588,-1765028.782,36.365124,1.9092576861959827,False
55,XPhos,0.5,60,8.187780949519947,10.58389568910934,-1545779.838075951,-1763864.671058781,0.0,-444180.9961217871,-459275.9780797033,24094769.888408706,611132.4008760914,10.639905859716237,-1843166.002,36.28894,1.9248516238009192,False
55,XPhos,0.5,150,8.187780949519947,10.58389568910934,-1545779.838075951,-1763864.671058781,0.0,-444180.9961217871,-459275.9780797033,24094769.888408706,611132.4008760914,10.639905859716237,-1843166.002,36.249023,1.881747627900269,False
40,RuPhos,2.5,60,16.0212803252507,15.855729078873992,-1566236.086157585,-1784317.468846921,0.0,-444179.8293960271,-459274.0409944233,43.00080143800542,56.10650690572396,10.321576659800485,-1863627.457,36.245827,1.9133546536167363,False
45,SPhos,2.5,60,12.542228757869452,13.105931923957542,-1467637.2780460464,-1685715.453401906,0.0,-444180.2164438071,-459274.68163209327,16066.322263283877,6587.1253088950925,11.24303320958279,-1765026.079,36.24012,1.1809203867837261,False
110,PPh3,5.0,150,8.251396073726937,8.552990769036114,-1174573.1794603218,-1392660.014206871,0.0,-444185.4162548871,-459283.4648965533,156924895.8507118,105600409.10840687,8.780080769909546,-1471963.799,36.12451,4.359542317399177,True
75,PCy3,2.5,150,6.551999532151967,15.690463187173009,-1181206.004193984,-1399285.0363275053,0.0,-444182.5777137971,-459278.6312180633,559373170.3764096,1026.139425499056,11.52026079990901,-1478594.535,36.119576,2.6506908905474655,False
70,XPhos,0.5,150,8.923772109439597,10.618646398885176,-1545783.885806721,-1763869.818607581,0.0,-444182.1795447971,-459277.9604423933,14823896.293929443,1234625.425724327,10.649905860191213,-1843170.736,36.1126,1.4292433393228436,False
70,XPhos,0.5,60,8.923772109439597,10.618646398885176,-1545783.885806721,-1763869.818607581,0.0,-444182.1795447971,-459277.9604423933,14823896.293929443,1234625.425724327,10.649905860191213,-1843170.736,36.11077,1.49221220047432,False
45,RuPhos,1.25,150,16.26429867511615,15.859859028831124,-1566237.316443875,-1784319.057271141,0.0,-444180.2164438071,-459274.68163209327,44.58018238049175,84.52022587669069,10.341576659819111,-1863628.911,36.084717,1.7806432287200828,False
45,RuPhos,1.25,900,16.26429867511615,15.859859028831124,-1566237.316443875,-1784319.057271141,0.0,-444180.2164438071,-459274.68163209327,44.58018238049175,84.52022587669069,10.341576659819111,-1863628.911,36.068226,2.3102603461784907,False
45,RuPhos,1.25,600,16.26429867511615,15.859859028831124,-1566237.316443875,-1784319.057271141,0.0,-444180.2164438071,-459274.68163209327,44.58018238049175,84.52022587669069,10.341576659819111,-1863628.911,36.068226,1.8637151184913203,False
90,PCy3,5.0,150,7.250434421934187,15.623461617389694,-1181209.021445404,-1399289.280377695,0.0,-444183.7832555871,-459280.6732924233,327782387.80955976,2996.947120354819,11.540260799927635,-1478598.247,36.04659,4.294404475639365,True
60,PCy3,2.5,300,5.852982591837645,15.756477617193013,-1181203.068667194,-1399280.9215138752,0.0,-444181.3887453471,-459276.6338575833,1004486610.0706717,320.11672982123156,11.49026079988107,-1478590.935,36.015854,3.523260586663318,True
70,PCy3,2.5,600,6.319060322130099,15.71258249715902,-1181205.016602844,-1399283.6503425653,0.0,-444182.1795447971,-459277.9604423933,675840900.3850187,703.5944032201774,11.510260799899696,-1478593.323,36.01403,2.9779807835777525,True
70,PCy3,2.5,900,6.319060322130099,15.71258249715902,-1181205.016602844,-1399283.6503425653,0.0,-444182.1795447971,-459277.9604423933,675840900.3850187,703.5944032201774,11.510260799899696,-1478593.323,36.01403,3.3563282495457982,True
110,AmPhos,0.5,60,7.784746726276353,5.88231805106625,-1448667.23999876,-1666752.3566641689,0.0,-444185.4162548871,-459283.4648965533,289643261.4012489,3523607405.513924,10.16475414019078,-1746050.006,35.98515,2.1741153984759825,False
50,XPhos,0.5,60,7.942253849236295,10.572034328710288,-1545778.516918801,-1763862.9942345212,0.0,-444180.6053534971,-459275.3273325533,28637221.192870367,476897.9772667636,10.61990585946478,-1843164.459,35.951378,2.0827639415762103,False
50,XPhos,0.5,150,7.942253849236295,10.572034328710288,-1545778.516918801,-1763862.9942345212,0.0,-444180.6053534971,-459275.3273325533,28637221.192870367,476897.9772667636,10.61990585946478,-1843164.459,35.860546,2.0056252077582566,False
105,PCy3,5.0,60,7.948321542236954,15.555563907371834,-1181212.120372024,-1399293.653224585,0.0,-444185.0052725071,-459282.7596657633,200868825.2077691,8062.205049708938,11.570260799955577,-1478602.071,35.80516,4.297472174226061,True
110,tBu3,2.5,900,6.2160072101978585,2.369938841788098,-1035512.0029327454,-1253594.1342415663,0.0,-444185.4162548871,-459283.4648965533,2273290524.405973,355148035352.39856,10.241022859932857,-1332892.243,35.720024,6.064834070029699,True
110,tBu3,2.5,600,6.2160072101978585,2.369938841788098,-1035512.0029327454,-1253594.1342415663,0.0,-444185.4162548871,-459283.4648965533,2273290524.405973,355148035352.39856,10.241022859932857,-1332892.243,35.720024,5.275252046632216,True
55,SPhos,0.5,150,12.968472327571362,13.131354624172673,-1467639.6144520864,-1685718.4296672258,0.0,-444180.9961217871,-459275.9780797033,15777.278491657653,12290.064936803761,11.263033209368588,-1765028.782,35.68207,1.8350772128854995,False
95,PCy3,5.0,150,7.483122691977769,15.600924426922575,-1181210.045349194,-1399290.7237053553,0.0,-444184.1887689871,-459281.3638484633,277111197.40086144,4204.286100471907,11.55026079993695,-1478599.509,35.677338,4.2669996259874186,True
110,tBu3,2.5,300,6.2160072101978585,2.369938841788098,-1035512.0029327454,-1253594.1342415663,0.0,-444185.4162548871,-459283.4648965533,2273290524.405973,355148035352.39856,10.241022859932857,-1332892.243,35.635967,4.690754870446737,True
85,PCy3,2.5,150,7.01768529205583,15.645899317227304,-1181208.006616904,-1399287.8513611152,0.0,-444183.3795727971,-459279.9876584633,389649490.539178,2116.924138753408,11.530260799452662,-1478596.997,35.594963,2.309083611161312,False
80,PCy3,2.5,150,6.784874092321843,15.668234297074378,-1181207.0008658338,-1399286.4366722952,0.0,-444182.9777243271,-459279.3069618933,465600155.4395874,1481.173254296473,11.530260799918324,-1478595.76,35.52702,2.4595683243319253,False
100,PCy3,5.0,150,7.715751342009753,15.578290867153555,-1181211.078325714,-1399292.1813268852,0.0,-444184.5961092371,-459282.0593113233,235391606.64992365,5846.569732551803,11.560260799713433,-1478600.784,35.51326,4.251116778288637,True
90,PCy3,5.0,60,7.250434421934187,15.623461617389694,-1181209.021445404,-1399289.280377695,0.0,-444183.7832555871,-459280.6732924233,327782387.80955976,2996.947120354819,11.540260799927635,-1478598.247,35.24365,4.34514299995517,True
40,SPhos,2.5,600,12.329091337975115,13.093037704238668,-1467636.1274611563,-1685713.9907695658,0.0,-444179.8293960271,-459274.0409944233,16226.357496488905,4754.117903615619,11.233033209806308,-1765024.75,35.226566,1.393768013449516,False
40,SPhos,2.5,900,12.329091337975115,13.093037704238668,-1467636.1274611563,-1685713.9907695658,0.0,-444179.8293960271,-459274.0409944233,16226.357496488905,4754.117903615619,11.233033209806308,-1765024.75,35.226566,1.9518244874127064,False
40,RuPhos,2.5,900,16.0212803252507,15.855729078873992,-1566236.086157585,-1784317.468846921,0.0,-444179.8293960271,-459274.0409944233,43.00080143800542,56.10650690572396,10.321576659800485,-1863627.457,35.151196,2.0782298116625286,False
40,RuPhos,2.5,600,16.0212803252507,15.855729078873992,-1566236.086157585,-1784317.468846921,0.0,-444179.8293960271,-459274.0409944233,43.00080143800542,56.10650690572396,10.321576659800485,-1863627.457,35.151196,1.5189013515699854,False
40,RuPhos,2.5,300,16.0212803252507,15.855729078873992,-1566236.086157585,-1784317.468846921,0.0,-444179.8293960271,-459274.0409944233,43.00080143800542,56.10650690572396,10.321576659800485,-1863627.457,34.949013,1.8125178266955586,False
95,PCy3,5.0,60,7.483122691977769,15.600924426922575,-1181210.045349194,-1399290.7237053553,0.0,-444184.1887689871,-459281.3638484633,277111197.40086144,4204.286100471907,11.55026079993695,-1478599.509,34.918156,4.314739350200929,True
40,RuPhos,1.25,60,16.0212803252507,15.855729078873992,-1566236.086157585,-1784317.468846921,0.0,-444179.8293960271,-459274.0409944233,43.00080143800542,56.10650690572396,10.321576659800485,-1863627.457,34.7725,1.9860296521818832,False
100,PCy3,5.0,60,7.715751342009753,15.578290867153555,-1181211.078325714,-1399292.1813268852,0.0,-444184.5961092371,-459282.0593113233,235391606.64992365,5846.569732551803,11.560260799713433,-1478600.784,34.76245,4.29958718496661,True
55,PCy3,2.5,600,5.619841332081705,15.778245627414435,-1181202.108324434,-1399279.578700225,0.0,-444180.9961217871,-459275.9780797033,1236356841.4585252,212.20339271961348,11.49026079988107,-1478589.761,34.698437,4.151654377223658,True
55,PCy3,2.5,900,5.619841332081705,15.778245627414435,-1181202.108324434,-1399279.578700225,0.0,-444180.9961217871,-459275.9780797033,1236356841.4585252,212.20339271961348,11.49026079988107,-1478589.761,34.698437,4.480765198034456,True
55,RuPhos,0.5,60,16.750154835171998,15.868484718259424,-1566239.817533405,-1784322.2903113817,0.0,-444180.9961217871,-459275.9780797033,47.80473424403478,184.77960228843136,10.361576659604909,-1863631.869,34.67603,1.9253533399525626,False
50,RuPhos,0.5,60,16.50725653511472,15.86411072826013,-1566238.560240255,-1784320.6644345317,0.0,-444180.6053534971,-459275.3273325533,46.18159014203549,125.72588112976483,10.34157665935345,-1863630.382,34.67603,2.0355275477633645,False
70,PCy3,2.5,300,6.319060322130099,15.71258249715902,-1181205.016602844,-1399283.6503425653,0.0,-444182.1795447971,-459277.9604423933,675840900.3850187,703.5944032201774,11.510260799899696,-1478593.323,34.6688,2.815669048457429,True
50,PCy3,2.5,900,5.386629912303761,15.799888427136466,-1181201.1570659538,-1399278.250306785,0.0,-444180.6053534971,-459275.3273325533,1532091224.1574798,138.94977900613742,11.470260799862444,-1478588.598,34.598858,5.13423405236445,True
50,PCy3,2.5,600,5.386629912303761,15.799888427136466,-1181201.1570659538,-1399278.250306785,0.0,-444180.6053534971,-459275.3273325533,1532091224.1574798,138.94977900613742,11.470260799862444,-1478588.598,34.598858,4.791215350802747,True
45,SPhos,2.5,150,12.542228757869452,13.105931923957542,-1467637.2780460464,-1685715.453401906,0.0,-444180.2164438071,-459274.68163209327,16066.322263283877,6587.1253088950925,11.24303320958279,-1765026.079,34.598373,1.114163786514624,False
110,tBu3,5.0,600,6.2160072101978585,2.369938841788098,-1035512.0029327454,-1253594.1342415663,0.0,-444185.4162548871,-459283.4648965533,2273290524.405973,355148035352.39856,10.241022859932857,-1332892.243,34.49835,7.2678032920133475,True
110,tBu3,5.0,900,6.2160072101978585,2.369938841788098,-1035512.0029327454,-1253594.1342415663,0.0,-444185.4162548871,-459283.4648965533,2273290524.405973,355148035352.39856,10.241022859932857,-1332892.243,34.49835,7.713913131108899,True
35,SPhos,2.5,600,12.115941647673026,13.080015553859994,-1467634.9886390064,-1685712.545169006,0.0,-444179.4442134271,-459273.4054358833,16397.835250945398,3396.653245732802,11.233033209806308,-1765023.437,34.39403,1.5227766620560947,False
35,SPhos,2.5,900,12.115941647673026,13.080015553859994,-1467634.9886390064,-1685712.545169006,0.0,-444179.4442134271,-459273.4054358833,16397.835250945398,3396.653245732802,11.233033209806308,-1765023.437,34.39403,2.040111646985197,False
110,tBu3,5.0,300,6.2160072101978585,2.369938841788098,-1035512.0029327454,-1253594.1342415663,0.0,-444185.4162548871,-459283.4648965533,2273290524.405973,355148035352.39856,10.241022859932857,-1332892.243,34.35573,7.062900463493811,True
35,RuPhos,2.5,60,15.778200525091961,15.851720228325576,-1566234.869394785,-1784315.8991876417,0.0,-444179.4442134271,-459273.4054358833,41.443745133651454,36.75511163398157,10.331576659809798,-1863626.021,34.304646,2.000486960370419,False
40,SPhos,2.5,300,12.329091337975115,13.093037704238668,-1467636.1274611563,-1685713.9907695658,0.0,-444179.8293960271,-459274.0409944233,16226.357496488905,4754.117903615619,11.233033209806308,-1765024.75,34.268295,1.3050678489672944,False
40,RuPhos,2.5,150,16.0212803252507,15.855729078873992,-1566236.086157585,-1784317.468846921,0.0,-444179.8293960271,-459274.0409944233,43.00080143800542,56.10650690572396,10.321576659800485,-1863627.457,34.101807,1.8809294048003362,False
60,PCy3,2.5,60,5.852982591837645,15.756477617193013,-1181203.068667194,-1399280.9215138752,0.0,-444181.3887453471,-459276.6338575833,1004486610.0706717,320.11672982123156,11.49026079988107,-1478590.935,34.083225,3.6506584858487265,True
110,PPh3,5.0,60,8.251396073726937,8.552990769036114,-1174573.1794603218,-1392660.014206871,0.0,-444185.4162548871,-459283.4648965533,156924895.8507118,105600409.10840687,8.780080769909546,-1471963.799,34.0662,4.422154779153461,True
45,PCy3,2.5,600,5.153346881968901,15.821401657303795,-1181200.214892354,-1399276.9363482052,0.0,-444180.2164438071,-459274.68163209327,1912087618.2914307,89.821001633762,11.460260800085962,-1478587.449,34.045605,5.669443422197676,True
45,PCy3,2.5,900,5.153346881968901,15.821401657303795,-1181200.214892354,-1399276.9363482052,0.0,-444180.2164438071,-459274.68163209327,1912087618.2914307,89.821001633762,11.460260800085962,-1478587.449,34.045605,5.976041419512041,True
60,PCy3,5.0,900,5.852982591837645,15.756477617193013,-1181203.068667194,-1399280.9215138752,0.0,-444181.3887453471,-459276.6338575833,1004486610.0706717,320.11672982123156,11.49026079988107,-1478590.935,33.905216,5.393891156761752,True
60,PCy3,5.0,600,5.852982591837645,15.756477617193013,-1181203.068667194,-1399280.9215138752,0.0,-444181.3887453471,-459276.6338575833,1004486610.0706717,320.11672982123156,11.49026079988107,-1478590.935,33.905216,5.147990681387851,True
40,RuPhos,1.25,300,16.0212803252507,15.855729078873992,-1566236.086157585,-1784317.468846921,0.0,-444179.8293960271,-459274.0409944233,43.00080143800542,56.10650690572396,10.321576659800485,-1863627.457,33.82138,1.945694405679151,False
75,PCy3,5.0,150,6.551999532151967,15.690463187173009,-1181206.004193984,-1399285.0363275053,0.0,-444182.5777137971,-459278.6312180633,559373170.3764096,1026.139425499056,11.52026079990901,-1478594.535,33.75667,4.509381815365556,True
50,PCy3,2.5,300,5.386629912303761,15.799888427136466,-1181201.1570659538,-1399278.250306785,0.0,-444180.6053534971,-459275.3273325533,1532091224.1574798,138.94977900613742,11.470260799862444,-1478588.598,33.755657,4.669896536593595,True
55,PCy3,2.5,300,5.619841332081705,15.778245627414435,-1181202.108324434,-1399279.578700225,0.0,-444180.9961217871,-459275.9780797033,1236356841.4585252,212.20339271961348,11.49026079988107,-1478589.761,33.753235,4.011582826677679,True
45,AmPhos,2.5,300,7.752247695811093,5.874414881225675,-1448649.49344555,-1666729.5855557488,0.0,-444180.2164438071,-459274.68163209327,31351881.181920238,611209014.8253787,10.044754140311852,-1746029.303,33.75228,2.2279083946160854,False
50,RuPhos,0.5,150,16.50725653511472,15.86411072826013,-1566238.560240255,-1784320.6644345317,0.0,-444180.6053534971,-459275.3273325533,46.18159014203549,125.72588112976483,10.34157665935345,-1863630.382,33.727383,1.9670026560703953,False
55,RuPhos,0.5,150,16.750154835171998,15.868484718259424,-1566239.817533405,-1784322.2903113817,0.0,-444180.9961217871,-459275.9780797033,47.80473424403478,184.77960228843136,10.361576659604909,-1863631.869,33.727383,1.8374775694324772,False
55,RuPhos,0.5,300,16.750154835171998,15.868484718259424,-1566239.817533405,-1784322.2903113817,0.0,-444180.9961217871,-459275.9780797033,47.80473424403478,184.77960228843136,10.361576659604909,-1863631.869,33.571995,1.8510086420932157,False
50,RuPhos,0.5,300,16.50725653511472,15.86411072826013,-1566238.560240255,-1784320.6644345317,0.0,-444180.6053534971,-459275.3273325533,46.18159014203549,125.72588112976483,10.34157665935345,-1863630.382,33.571995,1.979909094143237,False
45,SPhos,5.0,150,12.542228757869452,13.105931923957542,-1467637.2780460464,-1685715.453401906,0.0,-444180.2164438071,-459274.68163209327,16066.322263283877,6587.1253088950925,11.24303320958279,-1765026.079,33.55727,3.665798734503556,True
40,RuPhos,1.25,900,16.0212803252507,15.855729078873992,-1566236.086157585,-1784317.468846921,0.0,-444179.8293960271,-459274.0409944233,43.00080143800542,56.10650690572396,10.321576659800485,-1863627.457,33.526066,2.356659983471947,False
40,RuPhos,1.25,600,16.0212803252507,15.855729078873992,-1566236.086157585,-1784317.468846921,0.0,-444179.8293960271,-459274.0409944233,43.00080143800542,56.10650690572396,10.321576659800485,-1863627.457,33.526066,1.9132276193930147,False
40,RuPhos,5.0,600,16.0212803252507,15.855729078873992,-1566236.086157585,-1784317.468846921,0.0,-444179.8293960271,-459274.0409944233,43.00080143800542,56.10650690572396,10.321576659800485,-1863627.457,33.523243,3.795882014876117,True
40,RuPhos,5.0,900,16.0212803252507,15.855729078873992,-1566236.086157585,-1784317.468846921,0.0,-444179.8293960271,-459274.0409944233,43.00080143800542,56.10650690572396,10.321576659800485,-1863627.457,33.523243,4.02440611806451,True
40,RuPhos,5.0,60,16.0212803252507,15.855729078873992,-1566236.086157585,-1784317.468846921,0.0,-444179.8293960271,-459274.0409944233,43.00080143800542,56.10650690572396,10.321576659800485,-1863627.457,33.46614,3.9809201507229703,True
40,RuPhos,5.0,300,16.0212803252507,15.855729078873992,-1566236.086157585,-1784317.468846921,0.0,-444179.8293960271,-459274.0409944233,43.00080143800542,56.10650690572396,10.321576659800485,-1863627.457,33.463173,3.9006097881548802,True
40,RuPhos,1.25,150,16.0212803252507,15.855729078873992,-1566236.086157585,-1784317.468846921,0.0,-444179.8293960271,-459274.0409944233,43.00080143800542,56.10650690572396,10.321576659800485,-1863627.457,33.462715,1.9214279212272831,False
40,SPhos,5.0,600,12.329091337975115,13.093037704238668,-1467636.1274611563,-1685713.9907695658,0.0,-444179.8293960271,-459274.0409944233,16226.357496488905,4754.117903615619,11.233033209806308,-1765024.75,33.44057,3.72537044160672,True
40,SPhos,5.0,900,12.329091337975115,13.093037704238668,-1467636.1274611563,-1685713.9907695658,0.0,-444179.8293960271,-459274.0409944233,16226.357496488905,4754.117903615619,11.233033209806308,-1765024.75,33.44057,3.9575910279166124,True
50,RuPhos,0.5,600,16.50725653511472,15.86411072826013,-1566238.560240255,-1784320.6644345317,0.0,-444180.6053534971,-459275.3273325533,46.18159014203549,125.72588112976483,10.34157665935345,-1863630.382,33.436237,2.133835241967263,False
50,RuPhos,0.5,900,16.50725653511472,15.86411072826013,-1566238.560240255,-1784320.6644345317,0.0,-444180.6053534971,-459275.3273325533,46.18159014203549,125.72588112976483,10.34157665935345,-1863630.382,33.436237,2.6444303957544,False
35,SPhos,2.5,300,12.115941647673026,13.080015553859994,-1467634.9886390064,-1685712.545169006,0.0,-444179.4442134271,-459273.4054358833,16397.835250945398,3396.653245732802,11.233033209806308,-1765023.437,33.435764,1.417887569771056,False
85,PCy3,5.0,150,7.01768529205583,15.645899317227304,-1181208.006616904,-1399287.8513611152,0.0,-444183.3795727971,-459279.9876584633,389649490.539178,2116.924138753408,11.530260799452662,-1478596.997,33.37399,4.339684908721848,True
45,AmPhos,2.5,900,7.752247695811093,5.874414881225675,-1448649.49344555,-1666729.5855557488,0.0,-444180.2164438071,-459274.68163209327,31351881.181920238,611209014.8253787,10.044754140311852,-1746029.303,33.37044,2.8626979834983706,True
45,AmPhos,2.5,600,7.752247695811093,5.874414881225675,-1448649.49344555,-1666729.5855557488,0.0,-444180.2164438071,-459274.68163209327,31351881.181920238,611209014.8253787,10.044754140311852,-1746029.303,33.37044,2.4207498430496126,False
55,RuPhos,0.5,900,16.750154835171998,15.868484718259424,-1566239.817533405,-1784322.2903113817,0.0,-444180.9961217871,-459275.9780797033,47.80473424403478,184.77960228843136,10.361576659604909,-1863631.869,33.349476,2.5935286846932755,False
55,RuPhos,0.5,600,16.750154835171998,15.868484718259424,-1566239.817533405,-1784322.2903113817,0.0,-444180.9961217871,-459275.9780797033,47.80473424403478,184.77960228843136,10.361576659604909,-1863631.869,33.349476,2.078825103588331,False
40,RuPhos,5.0,150,16.0212803252507,15.855729078873992,-1566236.086157585,-1784317.468846921,0.0,-444179.8293960271,-459274.0409944233,43.00080143800542,56.10650690572396,10.321576659800485,-1863627.457,33.317566,3.9461132004099873,True
75,PCy3,5.0,60,6.551999532151967,15.690463187173009,-1181206.004193984,-1399285.0363275053,0.0,-444182.5777137971,-459278.6312180633,559373170.3764096,1026.139425499056,11.52026079990901,-1478594.535,33.30973,4.568801570127069,True
80,PCy3,5.0,150,6.784874092321843,15.668234297074378,-1181207.0008658338,-1399286.4366722952,0.0,-444182.9777243271,-459279.3069618933,465600155.4395874,1481.173254296473,11.530260799918324,-1478595.76,33.306046,4.4092722039562435,True
70,PCy3,5.0,600,6.319060322130099,15.71258249715902,-1181205.016602844,-1399283.6503425653,0.0,-444182.1795447971,-459277.9604423933,675840900.3850187,703.5944032201774,11.510260799899696,-1478593.323,33.280605,4.691045117514681,True
70,PCy3,5.0,900,6.319060322130099,15.71258249715902,-1181205.016602844,-1399283.6503425653,0.0,-444182.1795447971,-459277.9604423933,675840900.3850187,703.5944032201774,11.510260799899696,-1478593.323,33.280605,4.96025461291069,True
110,PPh3,1.25,600,8.251396073726937,8.552990769036114,-1174573.1794603218,-1392660.014206871,0.0,-444185.4162548871,-459283.4648965533,156924895.8507118,105600409.10840687,8.780080769909546,-1471963.799,33.260506,2.4121113128847465,False
110,PPh3,1.25,900,8.251396073726937,8.552990769036114,-1174573.1794603218,-1392660.014206871,0.0,-444185.4162548871,-459283.4648965533,156924895.8507118,105600409.10840687,8.780080769909546,-1471963.799,33.260506,3.20848995997639,True
45,PCy3,2.5,300,5.153346881968901,15.821401657303795,-1181200.214892354,-1399276.9363482052,0.0,-444180.2164438071,-459274.68163209327,1912087618.2914307,89.821001633762,11.460260800085962,-1478587.449,33.23833,5.517903375769235,True
110,PPh3,1.25,300,8.251396073726937,8.552990769036114,-1174573.1794603218,-1392660.014206871,0.0,-444185.4162548871,-459283.4648965533,156924895.8507118,105600409.10840687,8.780080769909546,-1471963.799,33.23135,1.86843446626958,False
35,RuPhos,2.5,900,15.778200525091961,15.851720228325576,-1566234.869394785,-1784315.8991876417,0.0,-444179.4442134271,-459273.4054358833,41.443745133651454,36.75511163398157,10.331576659809798,-1863626.021,33.033066,2.138159013085537,False
35,RuPhos,2.5,600,15.778200525091961,15.851720228325576,-1566234.869394785,-1784315.8991876417,0.0,-444179.4442134271,-459273.4054358833,41.443745133651454,36.75511163398157,10.331576659809798,-1863626.021,33.033066,1.5665714708929872,False
60,PCy3,5.0,300,5.852982591837645,15.756477617193013,-1181203.068667194,-1399280.9215138752,0.0,-444181.3887453471,-459276.6338575833,1004486610.0706717,320.11672982123156,11.49026079988107,-1478590.935,32.91188,5.098932198971733,True
35,RuPhos,2.5,300,15.778200525091961,15.851720228325576,-1566234.869394785,-1784315.8991876417,0.0,-444179.4442134271,-459273.4054358833,41.443745133651454,36.75511163398157,10.331576659809798,-1863626.021,32.858177,1.8853769251407577,False
65,PCy3,2.5,900,6.086055132094771,15.734588577179238,-1181204.038093594,-1399282.2787329652,0.0,-444181.7832208271,-459277.2946503733,821396234.204737,477.2639619023922,11.500260800123216,-1478592.123,32.827812,3.623944414691388,True
65,PCy3,2.5,600,6.086055132094771,15.734588577179238,-1181204.038093594,-1399282.2787329652,0.0,-444181.7832208271,-459277.2946503733,821396234.204737,477.2639619023922,11.500260800123216,-1478592.123,32.827812,3.270583026379035,True
85,PCy3,5.0,60,7.01768529205583,15.645899317227304,-1181208.006616904,-1399287.8513611152,0.0,-444183.3795727971,-459279.9876584633,389649490.539178,2116.924138753408,11.530260799452662,-1478596.997,32.77293,4.3940619668091525,True
80,PCy3,5.0,60,6.784874092321843,15.668234297074378,-1181207.0008658338,-1399286.4366722952,0.0,-444182.9777243271,-459279.3069618933,465600155.4395874,1481.173254296473,11.530260799918324,-1478595.76,32.71926,4.466913688650017,True
40,SPhos,5.0,300,12.329091337975115,13.093037704238668,-1467636.1274611563,-1685713.9907695658,0.0,-444179.8293960271,-459274.0409944233,16226.357496488905,4754.117903615619,11.233033209806308,-1765024.75,32.624416,3.6929831472471535,True
35,RuPhos,1.25,60,15.778200525091961,15.851720228325576,-1566234.869394785,-1784315.8991876417,0.0,-444179.4442134271,-459273.4054358833,41.443745133651454,36.75511163398157,10.331576659809798,-1863626.021,32.531834,2.102996434812506,False
70,PCy3,2.5,60,6.319060322130099,15.71258249715902,-1181205.016602844,-1399283.6503425653,0.0,-444182.1795447971,-459277.9604423933,675840900.3850187,703.5944032201774,11.510260799899696,-1478593.323,32.43633,3.0061634332048195,True
45,AmPhos,5.0,300,7.752247695811093,5.874414881225675,-1448649.49344555,-1666729.5855557488,0.0,-444180.2164438071,-459274.68163209327,31351881.181920238,611209014.8253787,10.044754140311852,-1746029.303,32.315037,4.22751195143528,True
60,PCy3,2.5,150,5.852982591837645,15.756477617193013,-1181203.068667194,-1399280.9215138752,0.0,-444181.3887453471,-459276.6338575833,1004486610.0706717,320.11672982123156,11.49026079988107,-1478590.935,32.205257,3.5902826340218015,True
35,RuPhos,2.5,150,15.778200525091961,15.851720228325576,-1566234.869394785,-1784315.8991876417,0.0,-444179.4442134271,-459273.4054358833,41.443745133651454,36.75511163398157,10.331576659809798,-1863626.021,32.156643,1.9291177430381208,False
50,PCy3,2.5,60,5.386629912303761,15.799888427136466,-1181201.1570659538,-1399278.250306785,0.0,-444180.6053534971,-459275.3273325533,1532091224.1574798,138.94977900613742,11.470260799862444,-1478588.598,32.147755,4.717177940395271,True
55,PCy3,2.5,60,5.619841332081705,15.778245627414435,-1181202.108324434,-1399279.578700225,0.0,-444180.9961217871,-459275.9780797033,1236356841.4585252,212.20339271961348,11.49026079988107,-1478589.761,32.145332,4.1293242645131105,True
45,SPhos,5.0,60,12.542228757869452,13.105931923957542,-1467637.2780460464,-1685715.453401906,0.0,-444180.2164438071,-459274.68163209327,16066.322263283877,6587.1253088950925,11.24303320958279,-1765026.079,32.05977,3.697941953960939,True
35,SPhos,5.0,600,12.115941647673026,13.080015553859994,-1467634.9886390064,-1685712.545169006,0.0,-444179.4442134271,-459273.4054358833,16397.835250945398,3396.653245732802,11.233033209806308,-1765023.437,32.024837,3.769583332842823,True
35,SPhos,5.0,900,12.115941647673026,13.080015553859994,-1467634.9886390064,-1685712.545169006,0.0,-444179.4442134271,-459273.4054358833,16397.835250945398,3396.653245732802,11.233033209806308,-1765023.437,32.024837,3.9992173764738985,True
70,PCy3,5.0,300,6.319060322130099,15.71258249715902,-1181205.016602844,-1399283.6503425653,0.0,-444182.1795447971,-459277.9604423933,675840900.3850187,703.5944032201774,11.510260799899696,-1478593.323,31.97891,4.629227377498335,True
40,SPhos,2.5,60,12.329091337975115,13.093037704238668,-1467636.1274611563,-1685713.9907695658,0.0,-444179.8293960271,-459274.0409944233,16226.357496488905,4754.117903615619,11.233033209806308,-1765024.75,31.838316,1.2709191047799606,False
45,AmPhos,5.0,900,7.752247695811093,5.874414881225675,-1448649.49344555,-1666729.5855557488,0.0,-444180.2164438071,-459274.68163209327,31351881.181920238,611209014.8253787,10.044754140311852,-1746029.303,31.827177,4.532517835697441,True
45,AmPhos,5.0,600,7.752247695811093,5.874414881225675,-1448649.49344555,-1666729.5855557488,0.0,-444180.2164438071,-459274.68163209327,31351881.181920238,611209014.8253787,10.044754140311852,-1746029.303,31.827177,4.249840296652094,True
65,PCy3,2.5,300,6.086055132094771,15.734588577179238,-1181204.038093594,-1399282.2787329652,0.0,-444181.7832208271,-459277.2946503733,821396234.204737,477.2639619023922,11.500260800123216,-1478592.123,31.790928,3.1354520997919804,True
45,PCy3,2.5,60,5.153346881968901,15.821401657303795,-1181200.214892354,-1399276.9363482052,0.0,-444180.2164438071,-459274.68163209327,1912087618.2914307,89.821001633762,11.460260800085962,-1478587.449,31.755806,5.536845367163503,True
45,SPhos,1.25,600,12.542228757869452,13.105931923957542,-1467637.2780460464,-1685715.453401906,0.0,-444180.2164438071,-459274.68163209327,16066.322263283877,6587.1253088950925,11.24303320958279,-1765026.079,31.75418,1.2524717933567375,False
45,SPhos,1.25,900,12.542228757869452,13.105931923957542,-1467637.2780460464,-1685715.453401906,0.0,-444180.2164438071,-459274.68163209327,16066.322263283877,6587.1253088950925,11.24303320958279,-1765026.079,31.75418,1.8565771489395861,False
55,PCy3,5.0,600,5.619841332081705,15.778245627414435,-1181202.108324434,-1399279.578700225,0.0,-444180.9961217871,-459275.9780797033,1236356841.4585252,212.20339271961348,11.49026079988107,-1478589.761,31.550901,5.53437594064137,True
55,PCy3,5.0,900,5.619841332081705,15.778245627414435,-1181202.108324434,-1399279.578700225,0.0,-444180.9961217871,-459275.9780797033,1236356841.4585252,212.20339271961348,11.49026079988107,-1478589.761,31.550901,5.765068174254789,True
35,RuPhos,1.25,300,15.778200525091961,15.851720228325576,-1566234.869394785,-1784315.8991876417,0.0,-444179.4442134271,-459273.4054358833,41.443745133651454,36.75511163398157,10.331576659809798,-1863626.021,31.474186,2.0483114974895935,False
110,tBu3,2.5,60,6.2160072101978585,2.369938841788098,-1035512.0029327454,-1253594.1342415663,0.0,-444185.4162548871,-459283.4648965533,2273290524.405973,355148035352.39856,10.241022859932857,-1332892.243,31.460548,4.5266262692549795,True
50,PCy3,5.0,600,5.386629912303761,15.799888427136466,-1181201.1570659538,-1399278.250306785,0.0,-444180.6053534971,-459275.3273325533,1532091224.1574798,138.94977900613742,11.470260799862444,-1478588.598,31.45132,6.078519349620295,True
50,PCy3,5.0,900,5.386629912303761,15.799888427136466,-1181201.1570659538,-1399278.250306785,0.0,-444180.6053534971,-459275.3273325533,1532091224.1574798,138.94977900613742,11.470260799862444,-1478588.598,31.45132,6.298316714704841,True
45,SPhos,1.25,300,12.542228757869452,13.105931923957542,-1467637.2780460464,-1685715.453401906,0.0,-444180.2164438071,-459274.68163209327,16066.322263283877,6587.1253088950925,11.24303320958279,-1765026.079,31.358006,1.5240476913529686,False
35,RuPhos,1.25,150,15.778200525091961,15.851720228325576,-1566234.869394785,-1784315.8991876417,0.0,-444179.4442134271,-459273.4054358833,41.443745133651454,36.75511163398157,10.331576659809798,-1863626.021,31.287554,2.048630873546955,False
35,SPhos,5.0,300,12.115941647673026,13.080015553859994,-1467634.9886390064,-1685712.545169006,0.0,-444179.4442134271,-459273.4054358833,16397.835250945398,3396.653245732802,11.233033209806308,-1765023.437,31.208685,3.7345622106277725,True
35,RuPhos,1.25,900,15.778200525091961,15.851720228325576,-1566234.869394785,-1784315.8991876417,0.0,-444179.4442134271,-459273.4054358833,41.443745133651454,36.75511163398157,10.331576659809798,-1863626.021,31.151585,2.41043318449102,False
35,RuPhos,1.25,600,15.778200525091961,15.851720228325576,-1566234.869394785,-1784315.8991876417,0.0,-444179.4442134271,-459273.4054358833,41.443745133651454,36.75511163398157,10.331576659809798,-1863626.021,31.151585,1.9714980813959955,False
40,AmPhos,2.5,300,7.7504360063467175,5.87376865115948,-1448648.2235122398,-1666727.9666996289,0.0,-444179.8293960271,-459274.0409944233,25446155.673661835,519195526.3150639,10.04475414007902,-1746027.829,31.101522,2.312384829052718,False
35,RuPhos,5.0,60,15.778200525091961,15.851720228325576,-1566234.869394785,-1784315.8991876417,0.0,-444179.4442134271,-459273.4054358833,41.443745133651454,36.75511163398157,10.331576659809798,-1863626.021,31.057026,4.020194628997045,True
110,PCy3,0.5,900,8.180834452155977,15.532746417215094,-1181213.171484714,-1399295.1393802152,0.0,-444185.4162548871,-459283.4648965533,172162836.98092988,11027.85059731747,11.58026079996489,-1478603.371,31.026619,3.0139110728047456,True
110,PCy3,0.5,600,8.180834452155977,15.532746417215094,-1181213.171484714,-1399295.1393802152,0.0,-444185.4162548871,-459283.4648965533,172162836.98092988,11027.85059731747,11.58026079996489,-1478603.371,31.026619,2.468323990939978,False
35,RuPhos,5.0,900,15.778200525091961,15.851720228325576,-1566234.869394785,-1784315.8991876417,0.0,-444179.4442134271,-459273.4054358833,41.443745133651454,36.75511163398157,10.331576659809798,-1863626.021,31.006643,4.058667393697616,True
35,RuPhos,5.0,600,15.778200525091961,15.851720228325576,-1566234.869394785,-1784315.8991876417,0.0,-444179.4442134271,-459273.4054358833,41.443745133651454,36.75511163398157,10.331576659809798,-1863626.021,31.006643,3.8320557031358278,True
35,RuPhos,5.0,150,15.778200525091961,15.851720228325576,-1566234.869394785,-1784315.8991876417,0.0,-444179.4442134271,-459273.4054358833,41.443745133651454,36.75511163398157,10.331576659809798,-1863626.021,30.973944,3.9705936694104396,True
35,RuPhos,5.0,300,15.778200525091961,15.851720228325576,-1566234.869394785,-1784315.8991876417,0.0,-444179.4442134271,-459273.4054358833,41.443745133651454,36.75511163398157,10.331576659809798,-1863626.021,30.973873,3.920241683530724,True
35,SPhos,2.5,60,12.115941647673026,13.080015553859994,-1467634.9886390064,-1685712.545169006,0.0,-444179.4442134271,-459273.4054358833,16397.835250945398,3396.653245732802,11.233033209806308,-1765023.437,30.958605,1.365740981343277,False
50,SPhos,0.5,600,12.755355317611247,13.118702774168923,-1467638.4403806464,-1685716.9330423558,0.0,-444180.6053534971,-459275.3273325533,15916.88465788931,9039.164224608867,11.253033209824936,-1765027.423,30.95505,1.5869277640756967,False
50,SPhos,0.5,900,12.755355317611247,13.118702774168923,-1467638.4403806464,-1685716.9330423558,0.0,-444180.6053534971,-459275.3273325533,15916.88465788931,9039.164224608867,11.253033209824936,-1765027.423,30.95505,2.08490307645986,False
45,PCy3,5.0,600,5.153346881968901,15.821401657303795,-1181200.214892354,-1399276.9363482052,0.0,-444180.2164438071,-459274.68163209327,1912087618.2914307,89.821001633762,11.460260800085962,-1478587.449,30.898064,6.853569452325631,True
45,PCy3,5.0,900,5.153346881968901,15.821401657303795,-1181200.214892354,-1399276.9363482052,0.0,-444180.2164438071,-459274.68163209327,1912087618.2914307,89.821001633762,11.460260800085962,-1478587.449,30.898064,7.057884406732609,True
90,PPh3,2.5,900,7.36661971360445,8.58353101904504,-1174569.325877972,-1392654.503304221,0.0,-444183.7832555871,-459280.6732924233,279039089.18806523,51680308.12636762,8.810080769471824,-1471958.915,30.846197,3.014671704000333,True
90,PPh3,2.5,600,7.36661971360445,8.58353101904504,-1174569.325877972,-1392654.503304221,0.0,-444183.7832555871,-459280.6732924233,279039089.18806523,51680308.12636762,8.810080769471824,-1471958.915,30.846197,2.427502981161448,False
40,PCy3,2.5,600,4.919990771915764,15.842780746985227,-1181199.281804224,-1399275.6368391253,0.0,-444179.8293960271,-459274.0409944233,2404161775.521523,57.28616532257743,11.450260799843818,-1478586.312,30.819769,6.492975558661041,True
40,PCy3,2.5,900,4.919990771915764,15.842780746985227,-1181199.281804224,-1399275.6368391253,0.0,-444179.8293960271,-459274.0409944233,2404161775.521523,57.28616532257743,11.450260799843818,-1478586.312,30.819769,6.87024046110462,True
90,PPh3,2.5,300,7.36661971360445,8.58353101904504,-1174569.325877972,-1392654.503304221,0.0,-444183.7832555871,-459280.6732924233,279039089.18806523,51680308.12636762,8.810080769471824,-1471958.915,30.794918,2.11751434124445,False
75,PPh3,2.5,600,6.7019701634999365,8.605237868847325,-1174566.5157583018,-1392650.505673631,0.0,-444182.5777137971,-459278.6312180633,450360658.19940287,28762104.05648479,8.860080769984052,-1471955.368,30.750216,2.6782775516342157,False
75,PPh3,2.5,900,6.7019701634999365,8.605237868847325,-1174566.5157583018,-1392650.505673631,0.0,-444182.5777137971,-459278.6312180633,450360658.19940287,28762104.05648479,8.860080769984052,-1471955.368,30.750216,3.247367501294383,True
40,AmPhos,2.5,600,7.7504360063467175,5.87376865115948,-1448648.2235122398,-1666727.9666996289,0.0,-444179.8293960271,-459274.0409944233,25446155.673661835,519195526.3150639,10.04475414007902,-1746027.829,30.719679,2.480429511929864,False
40,AmPhos,2.5,900,7.7504360063467175,5.87376865115948,-1448648.2235122398,-1666727.9666996289,0.0,-444179.8293960271,-459274.0409944233,25446155.673661835,519195526.3150639,10.04475414007902,-1746027.829,30.719679,2.9070664111400752,True
50,PCy3,5.0,300,5.386629912303761,15.799888427136466,-1181201.1570659538,-1399278.250306785,0.0,-444180.6053534971,-459275.3273325533,1532091224.1574798,138.94977900613742,11.470260799862444,-1478588.598,30.651659,6.033150642510229,True
55,PCy3,5.0,300,5.619841332081705,15.778245627414435,-1181202.108324434,-1399279.578700225,0.0,-444180.9961217871,-459275.9780797033,1236356841.4585252,212.20339271961348,11.49026079988107,-1478589.761,30.649239,5.487210658254121,True
70,PCy3,2.5,150,6.319060322130099,15.71258249715902,-1181205.016602844,-1399283.6503425653,0.0,-444182.1795447971,-459277.9604423933,675840900.3850187,703.5944032201774,11.510260799899696,-1478593.323,30.646383,2.89490988497895,True
95,PPh3,2.5,900,7.587962673511356,8.576060798950493,-1174570.2778607318,-1392655.861721601,0.0,-444184.1887689871,-459281.3638484633,240114303.0566574,62209171.21206936,8.810080769937485,-1471960.119,30.625513,2.9679771531422707,True
95,PPh3,2.5,600,7.587962673511356,8.576060798950493,-1174570.2778607318,-1392655.861721601,0.0,-444184.1887689871,-459281.3638484633,240114303.0566574,62209171.21206936,8.810080769937485,-1471960.119,30.625513,2.349318535666015,False
75,PPh3,2.5,300,6.7019701634999365,8.605237868847325,-1174566.5157583018,-1392650.505673631,0.0,-444182.5777137971,-459278.6312180633,450360658.19940287,28762104.05648479,8.860080769984052,-1471955.368,30.616673,2.397583587726131,False
110,tBu3,2.5,150,6.2160072101978585,2.369938841788098,-1035512.0029327454,-1253594.1342415663,0.0,-444185.4162548871,-459283.4648965533,2273290524.405973,355148035352.39856,10.241022859932857,-1332892.243,30.609875,4.544818543740709,True
85,PPh3,2.5,600,7.145174543606117,8.590886169113219,-1174568.381525202,-1392653.157805681,0.0,-444183.3795727971,-459279.9876584633,325746448.51214564,42726861.212345295,8.820080769713968,-1471957.722,30.552357,2.507847185379503,False
85,PPh3,2.5,900,7.145174543606117,8.590886169113219,-1174568.381525202,-1392653.157805681,0.0,-444183.3795727971,-459279.9876584633,325746448.51214564,42726861.212345295,8.820080769713968,-1471957.722,30.552357,3.0787192828890153,True
50,SPhos,0.5,300,12.755355317611247,13.118702774168923,-1467638.4403806464,-1685716.9330423558,0.0,-444180.6053534971,-459275.3273325533,15916.88465788931,9039.164224608867,11.253033209824936,-1765027.423,30.548332,1.8299472489489321,False
95,PPh3,2.5,300,7.587962673511356,8.576060798950493,-1174570.2778607318,-1392655.861721601,0.0,-444184.1887689871,-459281.3638484633,240114303.0566574,62209171.21206936,8.810080769937485,-1471960.119,30.547066,2.0675076052138825,False
40,PCy3,2.5,300,4.919990771915764,15.842780746985227,-1181199.281804224,-1399275.6368391253,0.0,-444179.8293960271,-459274.0409944233,2404161775.521523,57.28616532257743,11.450260799843818,-1478586.312,30.507227,6.276146039929407,True
45,AmPhos,2.5,60,7.752247695811093,5.874414881225675,-1448649.49344555,-1666729.5855557488,0.0,-444180.2164438071,-459274.68163209327,31351881.181920238,611209014.8253787,10.044754140311852,-1746029.303,30.502682,2.3398380552025633,False
110,PCy3,0.5,300,8.180834452155977,15.532746417215094,-1181213.171484714,-1399295.1393802152,0.0,-444185.4162548871,-459283.4648965533,172162836.98092988,11027.85059731747,11.58026079996489,-1478603.371,30.491755,2.3836687429606487,False
80,PPh3,2.5,900,6.923625333700329,8.598122939001769,-1174567.4448146818,-1392651.825253221,0.0,-444182.9777243271,-459279.3069618933,382074322.1569108,35147655.19564593,8.840080770198256,-1471956.539,30.477728,3.152935783272672,True
80,PPh3,2.5,600,6.923625333700329,8.598122939001769,-1174567.4448146818,-1392651.825253221,0.0,-444182.9777243271,-459279.3069618933,382074322.1569108,35147655.19564593,8.840080770198256,-1471956.539,30.477728,2.583800114364142,False
35,AmPhos,2.5,300,7.74872154626064,5.87310508126393,-1448646.96733084,-1666726.3670402588,0.0,-444179.4442134271,-459273.4054358833,20515535.01400838,438831160.85585546,10.024754139827564,-1746026.373,30.407845,2.4112678502643647,False
85,PPh3,2.5,300,7.145174543606117,8.590886169113219,-1174568.381525202,-1392653.157805681,0.0,-444183.3795727971,-459279.9876584633,325746448.51214564,42726861.212345295,8.820080769713968,-1471957.722,30.345957,2.1876950141457323,False
80,PPh3,2.5,300,6.923625333700329,8.598122939001769,-1174567.4448146818,-1392651.825253221,0.0,-444182.9777243271,-459279.3069618933,382074322.1569108,35147655.19564593,8.840080770198256,-1471956.539,30.344185,2.279819719317782,False
40,SPhos,2.5,150,12.329091337975115,13.093037704238668,-1467636.1274611563,-1685713.9907695658,0.0,-444179.8293960271,-459274.0409944233,16226.357496488905,4754.117903615619,11.233033209806308,-1765024.75,30.332682,1.2252028928495617,False
50,PCy3,2.5,150,5.386629912303761,15.799888427136466,-1181201.1570659538,-1399278.250306785,0.0,-444180.6053534971,-459275.3273325533,1532091224.1574798,138.94977900613742,11.470260799862444,-1478588.598,30.232563,4.680821807151263,True
55,PCy3,2.5,150,5.619841332081705,15.778245627414435,-1181202.108324434,-1399279.578700225,0.0,-444180.9961217871,-459275.9780797033,1236356841.4585252,212.20339271961348,11.49026079988107,-1478589.761,30.230143,4.070903577719301,True
110,tBu3,5.0,150,6.2160072101978585,2.369938841788098,-1035512.0029327454,-1253594.1342415663,0.0,-444185.4162548871,-459283.4648965533,2273290524.405973,355148035352.39856,10.241022859932857,-1332892.243,30.185581,7.068186962135249,True
100,PPh3,2.5,600,7.809205203317106,8.568478679051623,-1174571.237460832,-1392657.233030061,0.0,-444184.5961092371,-459282.0593113233,207518786.22476524,74536709.26482123,8.790080769686028,-1471961.335,30.165121,2.2628087658146874,False
100,PPh3,2.5,900,7.809205203317106,8.568478679051623,-1174571.237460832,-1392657.233030061,0.0,-444184.5961092371,-459282.0593113233,207518786.22476524,74536709.26482123,8.790080769686028,-1471961.335,30.165121,2.933020687006696,True
45,PCy3,5.0,300,5.153346881968901,15.821401657303795,-1181200.214892354,-1399276.9363482052,0.0,-444180.2164438071,-459274.68163209327,1912087618.2914307,89.821001633762,11.460260800085962,-1478587.449,30.134327,6.8114884895199115,True
100,PPh3,2.5,300,7.809205203317106,8.568478679051623,-1174571.237460832,-1392657.233030061,0.0,-444184.5961092371,-459282.0593113233,207518786.22476524,74536709.26482123,8.790080769686028,-1471961.335,30.086672,2.038046049409355,False
65,PCy3,5.0,600,6.086055132094771,15.734588577179238,-1181204.038093594,-1399282.2787329652,0.0,-444181.7832208271,-459277.2946503733,821396234.204737,477.2639619023922,11.500260800123216,-1478592.123,30.075375,4.878204166684386,True
65,PCy3,5.0,900,6.086055132094771,15.734588577179238,-1181204.038093594,-1399282.2787329652,0.0,-444181.7832208271,-459277.2946503733,821396234.204737,477.2639619023922,11.500260800123216,-1478592.123,30.075375,5.139086837966525,True
35,AmPhos,2.5,600,7.74872154626064,5.87310508126393,-1448646.96733084,-1666726.3670402588,0.0,-444179.4442134271,-459273.4054358833,20515535.01400838,438831160.85585546,10.024754139827564,-1746026.373,30.026001,2.5524229190595022,False
35,AmPhos,2.5,900,7.74872154626064,5.87310508126393,-1448646.96733084,-1666726.3670402588,0.0,-444179.4442134271,-459273.4054358833,20515535.01400838,438831160.85585546,10.024754139827564,-1746026.373,30.026001,2.9632370298848274,True
105,PPh3,2.5,900,8.030349103501067,8.560787699185312,-1174572.204665182,-1392658.617201391,0.0,-444185.0052725071,-459282.7596657633,180096924.25953132,88909785.25421162,8.780080769909546,-1471962.562,30.024057,2.9008504405149838,True
105,PPh3,2.5,600,8.030349103501067,8.560787699185312,-1174572.204665182,-1392658.617201391,0.0,-444185.0052725071,-459282.7596657633,180096924.25953132,88909785.25421162,8.780080769909546,-1471962.562,30.024057,2.190225608396389,False
105,PPh3,2.5,300,8.030349103501067,8.560787699185312,-1174572.204665182,-1392658.617201391,0.0,-444185.0052725071,-459282.7596657633,180096924.25953132,88909785.25421162,8.780080769909546,-1471962.562,29.945604,2.0281213103117817,False
65,PCy3,2.5,60,6.086055132094771,15.734588577179238,-1181204.038093594,-1399282.2787329652,0.0,-444181.7832208271,-459277.2946503733,821396234.204737,477.2639619023922,11.500260800123216,-1478592.123,29.876026,3.298993676295487,True
45,AmPhos,2.5,150,7.752247695811093,5.874414881225675,-1448649.49344555,-1666729.5855557488,0.0,-444180.2164438071,-459274.68163209327,31351881.181920238,611209014.8253787,10.044754140311852,-1746029.303,29.775887,2.2786863825060726,False
45,PCy3,2.5,150,5.153346881968901,15.821401657303795,-1181200.214892354,-1399276.9363482052,0.0,-444180.2164438071,-459274.68163209327,1912087618.2914307,89.821001633762,11.460260800085962,-1478587.449,29.74214,5.5060797371413654,True
40,AmPhos,5.0,300,7.7504360063467175,5.87376865115948,-1448648.2235122398,-1666727.9666996289,0.0,-444179.8293960271,-459274.0409944233,25446155.673661835,519195526.3150639,10.04475414007902,-1746027.829,29.675703,4.261221808714366,True
60,PCy3,5.0,150,5.852982591837645,15.756477617193013,-1181203.068667194,-1399280.9215138752,0.0,-444181.3887453471,-459276.6338575833,1004486610.0706717,320.11672982123156,11.49026079988107,-1478590.935,29.649637,5.115134128193575,True
35,SPhos,2.5,150,12.115941647673026,13.080015553859994,-1467634.9886390064,-1685712.545169006,0.0,-444179.4442134271,-459273.4054358833,16397.835250945398,3396.653245732802,11.233033209806308,-1765023.437,29.500153,1.3455423527669492,False
40,PCy3,2.5,60,4.919990771915764,15.842780746985227,-1181199.281804224,-1399275.6368391253,0.0,-444179.8293960271,-459274.0409944233,2404161775.521523,57.28616532257743,11.450260799843818,-1478586.312,29.379177,6.2506127943004355,True
60,PCy3,5.0,60,5.852982591837645,15.756477617193013,-1181203.068667194,-1399280.9215138752,0.0,-444181.3887453471,-459276.6338575833,1004486610.0706717,320.11672982123156,11.49026079988107,-1478590.935,29.374437,5.154747367353549,True
35,PCy3,2.5,900,4.686560082016513,15.864020887063816,-1181198.357802244,-1399274.3517942752,0.0,-444179.4442134271,-459273.4054358833,3046579497.204595,36.02416633009954,11.440260799834505,-1478585.187,29.324612,7.888707964818709,True
35,PCy3,2.5,600,4.686560082016513,15.864020887063816,-1181198.357802244,-1399274.3517942752,0.0,-444179.4442134271,-459273.4054358833,3046579497.204595,36.02416633009954,11.440260799834505,-1478585.187,29.324612,7.4961958587559705,True
40,SPhos,5.0,150,12.329091337975115,13.093037704238668,-1467636.1274611563,-1685713.9907695658,0.0,-444179.8293960271,-459274.0409944233,16226.357496488905,4754.117903615619,11.233033209806308,-1765024.75,29.281479,3.7037479380042377,True
75,tBu3,2.5,900,6.184125390369445,2.3216712614521384,-1035505.3759921052,-1253584.7034391165,0.0,-444182.5777137971,-459278.6312180633,951979437.407301,253051580724.38177,10.211022860137746,-1332883.856,29.271255,5.905639549715903,True
75,tBu3,2.5,600,6.184125390369445,2.3216712614521384,-1035505.3759921052,-1253584.7034391165,0.0,-444182.5777137971,-459278.6312180633,951979437.407301,253051580724.38177,10.211022860137746,-1332883.856,29.271255,5.455416871949147,True
40,AmPhos,5.0,900,7.7504360063467175,5.87376865115948,-1448648.2235122398,-1666727.9666996289,0.0,-444179.8293960271,-459274.0409944233,25446155.673661835,519195526.3150639,10.04475414007902,-1746027.829,29.187841,4.5626147755712925,True
40,AmPhos,5.0,600,7.7504360063467175,5.87376865115948,-1448648.2235122398,-1666727.9666996289,0.0,-444179.8293960271,-459274.0409944233,25446155.673661835,519195526.3150639,10.04475414007902,-1746027.829,29.187841,4.282126810731294,True
60,AmPhos,0.5,300,7.758269566344097,5.876276281196624,-1448653.3854385698,-1666734.5568349787,0.0,-444181.3887453471,-459276.6338575833,56504996.742170885,969758568.6862029,10.064754140097648,-1746033.827,29.186731,2.40390254303532,False
80,tBu3,2.5,900,6.188491450273432,2.328311991179362,-1035506.2982548954,-1253586.0105196566,0.0,-444182.9777243271,-459279.3069618933,1089131885.4602783,266640655522.64627,10.221022859914228,-1332885.019,29.162199,5.819850692988537,True
80,tBu3,2.5,600,6.188491450273432,2.328311991179362,-1035506.2982548954,-1253586.0105196566,0.0,-444182.9777243271,-459279.3069618933,1089131885.4602783,266640655522.64627,10.221022859914228,-1332885.019,29.162199,5.341005605945799,True
40,SPhos,1.25,900,12.329091337975115,13.093037704238668,-1467636.1274611563,-1685713.9907695658,0.0,-444179.8293960271,-459274.0409944233,16226.357496488905,4754.117903615619,11.233033209806308,-1765024.75,29.144154,1.9546114074458956,False
40,SPhos,1.25,600,12.329091337975115,13.093037704238668,-1467636.1274611563,-1685713.9907695658,0.0,-444179.8293960271,-459274.0409944233,16226.357496488905,4754.117903615619,11.233033209806308,-1765024.75,29.144154,1.4023200650748726,False
65,PCy3,5.0,300,6.086055132094771,15.734588577179238,-1181204.038093594,-1399282.2787329652,0.0,-444181.7832208271,-459277.2946503733,821396234.204737,477.2639619023922,11.500260800123216,-1478592.123,29.082033,4.827374691359613,True
80,AmPhos,0.5,300,7.767676386283711,5.878667191136628,-1448658.76540038,-1666741.4511530988,0.0,-444182.9777243271,-459279.3069618933,114765823.68547367,1693608854.4062355,10.1047541401349,-1746040.097,29.08106,2.2184574679368527,False
45,SPhos,1.25,60,12.542228757869452,13.105931923957542,-1467637.2780460464,-1685715.453401906,0.0,-444180.2164438071,-459274.68163209327,16066.322263283877,6587.1253088950925,11.24303320958279,-1765026.079,29.075775,1.6405268858093671,False
90,tBu3,2.5,900,6.197412280365825,2.3418479312676936,-1035508.1673165852,-1253588.6650090865,0.0,-444183.7832555871,-459280.6732924233,1410251920.408977,294838346816.1321,10.211022860137746,-1332887.381,29.068422,5.701251417100925,True
90,tBu3,2.5,600,6.197412280365825,2.3418479312676936,-1035508.1673165852,-1253588.6650090865,0.0,-444183.7832555871,-459280.6732924233,1410251920.408977,294838346816.1321,10.211022860137746,-1332887.381,29.068422,5.133964841942588,True
75,tBu3,2.5,300,6.184125390369445,2.3216712614521384,-1035505.3759921052,-1253584.7034391165,0.0,-444182.5777137971,-459278.6312180633,951979437.407301,253051580724.38177,10.211022860137746,-1332883.856,29.05849,5.249917834031822,True
110,PPh3,1.25,150,8.251396073726937,8.552990769036114,-1174573.1794603218,-1392660.014206871,0.0,-444185.4162548871,-459283.4648965533,156924895.8507118,105600409.10840687,8.780080769909546,-1471963.799,29.057283,1.7258573535130772,False
90,PPh3,5.0,300,7.36661971360445,8.58353101904504,-1174569.325877972,-1392654.503304221,0.0,-444183.7832555871,-459280.6732924233,279039089.18806523,51680308.12636762,8.810080769471824,-1471958.915,29.038435,4.428707929907498,True
45,AmPhos,5.0,150,7.752247695811093,5.874414881225675,-1448649.49344555,-1666729.5855557488,0.0,-444180.2164438071,-459274.68163209327,31351881.181920238,611209014.8253787,10.044754140311852,-1746029.303,29.020708,4.259493398721852,True
35,PCy3,2.5,300,4.686560082016513,15.864020887063816,-1181198.357802244,-1399274.3517942752,0.0,-444179.4442134271,-459273.4054358833,3046579497.204595,36.02416633009954,11.440260799834505,-1478585.187,29.01207,7.27427407280764,True
90,PPh3,5.0,600,7.36661971360445,8.58353101904504,-1174569.325877972,-1392654.503304221,0.0,-444183.7832555871,-459280.6732924233,279039089.18806523,51680308.12636762,8.810080769471824,-1471958.915,28.983696,4.427960998832642,True
90,PPh3,5.0,900,7.36661971360445,8.58353101904504,-1174569.325877972,-1392654.503304221,0.0,-444183.7832555871,-459280.6732924233,279039089.18806523,51680308.12636762,8.810080769471824,-1471958.915,28.983696,4.634516749996906,True
75,AmPhos,0.5,300,7.765176666202024,5.878072671126574,-1448657.40007451,-1666739.6992151788,0.0,-444182.5777137971,-459278.6312180633,96861894.34963281,1481652272.140351,10.10475413990207,-1746038.504,28.967697,2.2523122634552664,False
80,tBu3,2.5,300,6.188491450273432,2.328311991179362,-1035506.2982548954,-1253586.0105196566,0.0,-444182.9777243271,-459279.3069618933,1089131885.4602783,266640655522.64627,10.221022859914228,-1332885.019,28.949434,5.105149979110434,True
105,PCy3,1.25,600,7.948321542236954,15.555563907371834,-1181212.120372024,-1399293.653224585,0.0,-444185.0052725071,-459282.7596657633,200868825.2077691,8062.205049708938,11.570260799955577,-1478602.071,28.942017,2.0270666194050775,False
105,PCy3,1.25,900,7.948321542236954,15.555563907371834,-1181212.120372024,-1399293.653224585,0.0,-444185.0052725071,-459282.7596657633,200868825.2077691,8062.205049708938,11.570260799955577,-1478602.071,28.942017,2.7349055771801623,True
90,tBu3,2.5,300,6.197412280365825,2.3418479312676936,-1035508.1673165852,-1253588.6650090865,0.0,-444183.7832555871,-459280.6732924233,1410251920.408977,294838346816.1321,10.211022860137746,-1332887.381,28.93792,4.819930071221246,True
110,PPh3,1.25,60,8.251396073726937,8.552990769036114,-1174573.1794603218,-1392660.014206871,0.0,-444185.4162548871,-459283.4648965533,156924895.8507118,105600409.10840687,8.780080769909546,-1471963.799,28.859386,1.7855085412683274,False
95,tBu3,2.5,600,6.201966980355792,2.348743251292035,-1035509.1140686752,-1253590.0123421666,0.0,-444184.1887689871,-459281.3638484633,1596559639.7565093,309435514394.05896,10.231022860156372,-1332888.579,28.847738,5.059233665310126,True
95,tBu3,2.5,900,6.201966980355792,2.348743251292035,-1035509.1140686752,-1253590.0123421666,0.0,-444184.1887689871,-459281.3638484633,1596559639.7565093,309435514394.05896,10.231022860156372,-1332888.579,28.847738,5.688349703958651,True
95,PPh3,5.0,300,7.587962673511356,8.576060798950493,-1174570.2778607318,-1392655.861721601,0.0,-444184.1887689871,-459281.3638484633,240114303.0566574,62209171.21206936,8.810080769937485,-1471960.119,28.790583,4.378194874026383,True
75,PPh3,5.0,900,6.7019701634999365,8.605237868847325,-1174566.5157583018,-1392650.505673631,0.0,-444182.5777137971,-459278.6312180633,450360658.19940287,28762104.05648479,8.860080769984052,-1471955.368,28.784595,4.76625780516328,True
75,PPh3,5.0,600,6.7019701634999365,8.605237868847325,-1174566.5157583018,-1392650.505673631,0.0,-444182.5777137971,-459278.6312180633,450360658.19940287,28762104.05648479,8.860080769984052,-1471955.368,28.784595,4.57379933171857,True
95,PPh3,5.0,600,7.587962673511356,8.576060798950493,-1174570.2778607318,-1392655.861721601,0.0,-444184.1887689871,-459281.3638484633,240114303.0566574,62209171.21206936,8.810080769937485,-1471960.119,28.763012,4.395314015422481,True
95,PPh3,5.0,900,7.587962673511356,8.576060798950493,-1174570.2778607318,-1392655.861721601,0.0,-444184.1887689871,-459281.3638484633,240114303.0566574,62209171.21206936,8.810080769937485,-1471960.119,28.763012,4.60892391590123,True
75,PPh3,5.0,300,6.7019701634999365,8.605237868847325,-1174566.5157583018,-1392650.505673631,0.0,-444182.5777137971,-459278.6312180633,450360658.19940287,28762104.05648479,8.860080769984052,-1471955.368,28.757076,4.632652560703803,True
85,tBu3,2.5,900,6.192920420202427,2.3350375215522945,-1035507.2287042254,-1253587.3310556363,0.0,-444183.3795727971,-459279.9876584633,1241505808.0381713,280571455641.2495,10.211022859904917,-1332886.194,28.751165,5.74898983366889,True
85,tBu3,2.5,600,6.192920420202427,2.3350375215522945,-1035507.2287042254,-1253587.3310556363,0.0,-444183.3795727971,-459279.9876584633,1241505808.0381713,280571455641.2495,10.211022859904917,-1332886.194,28.751165,5.234032111484023,True
60,AmPhos,0.5,600,7.758269566344097,5.876276281196624,-1448653.3854385698,-1666734.5568349787,0.0,-444181.3887453471,-459276.6338575833,56504996.742170885,969758568.6862029,10.064754140097648,-1746033.827,28.749498,2.2143753369976578,False
60,AmPhos,0.5,900,7.758269566344097,5.876276281196624,-1448653.3854385698,-1666734.5568349787,0.0,-444181.3887453471,-459276.6338575833,56504996.742170885,969758568.6862029,10.064754140097648,-1746033.827,28.749498,2.5896643029390405,False
35,AmPhos,5.0,300,7.74872154626064,5.87310508126393,-1448646.96733084,-1666726.3670402588,0.0,-444179.4442134271,-459273.4054358833,20515535.01400838,438831160.85585546,10.024754139827564,-1746026.373,28.69875,4.304439677732075,True
95,tBu3,2.5,300,6.201966980355792,2.348743251292035,-1035509.1140686752,-1253590.0123421666,0.0,-444184.1887689871,-459281.3638484633,1596559639.7565093,309435514394.05896,10.231022860156372,-1332888.579,28.690067,4.690325255386254,True
85,PPh3,5.0,600,7.145174543606117,8.590886169113219,-1174568.381525202,-1392653.157805681,0.0,-444183.3795727971,-459279.9876584633,325746448.51214564,42726861.212345295,8.820080769713968,-1471957.722,28.689854,4.473778969566728,True
85,PPh3,5.0,900,7.145174543606117,8.590886169113219,-1174568.381525202,-1392653.157805681,0.0,-444183.3795727971,-459279.9876584633,325746448.51214564,42726861.212345295,8.820080769713968,-1471957.722,28.689854,4.671706518551039,True
80,PPh3,5.0,600,6.923625333700329,8.598122939001769,-1174567.4448146818,-1392651.825253221,0.0,-444182.9777243271,-459279.3069618933,382074322.1569108,35147655.19564593,8.840080770198256,-1471956.539,28.664316,4.520671559656987,True
80,PPh3,5.0,900,6.923625333700329,8.598122939001769,-1174567.4448146818,-1392651.825253221,0.0,-444182.9777243271,-459279.3069618933,382074322.1569108,35147655.19564593,8.840080770198256,-1471956.539,28.664316,4.715545458593733,True
35,SPhos,1.25,600,12.115941647673026,13.080015553859994,-1467634.9886390064,-1685712.545169006,0.0,-444179.4442134271,-459273.4054358833,16397.835250945398,3396.653245732802,11.233033209806308,-1765023.437,28.65957,1.5460360923529712,False
35,SPhos,1.25,900,12.115941647673026,13.080015553859994,-1467634.9886390064,-1685712.545169006,0.0,-444179.4442134271,-459273.4054358833,16397.835250945398,3396.653245732802,11.233033209806308,-1765023.437,28.65957,2.0551483568620847,False
105,PPh3,5.0,600,8.030349103501067,8.560787699185312,-1174572.204665182,-1392658.617201391,0.0,-444185.0052725071,-459282.7596657633,180096924.25953132,88909785.25421162,8.780080769909546,-1471962.562,28.657616,4.342436218587131,True
105,PPh3,5.0,900,8.030349103501067,8.560787699185312,-1174572.204665182,-1392658.617201391,0.0,-444185.0052725071,-459282.7596657633,180096924.25953132,88909785.25421162,8.780080769909546,-1471962.562,28.657616,4.57495058779732,True
80,AmPhos,0.5,900,7.767676386283711,5.878667191136628,-1448658.76540038,-1666741.4511530988,0.0,-444182.9777243271,-459279.3069618933,114765823.68547367,1693608854.4062355,10.1047541401349,-1746040.097,28.65028,2.523819656797162,False
80,AmPhos,0.5,600,7.767676386283711,5.878667191136628,-1448658.76540038,-1666741.4511530988,0.0,-444182.9777243271,-459279.3069618933,114765823.68547367,1693608854.4062355,10.1047541401349,-1746040.097,28.65028,2.1390566543339076,False
50,SPhos,0.5,60,12.755355317611247,13.118702774168923,-1467638.4403806464,-1685716.9330423558,0.0,-444180.6053534971,-459275.3273325533,15916.88465788931,9039.164224608867,11.253033209824936,-1765027.423,28.647106,2.0065195116611525,False
80,PPh3,5.0,300,6.923625333700329,8.598122939001769,-1174567.4448146818,-1392651.825253221,0.0,-444182.9777243271,-459279.3069618933,382074322.1569108,35147655.19564593,8.840080770198256,-1471956.539,28.636797,4.556159772639558,True
90,PCy3,1.25,900,7.250434421934187,15.623461617389694,-1181209.021445404,-1399289.280377695,0.0,-444183.7832555871,-459280.6732924233,327782387.80955976,2996.947120354819,11.540260799927635,-1478598.247,28.618198,2.8393922885706333,True
90,PCy3,1.25,600,7.250434421934187,15.623461617389694,-1181209.021445404,-1399289.280377695,0.0,-444183.7832555871,-459280.6732924233,327782387.80955976,2996.947120354819,11.540260799927635,-1478598.247,28.618198,2.26787486265604,False
105,PPh3,5.0,300,8.030349103501067,8.560787699185312,-1174572.204665182,-1392658.617201391,0.0,-444185.0052725071,-459282.7596657633,180096924.25953132,88909785.25421162,8.780080769909546,-1471962.562,28.60403,4.313260387980848,True
85,PPh3,5.0,300,7.145174543606117,8.590886169113219,-1174568.381525202,-1392653.157805681,0.0,-444183.3795727971,-459279.9876584633,325746448.51214564,42726861.212345295,8.820080769713968,-1471957.722,28.589478,4.4921307564834665,True
75,AmPhos,0.5,900,7.765176666202024,5.878072671126574,-1448657.40007451,-1666739.6992151788,0.0,-444182.5777137971,-459278.6312180633,96861894.34963281,1481652272.140351,10.10475413990207,-1746038.504,28.542665,2.5204550022195487,False
75,AmPhos,0.5,600,7.765176666202024,5.878072671126574,-1448657.40007451,-1666739.6992151788,0.0,-444182.5777137971,-459278.6312180633,96861894.34963281,1481652272.140351,10.10475413990207,-1746038.504,28.542665,2.1354641683141806,False
40,SPhos,1.25,300,12.329091337975115,13.093037704238668,-1467636.1274611563,-1685713.9907695658,0.0,-444179.8293960271,-459274.0409944233,16226.357496488905,4754.117903615619,11.233033209806308,-1765024.75,28.47947,1.660280340002469,False
85,tBu3,2.5,300,6.192920420202427,2.3350375215522945,-1035507.2287042254,-1253587.3310556363,0.0,-444183.3795727971,-459279.9876584633,1241505808.0381713,280571455641.2495,10.211022859904917,-1332886.194,28.465544,4.960541887173005,True
70,PCy3,5.0,150,6.319060322130099,15.71258249715902,-1181205.016602844,-1399283.6503425653,0.0,-444182.1795447971,-459277.9604423933,675840900.3850187,703.5944032201774,11.510260799899696,-1478593.323,28.458403,4.6516008258394175,True
100,PPh3,5.0,900,7.809205203317106,8.568478679051623,-1174571.237460832,-1392657.233030061,0.0,-444184.5961092371,-459282.0593113233,207518786.22476524,74536709.26482123,8.790080769686028,-1471961.335,28.456898,4.597356404306192,True
100,PPh3,5.0,600,7.809205203317106,8.568478679051623,-1174571.237460832,-1392657.233030061,0.0,-444184.5961092371,-459282.0593113233,207518786.22476524,74536709.26482123,8.790080769686028,-1471961.335,28.456898,4.368222020426861,True
100,PPh3,5.0,300,7.809205203317106,8.568478679051623,-1174571.237460832,-1392657.233030061,0.0,-444184.5961092371,-459282.0593113233,207518786.22476524,74536709.26482123,8.790080769686028,-1471961.335,28.403316,4.340527304789572,True
105,PCy3,1.25,300,7.948321542236954,15.555563907371834,-1181212.120372024,-1399293.653224585,0.0,-444185.0052725071,-459282.7596657633,200868825.2077691,8062.205049708938,11.570260799955577,-1478602.071,28.39526,1.9143825794415885,False
110,tBu3,1.25,900,6.2160072101978585,2.369938841788098,-1035512.0029327454,-1253594.1342415663,0.0,-444185.4162548871,-459283.4648965533,2273290524.405973,355148035352.39856,10.241022859932857,-1332892.243,28.302153,5.885201375446436,True
110,tBu3,1.25,600,6.2160072101978585,2.369938841788098,-1035512.0029327454,-1253594.1342415663,0.0,-444185.4162548871,-459283.4648965533,2273290524.405973,355148035352.39856,10.241022859932857,-1332892.243,28.302153,5.0470457618352125,True
95,PCy3,1.25,900,7.483122691977769,15.600924426922575,-1181210.045349194,-1399290.7237053553,0.0,-444184.1887689871,-459281.3638484633,277111197.40086144,4204.286100471907,11.55026079993695,-1478599.509,28.299757,2.784353648047213,True
95,PCy3,1.25,600,7.483122691977769,15.600924426922575,-1181210.045349194,-1399290.7237053553,0.0,-444184.1887689871,-459281.3638484633,277111197.40086144,4204.286100471907,11.55026079993695,-1478599.509,28.299757,2.1669903720944608,False
100,tBu3,2.5,900,6.206584440427832,2.3557235216721892,-1035510.0689373752,-1253591.3730170864,0.0,-444184.5961092371,-459282.0593113233,1801655380.2815652,324356961675.8968,10.231022859923542,-1332889.789,28.28633,5.726775023131431,True
100,tBu3,2.5,600,6.206584440427832,2.3557235216721892,-1035510.0689373752,-1253591.3730170864,0.0,-444184.5961092371,-459282.0593113233,1801655380.2815652,324356961675.8968,10.231022859923542,-1332889.789,28.28633,5.029844646330491,True
85,AmPhos,0.5,300,7.770274856360629,5.8792628310620785,-1448660.1442340498,-1666743.2219218889,0.0,-444183.3795727971,-459279.9876584633,135344656.87153196,1929051411.7507188,10.114754139911383,-1746041.706,28.276388,2.181362238195723,False
35,AmPhos,5.0,900,7.74872154626064,5.87310508126393,-1448646.96733084,-1666726.3670402588,0.0,-444179.4442134271,-459273.4054358833,20515535.01400838,438831160.85585546,10.024754139827564,-1746026.373,28.210888,4.595707821602604,True
35,AmPhos,5.0,600,7.74872154626064,5.87310508126393,-1448646.96733084,-1666726.3670402588,0.0,-444179.4442134271,-459273.4054358833,20515535.01400838,438831160.85585546,10.024754139827564,-1746026.373,28.210888,4.32289360716451,True
110,tBu3,5.0,60,6.2160072101978585,2.369938841788098,-1035512.0029327454,-1253594.1342415663,0.0,-444185.4162548871,-459283.4648965533,2273290524.405973,355148035352.39856,10.241022859932857,-1332892.243,28.174831,7.1044223358177545,True
105,tBu3,2.5,600,6.211264560231939,2.3627887312322855,-1035511.0318996854,-1253592.7469961166,0.0,-444185.0052725071,-459282.7596657633,2026800721.8335,339596555279.8129,10.231022860156372,-1332891.011,28.145258,5.083437098129949,True
105,tBu3,2.5,900,6.211264560231939,2.3627887312322855,-1035511.0318996854,-1253592.7469961166,0.0,-444185.0052725071,-459282.7596657633,2026800721.8335,339596555279.8129,10.231022860156372,-1332891.011,28.145258,5.841981092478915,True
90,AmPhos,0.5,300,7.772972056176513,5.879861411172897,-1448661.5365463,-1666745.0114768487,0.0,-444183.7832555871,-459280.6732924233,158899047.92967576,2189775158.43863,10.114754140144214,-1746043.333,28.097862,2.158300269137693,False
90,PCy3,1.25,300,7.250434421934187,15.623461617389694,-1181209.021445404,-1399289.280377695,0.0,-444183.7832555871,-459280.6732924233,327782387.80955976,2996.947120354819,11.540260799927635,-1478598.247,28.00477,2.1100577245358645,False
35,SPhos,1.25,300,12.115941647673026,13.080015553859994,-1467634.9886390064,-1685712.545169006,0.0,-444179.4442134271,-459273.4054358833,16397.835250945398,3396.653245732802,11.233033209806308,-1765023.437,27.994886,1.8051359500805113,False
70,PCy3,5.0,60,6.319060322130099,15.71258249715902,-1181205.016602844,-1399283.6503425653,0.0,-444182.1795447971,-459277.9604423933,675840900.3850187,703.5944032201774,11.510260799899696,-1478593.323,27.99046,4.697739062441963,True
65,PCy3,2.5,150,6.086055132094771,15.734588577179238,-1181204.038093594,-1399282.2787329652,0.0,-444181.7832208271,-459277.2946503733,821396234.204737,477.2639619023922,11.500260800123216,-1478592.123,27.982788,3.209274547856574,True
85,AmPhos,0.5,600,7.770274856360629,5.8792628310620785,-1448660.1442340498,-1666743.2219218889,0.0,-444183.3795727971,-459279.9876584633,135344656.87153196,1929051411.7507188,10.114754139911383,-1746041.706,27.977404,2.155298124858233,False
85,AmPhos,0.5,900,7.770274856360629,5.8792628310620785,-1448660.1442340498,-1666743.2219218889,0.0,-444183.3795727971,-459279.9876584633,135344656.87153196,1929051411.7507188,10.114754139911383,-1746041.706,27.977404,2.538328566192317,False
110,tBu3,1.25,300,6.2160072101978585,2.369938841788098,-1035512.0029327454,-1253594.1342415663,0.0,-444185.4162548871,-459283.4648965533,2273290524.405973,355148035352.39856,10.241022859932857,-1332892.243,27.9288,4.385911352997571,True
40,AmPhos,2.5,60,7.7504360063467175,5.87376865115948,-1448648.2235122398,-1666727.9666996289,0.0,-444179.8293960271,-459274.0409944233,25446155.673661835,519195526.3150639,10.04475414007902,-1746027.829,27.914686,2.4066798100894875,False
100,tBu3,2.5,300,6.206584440427832,2.3557235216721892,-1035510.0689373752,-1253591.3730170864,0.0,-444184.5961092371,-459282.0593113233,1801655380.2815652,324356961675.8968,10.231022859923542,-1332889.789,27.898193,4.586866944673266,True
35,PCy3,2.5,60,4.686560082016513,15.864020887063816,-1181198.357802244,-1399274.3517942752,0.0,-444179.4442134271,-459273.4054358833,3046579497.204595,36.02416633009954,11.440260799834505,-1478585.187,27.895132,7.240991189640323,True
95,AmPhos,0.5,300,7.775767956394702,5.880464641144499,-1448662.9423079798,-1666746.819773289,0.0,-444184.1887689871,-459281.3638484633,185751096.01665783,2477640150.4684305,10.13475413993001,-1746044.976,27.873524,2.1391349681374012,False
35,SPhos,5.0,150,12.115941647673026,13.080015553859994,-1467634.9886390064,-1685712.545169006,0.0,-444179.4442134271,-459273.4054358833,16397.835250945398,3396.653245732802,11.233033209806308,-1765023.437,27.865759,3.7506260514667176,True
100,PCy3,1.25,900,7.715751342009753,15.578290867153555,-1181211.078325714,-1399292.1813268852,0.0,-444184.5961092371,-459282.0593113233,235391606.64992365,5846.569732551803,11.560260799713433,-1478600.784,27.842354,2.7534287436819205,True
100,PCy3,1.25,600,7.715751342009753,15.578290867153555,-1181211.078325714,-1399292.1813268852,0.0,-444184.5961092371,-459282.0593113233,235391606.64992365,5846.569732551803,11.560260799713433,-1478600.784,27.842354,2.0875776540944826,False
45,SPhos,1.25,150,12.542228757869452,13.105931923957542,-1467637.2780460464,-1685715.453401906,0.0,-444180.2164438071,-459274.68163209327,16066.322263283877,6587.1253088950925,11.24303320958279,-1765026.079,27.820768,1.5978691604892137,False
90,PPh3,2.5,60,7.36661971360445,8.58353101904504,-1174569.325877972,-1392654.503304221,0.0,-444183.7832555871,-459280.6732924233,279039089.18806523,51680308.12636762,8.810080769471824,-1471958.915,27.796074,2.2379792830650516,False
50,SPhos,0.5,150,12.755355317611247,13.118702774168923,-1467638.4403806464,-1685716.9330423558,0.0,-444180.6053534971,-459275.3273325533,15916.88465788931,9039.164224608867,11.253033209824936,-1765027.423,27.79066,1.937948690332331,False
105,tBu3,2.5,300,6.211264560231939,2.3627887312322855,-1035511.0318996854,-1253592.7469961166,0.0,-444185.0052725071,-459282.7596657633,2026800721.8335,339596555279.8129,10.231022860156372,-1332891.011,27.757126,4.551554784589604,True
50,PCy3,5.0,150,5.386629912303761,15.799888427136466,-1181201.1570659538,-1399278.250306785,0.0,-444180.6053534971,-459275.3273325533,1532091224.1574798,138.94977900613742,11.470260799862444,-1478588.598,27.676949,6.058573932964537,True
55,PCy3,5.0,150,5.619841332081705,15.778245627414435,-1181202.108324434,-1399279.578700225,0.0,-444180.9961217871,-459275.9780797033,1236356841.4585252,212.20339271961348,11.49026079988107,-1478589.761,27.674528,5.504838436551411,True
95,PCy3,1.25,300,7.483122691977769,15.600924426922575,-1181210.045349194,-1399290.7237053553,0.0,-444184.1887689871,-459281.3638484633,277111197.40086144,4204.286100471907,11.55026079993695,-1478599.509,27.65916,2.0170930079871523,False
90,AmPhos,0.5,600,7.772972056176513,5.879861411172897,-1448661.5365463,-1666745.0114768487,0.0,-444183.7832555871,-459280.6732924233,158899047.92967576,2189775158.43863,10.114754140144214,-1746043.333,27.643757,2.1661885501864906,False
90,AmPhos,0.5,900,7.772972056176513,5.879861411172897,-1448661.5365463,-1666745.0114768487,0.0,-444183.7832555871,-459280.6732924233,158899047.92967576,2189775158.43863,10.114754140144214,-1746043.333,27.643757,2.5681173580214676,False
40,SPhos,5.0,60,12.329091337975115,13.093037704238668,-1467636.1274611563,-1685713.9907695658,0.0,-444179.8293960271,-459274.0409944233,16226.357496488905,4754.117903615619,11.233033209806308,-1765024.75,27.588762,3.735468784176706,True
95,PPh3,2.5,60,7.587962673511356,8.576060798950493,-1174570.2778607318,-1392655.861721601,0.0,-444184.1887689871,-459281.3638484633,240114303.0566574,62209171.21206936,8.810080769937485,-1471960.119,27.542036,2.1904057635593333,False
95,AmPhos,0.5,900,7.775767956394702,5.880464641144499,-1448662.9423079798,-1666746.819773289,0.0,-444184.1887689871,-459281.3638484633,185751096.01665783,2477640150.4684305,10.13475413993001,-1746044.976,27.493261,2.608531026076709,False
95,AmPhos,0.5,600,7.775767956394702,5.880464641144499,-1448662.9423079798,-1666746.819773289,0.0,-444184.1887689871,-459281.3638484633,185751096.01665783,2477640150.4684305,10.13475413993001,-1746044.976,27.493261,2.178313109834906,False
50,PCy3,5.0,60,5.386629912303761,15.799888427136466,-1181201.1570659538,-1399278.250306785,0.0,-444180.6053534971,-459275.3273325533,1532091224.1574798,138.94977900613742,11.470260799862444,-1478588.598,27.43894,6.092109786189847,True
55,PCy3,5.0,60,5.619841332081705,15.778245627414435,-1181202.108324434,-1399279.578700225,0.0,-444180.9961217871,-459275.9780797033,1236356841.4585252,212.20339271961348,11.49026079988107,-1478589.761,27.43652,5.541677790119168,True
75,tBu3,5.0,900,6.184125390369445,2.3216712614521384,-1035505.3759921052,-1253584.7034391165,0.0,-444182.5777137971,-459278.6312180633,951979437.407301,253051580724.38177,10.211022860137746,-1332883.856,27.3959,7.432922417385926,True
75,tBu3,5.0,600,6.184125390369445,2.3216712614521384,-1035505.3759921052,-1253584.7034391165,0.0,-444182.5777137971,-459278.6312180633,951979437.407301,253051580724.38177,10.211022860137746,-1332883.856,27.3959,7.078474982423145,True
40,PCy3,2.5,150,4.919990771915764,15.842780746985227,-1181199.281804224,-1399275.6368391253,0.0,-444179.8293960271,-459274.0409944233,2404161775.521523,57.28616532257743,11.450260799843818,-1478586.312,27.340809,6.253392773291831,True
40,PCy3,5.0,600,4.919990771915764,15.842780746985227,-1181199.281804224,-1399275.6368391253,0.0,-444179.8293960271,-459274.0409944233,2404161775.521523,57.28616532257743,11.450260799843818,-1478586.312,27.331694,7.865534042570668,True
40,PCy3,5.0,900,4.919990771915764,15.842780746985227,-1181199.281804224,-1399275.6368391253,0.0,-444179.8293960271,-459274.0409944233,2404161775.521523,57.28616532257743,11.450260799843818,-1478586.312,27.331694,8.126048510402196,True
100,PCy3,1.25,300,7.715751342009753,15.578290867153555,-1181211.078325714,-1399292.1813268852,0.0,-444184.5961092371,-459282.0593113233,235391606.64992365,5846.569732551803,11.560260799713433,-1478600.784,27.295599,1.9528298304162113,False
75,tBu3,5.0,300,6.184125390369445,2.3216712614521384,-1035505.3759921052,-1253584.7034391165,0.0,-444182.5777137971,-459278.6312180633,951979437.407301,253051580724.38177,10.211022860137746,-1332883.856,27.289154,6.960475770117325,True
85,PPh3,2.5,60,7.145174543606117,8.590886169113219,-1174568.381525202,-1392653.157805681,0.0,-444183.3795727971,-459279.9876584633,325746448.51214564,42726861.212345295,8.820080769713968,-1471957.722,27.289078,2.3046708880255964,False
110,PCy3,0.5,60,8.180834452155977,15.532746417215094,-1181213.171484714,-1399295.1393802152,0.0,-444185.4162548871,-459283.4648965533,172162836.98092988,11027.85059731747,11.58026079996489,-1478603.371,27.258257,2.4207173383041214,False
35,AmPhos,2.5,60,7.74872154626064,5.87310508126393,-1448646.96733084,-1666726.3670402588,0.0,-444179.4442134271,-459273.4054358833,20515535.01400838,438831160.85585546,10.024754139827564,-1746026.373,27.221008,2.4884528006409945,False
75,PPh3,2.5,60,6.7019701634999365,8.605237868847325,-1174566.5157583018,-1392650.505673631,0.0,-444182.5777137971,-459278.6312180633,450360658.19940287,28762104.05648479,8.860080769984052,-1471955.368,27.22068,2.5043910027959564,False
80,tBu3,5.0,900,6.188491450273432,2.328311991179362,-1035506.2982548954,-1253586.0105196566,0.0,-444182.9777243271,-459279.3069618933,1089131885.4602783,266640655522.64627,10.221022859914228,-1332885.019,27.214003,7.362896170674896,True
80,tBu3,5.0,600,6.188491450273432,2.328311991179362,-1035506.2982548954,-1253586.0105196566,0.0,-444182.9777243271,-459279.3069618933,1089131885.4602783,266640655522.64627,10.221022859914228,-1332885.019,27.214003,6.994356391909745,True
40,AmPhos,2.5,150,7.7504360063467175,5.87376865115948,-1448648.2235122398,-1666727.9666996289,0.0,-444179.8293960271,-459274.0409944233,25446155.673661835,519195526.3150639,10.04475414007902,-1746027.829,27.187891,2.3625544549271504,False
45,PCy3,5.0,150,5.153346881968901,15.821401657303795,-1181200.214892354,-1399276.9363482052,0.0,-444180.2164438071,-459274.68163209327,1912087618.2914307,89.821001633762,11.460260800085962,-1478587.449,27.186527,6.84223452831062,True
75,PCy3,1.25,900,6.551999532151967,15.690463187173009,-1181206.004193984,-1399285.0363275053,0.0,-444182.5777137971,-459278.6312180633,559373170.3764096,1026.139425499056,11.52026079990901,-1478594.535,27.181173,3.1953704737434667,True
75,PCy3,1.25,600,6.551999532151967,15.690463187173009,-1181206.004193984,-1399285.0363275053,0.0,-444182.5777137971,-459278.6312180633,559373170.3764096,1026.139425499056,11.52026079990901,-1478594.535,27.181173,2.7333185433760194,True
100,PPh3,2.5,60,7.809205203317106,8.568478679051623,-1174571.237460832,-1392657.233030061,0.0,-444184.5961092371,-459282.0593113233,207518786.22476524,74536709.26482123,8.790080769686028,-1471961.335,27.132267,2.162383832288248,False
80,tBu3,5.0,300,6.188491450273432,2.328311991179362,-1035506.2982548954,-1253586.0105196566,0.0,-444182.9777243271,-459279.3069618933,1089131885.4602783,266640655522.64627,10.221022859914228,-1332885.019,27.107256,6.864494243653399,True
80,PPh3,2.5,60,6.923625333700329,8.598122939001769,-1174567.4448146818,-1392651.825253221,0.0,-444182.9777243271,-459279.3069618933,382074322.1569108,35147655.19564593,8.840080770198256,-1471956.539,27.097937,2.3923125689394262,False
90,tBu3,5.0,900,6.197412280365825,2.3418479312676936,-1035508.1673165852,-1253588.6650090865,0.0,-444183.7832555871,-459280.6732924233,1410251920.408977,294838346816.1321,10.211022860137746,-1332887.381,27.071135,7.292095580585605,True
90,tBu3,5.0,600,6.197412280365825,2.3418479312676936,-1035508.1673165852,-1253588.6650090865,0.0,-444183.7832555871,-459280.6732924233,1410251920.408977,294838346816.1321,10.211022860137746,-1332887.381,27.071135,6.89152588408219,True
40,PCy3,5.0,300,4.919990771915764,15.842780746985227,-1181199.281804224,-1399275.6368391253,0.0,-444179.8293960271,-459274.0409944233,2404161775.521523,57.28616532257743,11.450260799843818,-1478586.312,27.062698,7.752409068281295,True
80,PCy3,1.25,600,6.784874092321843,15.668234297074378,-1181207.0008658338,-1399286.4366722952,0.0,-444182.9777243271,-459279.3069618933,465600155.4395874,1481.173254296473,11.530260799918324,-1478595.76,27.056421,2.543739778783549,False
80,PCy3,1.25,900,6.784874092321843,15.668234297074378,-1181207.0008658338,-1399286.4366722952,0.0,-444182.9777243271,-459279.3069618933,465600155.4395874,1481.173254296473,11.530260799918324,-1478595.76,27.056421,3.0382831271995556,True
45,PCy3,5.0,60,5.153346881968901,15.821401657303795,-1181200.214892354,-1399276.9363482052,0.0,-444180.2164438071,-459274.68163209327,1912087618.2914307,89.821001633762,11.460260800085962,-1478587.449,27.046997,6.872009740198327,True
90,tBu3,5.0,300,6.197412280365825,2.3418479312676936,-1035508.1673165852,-1253588.6650090865,0.0,-444183.7832555871,-459280.6732924233,1410251920.408977,294838346816.1321,10.211022860137746,-1332887.381,27.04665,6.734016635021852,True
105,PPh3,2.5,60,8.030349103501067,8.560787699185312,-1174572.204665182,-1392658.617201391,0.0,-444185.0052725071,-459282.7596657633,180096924.25953132,88909785.25421162,8.780080769909546,-1471962.562,27.041245,2.153109590548406,False
105,AmPhos,0.5,300,7.781655416125432,5.881691461196169,-1448665.7940633,-1666750.4924117788,0.0,-444185.0052725071,-459282.7596657633,250745995.55878735,3142544623.0222883,10.154754139715806,-1746048.313,26.997168,2.159596039418532,False
100,AmPhos,0.5,300,7.778662436408922,5.881074141012505,-1448664.3614900098,-1666748.646766529,0.0,-444184.5961092371,-459282.0593113233,216244734.80658674,2794569040.851907,10.144754139939325,-1746046.636,26.997168,2.1387078445154004,False
110,PCy3,0.5,150,8.180834452155977,15.532746417215094,-1181213.171484714,-1399295.1393802152,0.0,-444185.4162548871,-459283.4648965533,172162836.98092988,11027.85059731747,11.58026079996489,-1478603.371,26.966486,2.3603901150886015,False
60,PPh3,2.5,600,6.036349423462525,8.62581462902017,-1174563.774626812,-1392646.625033041,0.0,-444181.3887453471,-459276.6338575833,761476604.9771326,15239905.796493253,8.870080770226195,-1471951.922,26.95732,3.153247790552716,True
60,PPh3,2.5,900,6.036349423462525,8.62581462902017,-1174563.774626812,-1392646.625033041,0.0,-444181.3887453471,-459276.6338575833,761476604.9771326,15239905.796493253,8.870080770226195,-1471951.922,26.95732,3.628104336066008,True
45,AmPhos,5.0,60,7.752247695811093,5.874414881225675,-1448649.49344555,-1666729.5855557488,0.0,-444180.2164438071,-459274.68163209327,31351881.181920238,611209014.8253787,10.044754140311852,-1746029.303,26.940346,4.326603523929603,True
30,XPhos,2.5,300,6.959117609541863,10.523091319017112,-1545773.373035411,-1763856.482803141,0.0,-444179.0608992771,-459272.7749729833,60753761.84242585,163780.2869910142,10.609905860153958,-1843158.462,26.89159,1.9019943804915613,False
75,PCy3,1.25,300,6.551999532151967,15.690463187173009,-1181206.004193984,-1399285.0363275053,0.0,-444182.5777137971,-459278.6312180633,559373170.3764096,1026.139425499056,11.52026079990901,-1478594.535,26.873178,2.543493711224308,False
85,PCy3,1.25,600,7.01768529205583,15.645899317227304,-1181208.006616904,-1399287.8513611152,0.0,-444183.3795727971,-459279.9876584633,389649490.539178,2116.924138753408,11.530260799452662,-1478596.997,26.871758,2.391680809774338,False
85,PCy3,1.25,900,7.01768529205583,15.645899317227304,-1181208.006616904,-1399287.8513611152,0.0,-444183.3795727971,-459279.9876584633,389649490.539178,2116.924138753408,11.530260799452662,-1478596.997,26.871758,2.9221451811489128,True
95,tBu3,5.0,600,6.201966980355792,2.348743251292035,-1035509.1140686752,-1253590.0123421666,0.0,-444184.1887689871,-459281.3638484633,1596559639.7565093,309435514394.05896,10.231022860156372,-1332888.579,26.85045,6.891377103660682,True
95,tBu3,5.0,900,6.201966980355792,2.348743251292035,-1035509.1140686752,-1253590.0123421666,0.0,-444184.1887689871,-459281.3638484633,1596559639.7565093,309435514394.05896,10.231022860156372,-1332888.579,26.85045,7.308617242618266,True
60,PPh3,2.5,300,6.036349423462525,8.62581462902017,-1174563.774626812,-1392646.625033041,0.0,-444181.3887453471,-459276.6338575833,761476604.9771326,15239905.796493253,8.870080770226195,-1471951.922,26.846704,2.8280739037300187,True
60,AmPhos,0.5,150,7.758269566344097,5.876276281196624,-1448653.3854385698,-1666734.5568349787,0.0,-444181.3887453471,-459276.6338575833,56504996.742170885,969758568.6862029,10.064754140097648,-1746033.827,26.841682,2.4790930912929476,False
90,tBu3,2.5,60,6.197412280365825,2.3418479312676936,-1035508.1673165852,-1253588.6650090865,0.0,-444183.7832555871,-459280.6732924233,1410251920.408977,294838346816.1321,10.211022860137746,-1332887.381,26.828812,4.853636935499198,True
75,tBu3,2.5,60,6.184125390369445,2.3216712614521384,-1035505.3759921052,-1253584.7034391165,0.0,-444182.5777137971,-459278.6312180633,951979437.407301,253051580724.38177,10.211022860137746,-1332883.856,26.808552,5.3131312774420465,True
95,tBu3,5.0,300,6.201966980355792,2.348743251292035,-1035509.1140686752,-1253590.0123421666,0.0,-444184.1887689871,-459281.3638484633,1596559639.7565093,309435514394.05896,10.231022860156372,-1332888.579,26.798798,6.718744624568586,True
85,tBu3,5.0,900,6.192920420202427,2.3350375215522945,-1035507.2287042254,-1253587.3310556363,0.0,-444183.3795727971,-459279.9876584633,1241505808.0381713,280571455641.2495,10.211022859904917,-1332886.194,26.753878,7.313349627562554,True
85,tBu3,5.0,600,6.192920420202427,2.3350375215522945,-1035507.2287042254,-1253587.3310556363,0.0,-444183.3795727971,-459279.9876584633,1241505808.0381713,280571455641.2495,10.211022859904917,-1332886.194,26.753878,6.929311936108485,True
60,AmPhos,0.5,60,7.758269566344097,5.876276281196624,-1448653.3854385698,-1666734.5568349787,0.0,-444181.3887453471,-459276.6338575833,56504996.742170885,969758568.6862029,10.064754140097648,-1746033.827,26.637695,2.5118260518844364,False
80,tBu3,2.5,60,6.188491450273432,2.328311991179362,-1035506.2982548954,-1253586.0105196566,0.0,-444182.9777243271,-459279.3069618933,1089131885.4602783,266640655522.64627,10.221022859914228,-1332885.019,26.636389,5.159678541755653,True
100,AmPhos,0.5,600,7.778662436408922,5.881074141012505,-1448664.3614900098,-1666748.646766529,0.0,-444184.5961092371,-459282.0593113233,216244734.80658674,2794569040.851907,10.144754139939325,-1746046.636,26.616905,2.211313790040067,False
100,AmPhos,0.5,900,7.778662436408922,5.881074141012505,-1448664.3614900098,-1666748.646766529,0.0,-444184.5961092371,-459282.0593113233,216244734.80658674,2794569040.851907,10.144754139939325,-1746046.636,26.616905,2.6653207477841327,False
105,AmPhos,0.5,900,7.781655416125432,5.881691461196169,-1448665.7940633,-1666750.4924117788,0.0,-444185.0052725071,-459282.7596657633,250745995.55878735,3142544623.0222883,10.154754139715806,-1746048.313,26.616905,2.7372631064406057,True
105,AmPhos,0.5,600,7.781655416125432,5.881691461196169,-1448665.7940633,-1666750.4924117788,0.0,-444185.0052725071,-459282.7596657633,250745995.55878735,3142544623.0222883,10.154754139715806,-1746048.313,26.616905,2.2637495934018474,False
80,PCy3,1.25,300,6.784874092321843,15.668234297074378,-1181207.0008658338,-1399286.4366722952,0.0,-444182.9777243271,-459279.3069618933,465600155.4395874,1481.173254296473,11.530260799918324,-1478595.76,26.574785,2.3819570805856656,False
95,tBu3,2.5,60,6.201966980355792,2.348743251292035,-1035509.1140686752,-1253590.0123421666,0.0,-444184.1887689871,-459281.3638484633,1596559639.7565093,309435514394.05896,10.231022860156372,-1332888.579,26.574774,4.709112502109596,True
85,tBu3,5.0,300,6.192920420202427,2.3350375215522945,-1035507.2287042254,-1253587.3310556363,0.0,-444183.3795727971,-459279.9876584633,1241505808.0381713,280571455641.2495,10.211022859904917,-1332886.194,26.574274,6.786235286519168,True
30,XPhos,2.5,900,6.959117609541863,10.523091319017112,-1545773.373035411,-1763856.482803141,0.0,-444179.0608992771,-459272.7749729833,60753761.84242585,163780.2869910142,10.609905860153958,-1843158.462,26.557367,2.6276532746917587,False
30,XPhos,2.5,600,6.959117609541863,10.523091319017112,-1545773.373035411,-1763856.482803141,0.0,-444179.0608992771,-459272.7749729833,60753761.84242585,163780.2869910142,10.609905860153958,-1843158.462,26.557367,2.119385598999731,False
105,tBu3,5.0,600,6.211264560231939,2.3627887312322855,-1035511.0318996854,-1253592.7469961166,0.0,-444185.0052725071,-459282.7596657633,2026800721.8335,339596555279.8129,10.231022860156372,-1332891.011,26.550266,7.0602118162624,True
105,tBu3,5.0,900,6.211264560231939,2.3627887312322855,-1035511.0318996854,-1253592.7469961166,0.0,-444185.0052725071,-459282.7596657633,2026800721.8335,339596555279.8129,10.231022860156372,-1332891.011,26.550266,7.503313635481237,True
35,AmPhos,2.5,150,7.74872154626064,5.87310508126393,-1448646.96733084,-1666726.3670402588,0.0,-444179.4442134271,-459273.4054358833,20515535.01400838,438831160.85585546,10.024754139827564,-1746026.373,26.494213,2.4471321481057213,False
40,AmPhos,5.0,150,7.7504360063467175,5.87376865115948,-1448648.2235122398,-1666727.9666996289,0.0,-444179.8293960271,-459274.0409944233,25446155.673661835,519195526.3150639,10.04475414007902,-1746027.829,26.444153,4.292736569229921,True
100,tBu3,5.0,600,6.206584440427832,2.3557235216721892,-1035510.0689373752,-1253591.3730170864,0.0,-444184.5961092371,-459282.0593113233,1801655380.2815652,324356961675.8968,10.231022859923542,-1332889.789,26.349552,6.941590092777349,True
100,tBu3,5.0,900,6.206584440427832,2.3557235216721892,-1035510.0689373752,-1253591.3730170864,0.0,-444184.5961092371,-459282.0593113233,1801655380.2815652,324356961675.8968,10.231022859923542,-1332889.789,26.349552,7.373920548044308,True
55,AmPhos,0.5,300,7.756164186168462,5.8756661312654614,-1448652.0744399698,-1666732.8806698287,0.0,-444180.9961217871,-459275.9780797033,46706255.88842986,835155187.8327554,10.074754140339792,-1746032.302,26.346558,2.4470372739791673,False
50,AmPhos,0.5,300,7.754156986018643,5.875046501168981,-1448650.77709863,-1666731.2235613689,0.0,-444180.6053534971,-459275.3273325533,38383069.23278182,716096083.7670836,10.04475413984619,-1746030.794,26.346558,2.4996080117978314,False
40,SPhos,1.25,60,12.329091337975115,13.093037704238668,-1467636.1274611563,-1685713.9907695658,0.0,-444179.8293960271,-459274.0409944233,16226.357496488905,4754.117903615619,11.233033209806308,-1765024.75,26.342539,1.7368352044487565,False
85,tBu3,2.5,60,6.192920420202427,2.3350375215522945,-1035507.2287042254,-1253587.3310556363,0.0,-444183.3795727971,-459279.9876584633,1241505808.0381713,280571455641.2495,10.211022859904917,-1332886.194,26.2984,5.005510939337549,True
85,PCy3,1.25,300,7.01768529205583,15.645899317227304,-1181208.006616904,-1399287.8513611152,0.0,-444183.3795727971,-459279.9876584633,389649490.539178,2116.924138753408,11.530260799452662,-1478596.997,26.258327,2.233948307411854,False
105,tBu3,5.0,300,6.211264560231939,2.3627887312322855,-1035511.0318996854,-1253592.7469961166,0.0,-444185.0052725071,-459282.7596657633,2026800721.8335,339596555279.8129,10.231022860156372,-1332891.011,26.186995,6.861232041990862,True
35,SPhos,5.0,60,12.115941647673026,13.080015553859994,-1467634.9886390064,-1685712.545169006,0.0,-444179.4442134271,-459273.4054358833,16397.835250945398,3396.653245732802,11.233033209806308,-1765023.437,26.125874,3.781858937725997,True
90,PPh3,2.5,150,7.36661971360445,8.58353101904504,-1174569.325877972,-1392654.503304221,0.0,-444183.7832555871,-459280.6732924233,279039089.18806523,51680308.12636762,8.810080769471824,-1471958.915,26.056755,2.1389593720516205,False
65,AmPhos,0.5,300,7.760473346104845,5.876879281131551,-1448654.7100639,-1666736.252011119,0.0,-444181.7832208271,-459277.2946503733,67980668.4732043,1121351862.5124516,10.084754140116274,-1746035.369,26.02911,2.3620050152870986,False
80,AmPhos,0.5,150,7.767676386283711,5.878667191136628,-1448658.76540038,-1666741.4511530988,0.0,-444182.9777243271,-459279.3069618933,114765823.68547367,1693608854.4062355,10.1047541401349,-1746040.097,25.98728,2.180678375449957,False
100,tBu3,5.0,300,6.206584440427832,2.3557235216721892,-1035510.0689373752,-1253591.3730170864,0.0,-444184.5961092371,-459282.0593113233,1801655380.2815652,324356961675.8968,10.231022859923542,-1332889.789,25.98628,6.754390156452354,True
35,PCy3,2.5,150,4.686560082016513,15.864020887063816,-1181198.357802244,-1399274.3517942752,0.0,-444179.4442134271,-459273.4054358833,3046579497.204595,36.02416633009954,11.440260799834505,-1478585.187,25.922268,7.24505717650793,True
75,AmPhos,0.5,150,7.765176666202024,5.878072671126574,-1448657.40007451,-1666739.6992151788,0.0,-444182.5777137971,-459278.6312180633,96861894.34963281,1481652272.140351,10.10475413990207,-1746038.504,25.882256,2.248425367417913,False
35,SPhos,1.25,60,12.115941647673026,13.080015553859994,-1467634.9886390064,-1685712.545169006,0.0,-444179.4442134271,-459273.4054358833,16397.835250945398,3396.653245732802,11.233033209806308,-1765023.437,25.857956,1.8437638724792653,False
55,PPh3,2.5,600,5.814250693656504,8.632404329022393,-1174562.876297962,-1392645.357603761,0.0,-444180.9961217871,-459275.9780797033,917633426.8703434,12184514.826142734,8.890080770011991,-1471950.795,25.844925,3.399518482544792,True
55,PPh3,2.5,900,5.814250693656504,8.632404329022393,-1174562.876297962,-1392645.357603761,0.0,-444180.9961217871,-459275.9780797033,917633426.8703434,12184514.826142734,8.890080770011991,-1471950.795,25.844925,3.8592597359800607,True
95,PPh3,2.5,150,7.587962673511356,8.576060798950493,-1174570.2778607318,-1392655.861721601,0.0,-444184.1887689871,-459281.3638484633,240114303.0566574,62209171.21206936,8.810080769937485,-1471960.119,25.836857,2.0894824476100964,False
55,PPh3,2.5,300,5.814250693656504,8.632404329022393,-1174562.876297962,-1392645.357603761,0.0,-444180.9961217871,-459275.9780797033,917633426.8703434,12184514.826142734,8.890080770011991,-1471950.795,25.825989,3.085086866539219,True
50,AmPhos,0.5,900,7.754156986018643,5.875046501168981,-1448650.77709863,-1666731.2235613689,0.0,-444180.6053534971,-459275.3273325533,38383069.23278182,716096083.7670836,10.04475413984619,-1746030.794,25.817646,2.688952550508613,False
50,AmPhos,0.5,600,7.754156986018643,5.875046501168981,-1448650.77709863,-1666731.2235613689,0.0,-444180.6053534971,-459275.3273325533,38383069.23278182,716096083.7670836,10.04475413984619,-1746030.794,25.817646,2.32557335638284,False
55,AmPhos,0.5,600,7.756164186168462,5.8756661312654614,-1448652.0744399698,-1666732.8806698287,0.0,-444180.9961217871,-459275.9780797033,46706255.88842986,835155187.8327554,10.074754140339792,-1746032.302,25.817646,2.260060412881473,False
55,AmPhos,0.5,900,7.756164186168462,5.8756661312654614,-1448652.0744399698,-1666732.8806698287,0.0,-444180.9961217871,-459275.9780797033,46706255.88842986,835155187.8327554,10.074754140339792,-1746032.302,25.817646,2.630506415760166,False
100,tBu3,2.5,60,6.206584440427832,2.3557235216721892,-1035510.0689373752,-1253591.3730170864,0.0,-444184.5961092371,-459282.0593113233,1801655380.2815652,324356961675.8968,10.231022859923542,-1332889.789,25.793074,4.581968244943729,True
65,PCy3,5.0,150,6.086055132094771,15.734588577179238,-1181204.038093594,-1399282.2787329652,0.0,-444181.7832208271,-459277.2946503733,821396234.204737,477.2639619023922,11.500260800123216,-1478592.123,25.775816,4.843114439430581,True
50,PPh3,2.5,900,5.592035913607106,8.638852349016815,-1174561.985676912,-1392644.103274711,0.0,-444180.6053534971,-459275.3273325533,1112678584.0380094,9678884.787019413,8.89008076977916,-1471949.68,25.723372,4.195292768853364,True
50,PPh3,2.5,600,5.592035913607106,8.638852349016815,-1174561.985676912,-1392644.103274711,0.0,-444180.6053534971,-459275.3273325533,1112678584.0380094,9678884.787019413,8.89008076977916,-1471949.68,25.723372,3.7304261734687167,True
80,AmPhos,0.5,60,7.767676386283711,5.878667191136628,-1448658.76540038,-1666741.4511530988,0.0,-444182.9777243271,-459279.3069618933,114765823.68547367,1693608854.4062355,10.1047541401349,-1746040.097,25.716766,2.2259077189330365,False
50,PPh3,2.5,300,5.592035913607106,8.638852349016815,-1174561.985676912,-1392644.103274711,0.0,-444180.6053534971,-459275.3273325533,1112678584.0380094,9678884.787019413,8.89008076977916,-1471949.68,25.704435,3.448843485492779,True
75,PPh3,2.5,150,6.7019701634999365,8.605237868847325,-1174566.5157583018,-1392650.505673631,0.0,-444182.5777137971,-459278.6312180633,450360658.19940287,28762104.05648479,8.860080769984052,-1471955.368,25.699272,2.414484914757351,False
105,PCy3,1.25,60,7.948321542236954,15.555563907371834,-1181212.120372024,-1399293.653224585,0.0,-444185.0052725071,-459282.7596657633,200868825.2077691,8062.205049708938,11.570260799955577,-1478602.071,25.688463,2.0912257010976485,False
105,tBu3,2.5,60,6.211264560231939,2.3627887312322855,-1035511.0318996854,-1253592.7469961166,0.0,-444185.0052725071,-459282.7596657633,2026800721.8335,339596555279.8129,10.231022860156372,-1332891.011,25.65201,4.499046424293942,True
75,AmPhos,0.5,60,7.765176666202024,5.878072671126574,-1448657.40007451,-1666739.6992151788,0.0,-444182.5777137971,-459278.6312180633,96861894.34963281,1481652272.140351,10.10475413990207,-1746038.504,25.602491,2.2858095524967794,False
65,AmPhos,0.5,900,7.760473346104845,5.876879281131551,-1448654.7100639,-1666736.252011119,0.0,-444181.7832208271,-459277.2946503733,67980668.4732043,1121351862.5124516,10.084754140116274,-1746035.369,25.591877,2.55391032260001,False
65,AmPhos,0.5,600,7.760473346104845,5.876879281131551,-1448654.7100639,-1666736.252011119,0.0,-444181.7832208271,-459277.2946503733,67980668.4732043,1121351862.5124516,10.084754140116274,-1746035.369,25.591877,2.173861205474746,False
60,tBu3,2.5,900,6.171404530410655,2.302256571361795,-1035502.6585613552,-1253580.8633121066,0.0,-444181.3887453471,-459276.6338575833,620956520.0066035,214387766911.03442,10.191022859886289,-1332880.435,25.591671,6.132270823414266,True
60,tBu3,2.5,600,6.171404530410655,2.302256571361795,-1035502.6585613552,-1253580.8633121066,0.0,-444181.3887453471,-459276.6338575833,620956520.0066035,214387766911.03442,10.191022859886289,-1332880.435,25.591671,5.793339732444733,True
85,PPh3,2.5,150,7.145174543606117,8.590886169113219,-1174568.381525202,-1392653.157805681,0.0,-444183.3795727971,-459279.9876584633,325746448.51214564,42726861.212345295,8.820080769713968,-1471957.722,25.571835,2.2080886447979755,False
35,PCy3,5.0,600,4.686560082016513,15.864020887063816,-1181198.357802244,-1399274.3517942752,0.0,-444179.4442134271,-459273.4054358833,3046579497.204595,36.02416633009954,11.440260799834505,-1478585.187,25.55326,8.866745730286137,True
35,PCy3,5.0,900,4.686560082016513,15.864020887063816,-1181198.357802244,-1399274.3517942752,0.0,-444179.4442134271,-459273.4054358833,3046579497.204595,36.02416633009954,11.440260799834505,-1478585.187,25.55326,9.17167294446181,True
100,PPh3,2.5,150,7.809205203317106,8.568478679051623,-1174571.237460832,-1392657.233030061,0.0,-444184.5961092371,-459282.0593113233,207518786.22476524,74536709.26482123,8.790080769686028,-1471961.335,25.542547,2.060161423287743,False
60,tBu3,2.5,300,6.171404530410655,2.302256571361795,-1035502.6585613552,-1253580.8633121066,0.0,-444181.3887453471,-459276.6338575833,620956520.0066035,214387766911.03442,10.191022859886289,-1332880.435,25.515566,5.6814517916410585,True
90,PCy3,1.25,60,7.250434421934187,15.623461617389694,-1181209.021445404,-1399289.280377695,0.0,-444183.7832555871,-459280.6732924233,327782387.80955976,2996.947120354819,11.540260799927635,-1478598.247,25.476007,2.3300659078255967,False
35,AmPhos,5.0,150,7.74872154626064,5.87310508126393,-1448646.96733084,-1666726.3670402588,0.0,-444179.4442134271,-459273.4054358833,20515535.01400838,438831160.85585546,10.024754139827564,-1746026.373,25.4672,4.335688157239369,True
85,AmPhos,0.5,150,7.770274856360629,5.8792628310620785,-1448660.1442340498,-1666743.2219218889,0.0,-444183.3795727971,-459279.9876584633,135344656.87153196,1929051411.7507188,10.114754139911383,-1746041.706,25.452894,2.1241155552859756,False
30,XPhos,5.0,300,6.959117609541863,10.523091319017112,-1545773.373035411,-1763856.482803141,0.0,-444179.0608992771,-459272.7749729833,60753761.84242585,163780.2869910142,10.609905860153958,-1843158.462,25.448532,4.005078221039239,True
105,PPh3,2.5,150,8.030349103501067,8.560787699185312,-1174572.204665182,-1392658.617201391,0.0,-444185.0052725071,-459282.7596657633,180096924.25953132,88909785.25421162,8.780080769909546,-1471962.562,25.40148,2.0502174898568577,False
80,PPh3,2.5,150,6.923625333700329,8.598122939001769,-1174567.4448146818,-1392651.825253221,0.0,-444182.9777243271,-459279.3069618933,382074322.1569108,35147655.19564593,8.840080770198256,-1471956.539,25.366423,2.298659997048864,False
90,AmPhos,0.5,150,7.772972056176513,5.879861411172897,-1448661.5365463,-1666745.0114768487,0.0,-444183.7832555871,-459280.6732924233,158899047.92967576,2189775158.43863,10.114754140144214,-1746043.333,25.335785,2.086571071974583,False
65,PCy3,5.0,60,6.086055132094771,15.734588577179238,-1181204.038093594,-1399282.2787329652,0.0,-444181.7832208271,-459277.2946503733,821396234.204737,477.2639619023922,11.500260800123216,-1478592.123,25.314173,4.884976921727902,True
45,PPh3,2.5,900,5.528604427585378,8.645154149038717,-1174561.102773392,-1392642.862070221,0.0,-444180.2164438071,-459274.68163209327,1056172440.5549848,7636701.529295807,8.910080770263448,-1471948.576,25.301514,4.117291333438199,True
45,PPh3,2.5,600,5.528604427585378,8.645154149038717,-1174561.102773392,-1392642.862070221,0.0,-444180.2164438071,-459274.68163209327,1056172440.5549848,7636701.529295807,8.910080770263448,-1471948.576,25.301514,3.6769006177546593,True
35,PCy3,5.0,300,4.686560082016513,15.864020887063816,-1181198.357802244,-1399274.3517942752,0.0,-444179.4442134271,-459273.4054358833,3046579497.204595,36.02416633009954,11.440260799834505,-1478585.187,25.284266,8.753993726525419,True
45,PPh3,2.5,300,5.528604427585378,8.645154149038717,-1174561.102773392,-1392642.862070221,0.0,-444180.2164438071,-459274.68163209327,1056172440.5549848,7636701.529295807,8.910080770263448,-1471948.576,25.282578,3.425771757994268,True
95,AmPhos,0.5,150,7.775767956394702,5.880464641144499,-1448662.9423079798,-1666746.819773289,0.0,-444184.1887689871,-459281.3638484633,185751096.01665783,2477640150.4684305,10.13475413993001,-1746044.976,25.193258,2.0633469144604737,False
60,PPh3,2.5,60,6.036349423462525,8.62581462902017,-1174563.774626812,-1392646.625033041,0.0,-444181.3887453471,-459276.6338575833,761476604.9771326,15239905.796493253,8.870080770226195,-1471951.922,25.17542,2.8753955802540316,True
85,AmPhos,0.5,60,7.770274856360629,5.8792628310620785,-1448660.1442340498,-1666743.2219218889,0.0,-444183.3795727971,-459279.9876584633,135344656.87153196,1929051411.7507188,10.114754139911383,-1746041.706,25.16811,2.1703491507364143,False
40,SPhos,1.25,150,12.329091337975115,13.093037704238668,-1467636.1274611563,-1685713.9907695658,0.0,-444179.8293960271,-459274.0409944233,16226.357496488905,4754.117903615619,11.233033209806308,-1765024.75,25.087532,1.7021091841510507,False
95,PCy3,1.25,60,7.483122691977769,15.600924426922575,-1181210.045349194,-1399290.7237053553,0.0,-444184.1887689871,-459281.3638484633,277111197.40086144,4204.286100471907,11.55026079993695,-1478599.509,25.083124,2.2334075397675996,False
90,AmPhos,0.5,60,7.772972056176513,5.879861411172897,-1448661.5365463,-1666745.0114768487,0.0,-444183.7832555871,-459280.6732924233,158899047.92967576,2189775158.43863,10.114754140144214,-1746043.333,25.073074,2.1334146928225715,False
30,XPhos,5.0,900,6.959117609541863,10.523091319017112,-1545773.373035411,-1763856.482803141,0.0,-444179.0608992771,-459272.7749729833,60753761.84242585,163780.2869910142,10.609905860153958,-1843158.462,24.972197,4.399195910703524,True
30,XPhos,5.0,600,6.959117609541863,10.523091319017112,-1545773.373035411,-1763856.482803141,0.0,-444179.0608992771,-459272.7749729833,60753761.84242585,163780.2869910142,10.609905860153958,-1843158.462,24.972197,4.107055020491333,True
95,AmPhos,0.5,60,7.775767956394702,5.880464641144499,-1448662.9423079798,-1666746.819773289,0.0,-444184.1887689871,-459281.3638484633,185751096.01665783,2477640150.4684305,10.13475413993001,-1746044.976,24.96193,2.1104867267254104,False
90,PPh3,5.0,150,7.36661971360445,8.58353101904504,-1174569.325877972,-1392654.503304221,0.0,-444183.7832555871,-459280.6732924233,279039089.18806523,51680308.12636762,8.810080769471824,-1471958.915,24.908691,4.479081379916595,True
75,tBu3,2.5,150,6.184125390369445,2.3216712614521384,-1035505.3759921052,-1253584.7034391165,0.0,-444182.5777137971,-459278.6312180633,951979437.407301,253051580724.38177,10.211022860137746,-1332883.856,24.891115,5.264381174396171,True
60,PPh3,5.0,900,6.036349423462525,8.62581462902017,-1174563.774626812,-1392646.625033041,0.0,-444181.3887453471,-459276.6338575833,761476604.9771326,15239905.796493253,8.870080770226195,-1471951.922,24.77308,5.064500853739302,True
60,PPh3,5.0,600,6.036349423462525,8.62581462902017,-1174563.774626812,-1392646.625033041,0.0,-444181.3887453471,-459276.6338575833,761476604.9771326,15239905.796493253,8.870080770226195,-1471951.922,24.77308,4.8845306070822305,True
110,PPh3,0.5,600,8.251396073726937,8.552990769036114,-1174573.1794603218,-1392660.014206871,0.0,-444185.4162548871,-459283.4648965533,156924895.8507118,105600409.10840687,8.780080769909546,-1471963.799,24.771168,2.8586353116111853,True
110,PPh3,0.5,900,8.251396073726937,8.552990769036114,-1174573.1794603218,-1392660.014206871,0.0,-444185.4162548871,-459283.4648965533,156924895.8507118,105600409.10840687,8.780080769909546,-1471963.799,24.771168,3.563103594124867,True
60,PPh3,5.0,300,6.036349423462525,8.62581462902017,-1174563.774626812,-1392646.625033041,0.0,-444181.3887453471,-459276.6338575833,761476604.9771326,15239905.796493253,8.870080770226195,-1471951.922,24.768484,5.014277997403832,True
90,tBu3,2.5,150,6.197412280365825,2.3418479312676936,-1035508.1673165852,-1253588.6650090865,0.0,-444183.7832555871,-459280.6732924233,1410251920.408977,294838346816.1321,10.211022860137746,-1332887.381,24.76286,4.8090626598618345,True
105,PPh3,5.0,150,8.030349103501067,8.560787699185312,-1174572.204665182,-1392658.617201391,0.0,-444185.0052725071,-459282.7596657633,180096924.25953132,88909785.25421162,8.780080769909546,-1471962.562,24.727768,4.376961818768353,True
110,PPh3,0.5,300,8.251396073726937,8.552990769036114,-1174573.1794603218,-1392660.014206871,0.0,-444185.4162548871,-459283.4648965533,156924895.8507118,105600409.10840687,8.780080769909546,-1471963.799,24.70514,2.321117176418653,False
95,PPh3,5.0,150,7.587962673511356,8.576060798950493,-1174570.2778607318,-1392655.861721601,0.0,-444184.1887689871,-459281.3638484633,240114303.0566574,62209171.21206936,8.810080769937485,-1471960.119,24.688793,4.4409664509739155,True
35,SPhos,1.25,150,12.115941647673026,13.080015553859994,-1467634.9886390064,-1685712.545169006,0.0,-444179.4442134271,-459273.4054358833,16397.835250945398,3396.653245732802,11.233033209806308,-1765023.437,24.60295,1.8136683425439089,False
100,PCy3,1.25,60,7.715751342009753,15.578290867153555,-1181211.078325714,-1399292.1813268852,0.0,-444184.5961092371,-459282.0593113233,235391606.64992365,5846.569732551803,11.560260799713433,-1478600.784,24.588802,2.1504984825298434,False
80,tBu3,2.5,150,6.188491450273432,2.328311991179362,-1035506.2982548954,-1253586.0105196566,0.0,-444182.9777243271,-459279.3069618933,1089131885.4602783,266640655522.64627,10.221022859914228,-1332885.019,24.57824,5.1126749145866155,True
70,AmPhos,0.5,300,7.762775676324964,5.877477371133864,-1448656.0482858298,-1666737.966152879,0.0,-444182.1795447971,-459277.9604423933,81353224.64325193,1291453215.3480983,10.094754140125588,-1746036.928,24.551958,2.302390338317988,False
95,tBu3,2.5,150,6.201966980355792,2.348743251292035,-1035509.1140686752,-1253590.0123421666,0.0,-444184.1887689871,-459281.3638484633,1596559639.7565093,309435514394.05896,10.231022860156372,-1332888.579,24.542961,4.665150083787763,True
100,PPh3,5.0,150,7.809205203317106,8.568478679051623,-1174571.237460832,-1392657.233030061,0.0,-444184.5961092371,-459282.0593113233,207518786.22476524,74536709.26482123,8.790080769686028,-1471961.335,24.527054,4.403848735672102,True
75,PPh3,5.0,150,6.7019701634999365,8.605237868847325,-1174566.5157583018,-1392650.505673631,0.0,-444182.5777137971,-459278.6312180633,450360658.19940287,28762104.05648479,8.860080769984052,-1471955.368,24.458372,4.679158742988337,True
105,AmPhos,0.5,150,7.781655416125432,5.881691461196169,-1448665.7940633,-1666750.4924117788,0.0,-444185.0052725071,-459282.7596657633,250745995.55878735,3142544623.0222883,10.154754139715806,-1746048.313,24.451593,2.084287111065827,False
100,AmPhos,0.5,150,7.778662436408922,5.881074141012505,-1448664.3614900098,-1666748.646766529,0.0,-444184.5961092371,-459282.0593113233,216244734.80658674,2794569040.851907,10.144754139939325,-1746046.636,24.451593,2.0628069988343967,False
40,PCy3,5.0,150,4.919990771915764,15.842780746985227,-1181199.281804224,-1399275.6368391253,0.0,-444179.8293960271,-459274.0409944233,2404161775.521523,57.28616532257743,11.450260799843818,-1478586.312,24.444672,7.755905440272642,True
55,PPh3,2.5,60,5.814250693656504,8.632404329022393,-1174562.876297962,-1392645.357603761,0.0,-444180.9961217871,-459275.9780797033,917633426.8703434,12184514.826142734,8.890080770011991,-1471950.795,24.42913,3.1248045405902287,True
85,PPh3,5.0,150,7.145174543606117,8.590886169113219,-1174568.381525202,-1392653.157805681,0.0,-444183.3795727971,-459279.9876584633,325746448.51214564,42726861.212345295,8.820080769713968,-1471957.722,24.42377,4.529370488075893,True
70,PPh3,2.5,600,6.480207113549113,8.61222734907642,-1174565.5943675318,-1392649.199093221,0.0,-444182.1795447971,-459277.9604423933,533597417.7956562,23408748.13137755,8.870080770226195,-1471954.208,24.417732,2.803227805158278,True
70,PPh3,2.5,900,6.480207113549113,8.61222734907642,-1174565.5943675318,-1392649.199093221,0.0,-444182.1795447971,-459277.9604423933,533597417.7956562,23408748.13137755,8.870080770226195,-1471954.208,24.417732,3.342920590846723,True
40,PCy3,5.0,60,4.919990771915764,15.842780746985227,-1181199.281804224,-1399275.6368391253,0.0,-444179.8293960271,-459274.0409944233,2404161775.521523,57.28616532257743,11.450260799843818,-1478586.312,24.40345,7.775882248408346,True
30,XPhos,2.5,60,6.959117609541863,10.523091319017112,-1545773.373035411,-1763856.482803141,0.0,-444179.0608992771,-459272.7749729833,60753761.84242585,163780.2869910142,10.609905860153958,-1843158.462,24.38372,1.9283915559888918,False
55,tBu3,2.5,300,6.167289770208299,2.295953571330756,-1035501.7692845054,-1253579.6104363366,0.0,-444180.9961217871,-459275.9780797033,534009367.5307043,202217382164.11255,10.201022859895602,-1332879.319,24.382586,5.6068377961076115,True
50,tBu3,2.5,300,6.16323757043574,2.2897344515658915,-1035500.8883155952,-1253578.3712087064,0.0,-444180.6053534971,-459275.3273325533,457161172.77260697,190413260782.13626,10.201022860128433,-1332878.214,24.382586,5.400744627388649,True
55,tBu3,2.5,600,6.167289770208299,2.295953571330756,-1035501.7692845054,-1253579.6104363366,0.0,-444180.9961217871,-459275.9780797033,534009367.5307043,202217382164.11255,10.201022859895602,-1332879.319,24.367012,5.637309433664477,True
50,tBu3,2.5,600,6.16323757043574,2.2897344515658915,-1035500.8883155952,-1253578.3712087064,0.0,-444180.6053534971,-459275.3273325533,457161172.77260697,190413260782.13626,10.201022860128433,-1332878.214,24.367012,5.40086428628019,True
50,tBu3,2.5,900,6.16323757043574,2.2897344515658915,-1035500.8883155952,-1253578.3712087064,0.0,-444180.6053534971,-459275.3273325533,457161172.77260697,190413260782.13626,10.201022860128433,-1332878.214,24.367012,5.610869270833295,True
55,tBu3,2.5,900,6.167289770208299,2.295953571330756,-1035501.7692845054,-1253579.6104363366,0.0,-444180.9961217871,-459275.9780797033,534009367.5307043,202217382164.11255,10.201022859895602,-1332879.319,24.367012,5.856768820287513,True
40,AmPhos,5.0,60,7.7504360063467175,5.87376865115948,-1448648.2235122398,-1666727.9666996289,0.0,-444179.8293960271,-459274.0409944233,25446155.673661835,519195526.3150639,10.04475414007902,-1746027.829,24.36379,4.35921031229787,True
60,tBu3,2.5,60,6.171404530410655,2.302256571361795,-1035502.6585613552,-1253580.8633121066,0.0,-444181.3887453471,-459276.6338575833,620956520.0066035,214387766911.03442,10.191022859886289,-1332880.435,24.333498,5.751672684595311,True
50,PPh3,2.5,60,5.592035913607106,8.638852349016815,-1174561.985676912,-1392644.103274711,0.0,-444180.6053534971,-459275.3273325533,1112678584.0380094,9678884.787019413,8.89008076977916,-1471949.68,24.307577,3.481795975617948,True
70,AmPhos,0.5,900,7.762775676324964,5.877477371133864,-1448656.0482858298,-1666737.966152879,0.0,-444182.1795447971,-459277.9604423933,81353224.64325193,1291453215.3480983,10.094754140125588,-1746036.928,24.286983,2.5312756957197564,False
70,AmPhos,0.5,600,7.762775676324964,5.877477371133864,-1448656.0482858298,-1666737.966152879,0.0,-444182.1795447971,-459277.9604423933,81353224.64325193,1291453215.3480983,10.094754140125588,-1746036.928,24.286983,2.1480369531723738,False
80,PPh3,5.0,150,6.923625333700329,8.598122939001769,-1174567.4448146818,-1392651.825253221,0.0,-444182.9777243271,-459279.3069618933,382074322.1569108,35147655.19564593,8.840080770198256,-1471956.539,24.26745,4.594649843054707,True
85,tBu3,2.5,150,6.192920420202427,2.3350375215522945,-1035507.2287042254,-1253587.3310556363,0.0,-444183.3795727971,-459279.9876584633,1241505808.0381713,280571455641.2495,10.211022859904917,-1332886.194,24.254522,4.9599262457599895,True
105,PCy3,1.25,150,7.948321542236954,15.555563907371834,-1181212.120372024,-1399293.653224585,0.0,-444185.0052725071,-459282.7596657633,200868825.2077691,8062.205049708938,11.570260799955577,-1478602.071,24.218733,1.9538672916010356,False
45,AmPhos,1.25,300,7.752247695811093,5.874414881225675,-1448649.49344555,-1666729.5855557488,0.0,-444180.2164438071,-459274.68163209327,31351881.181920238,611209014.8253787,10.044754140311852,-1746029.303,24.197063,2.418615202775923,False
75,PCy3,1.25,60,6.551999532151967,15.690463187173009,-1181206.004193984,-1399285.0363275053,0.0,-444182.5777137971,-459278.6312180633,559373170.3764096,1026.139425499056,11.52026079990901,-1478594.535,24.195038,2.7519092569310883,True
100,AmPhos,0.5,60,7.778662436408922,5.881074141012505,-1448664.3614900098,-1666748.646766529,0.0,-444184.5961092371,-459282.0593113233,216244734.80658674,2794569040.851907,10.144754139939325,-1746046.636,24.149782,2.1097362417372256,False
105,AmPhos,0.5,60,7.781655416125432,5.881691461196169,-1448665.7940633,-1666750.4924117788,0.0,-444185.0052725071,-459282.7596657633,250745995.55878735,3142544623.0222883,10.154754139715806,-1746048.313,24.149782,2.130533675649148,False
45,PPh3,2.5,60,5.528604427585378,8.645154149038717,-1174561.102773392,-1392642.862070221,0.0,-444180.2164438071,-459274.68163209327,1056172440.5549848,7636701.529295807,8.910080770263448,-1471948.576,24.04342,3.457637131659715,True
50,AmPhos,0.5,150,7.754156986018643,5.875046501168981,-1448650.77709863,-1666731.2235613689,0.0,-444180.6053534971,-459275.3273325533,38383069.23278182,716096083.7670836,10.04475413984619,-1746030.794,24.001505,2.637928556289779,False
55,AmPhos,0.5,150,7.756164186168462,5.8756661312654614,-1448652.0744399698,-1666732.8806698287,0.0,-444180.9961217871,-459275.9780797033,46706255.88842986,835155187.8327554,10.074754140339792,-1746032.302,24.001505,2.5649788195710643,False
80,PCy3,1.25,60,6.784874092321843,15.668234297074378,-1181207.0008658338,-1399286.4366722952,0.0,-444182.9777243271,-459279.3069618933,465600155.4395874,1481.173254296473,11.530260799918324,-1478595.76,23.96727,2.6005392340285916,False
90,PCy3,1.25,150,7.250434421934187,15.623461617389694,-1181209.021445404,-1399289.280377695,0.0,-444183.7832555871,-459280.6732924233,327782387.80955976,2996.947120354819,11.540260799927635,-1478598.247,23.951239,2.1954636094880198,False
70,PPh3,2.5,300,6.480207113549113,8.61222734907642,-1174565.5943675318,-1392649.199093221,0.0,-444182.1795447971,-459277.9604423933,533597417.7956562,23408748.13137755,8.870080770226195,-1471954.208,23.912964,2.5221613939354817,False
45,tBu3,2.5,300,6.15924774040468,2.283598941517994,-1035500.0156799252,-1253577.1456686163,0.0,-444180.2164438071,-459274.68163209327,389521622.2397609,178979395272.5775,10.19102286011912,-1332877.121,23.893164,5.2234828524450005,True
85,PCy3,1.25,60,7.01768529205583,15.645899317227304,-1181208.006616904,-1399287.8513611152,0.0,-444183.3795727971,-459279.9876584633,389649490.539178,2116.924138753408,11.530260799452662,-1478596.997,23.880411,2.4530447563903874,False
45,tBu3,2.5,600,6.15924774040468,2.283598941517994,-1035500.0156799252,-1253577.1456686163,0.0,-444180.2164438071,-459274.68163209327,389521622.2397609,178979395272.5775,10.19102286011912,-1332877.121,23.87759,5.193392611168643,True
45,tBu3,2.5,900,6.15924774040468,2.283598941517994,-1035500.0156799252,-1253577.1456686163,0.0,-444180.2164438071,-459274.68163209327,389521622.2397609,178979395272.5775,10.19102286011912,-1332877.121,23.87759,5.393481980059433,True
40,PPh3,2.5,300,5.53451706818305,8.651304949074984,-1174560.227596782,-1392641.634014321,0.0,-444179.8293960271,-459274.0409944233,895553382.6856965,5982932.32201439,8.92008076957427,-1471947.483,23.847813,3.2436453906318112,True
90,PPh3,5.0,60,7.36661971360445,8.58353101904504,-1174569.325877972,-1392654.503304221,0.0,-444183.7832555871,-459280.6732924233,279039089.18806523,51680308.12636762,8.810080769471824,-1471958.915,23.827305,4.526954634756365,True
55,AmPhos,0.5,60,7.756164186168462,5.8756661312654614,-1448652.0744399698,-1666732.8806698287,0.0,-444180.9961217871,-459275.9780797033,46706255.88842986,835155187.8327554,10.074754140339792,-1746032.302,23.797518,2.603470413287152,False
50,AmPhos,0.5,60,7.754156986018643,5.875046501168981,-1448650.77709863,-1666731.2235613689,0.0,-444180.6053534971,-459275.3273325533,38383069.23278182,716096083.7670836,10.04475413984619,-1746030.794,23.797518,2.7113034719624873,True
100,tBu3,2.5,150,6.206584440427832,2.3557235216721892,-1035510.0689373752,-1253591.3730170864,0.0,-444184.5961092371,-459282.0593113233,1801655380.2815652,324356961675.8968,10.231022859923542,-1332889.789,23.786768,4.538748105864502,True
75,tBu3,5.0,150,6.184125390369445,2.3216712614521384,-1035505.3759921052,-1253584.7034391165,0.0,-444182.5777137971,-459278.6312180633,951979437.407301,253051580724.38177,10.211022860137746,-1332883.856,23.749756,6.995744731923459,True
90,tBu3,5.0,150,6.197412280365825,2.3418479312676936,-1035508.1673165852,-1253588.6650090865,0.0,-444183.7832555871,-459280.6732924233,1410251920.408977,294838346816.1321,10.211022860137746,-1332887.381,23.714336,6.756717685303769,True
55,PPh3,5.0,300,5.814250693656504,8.632404329022393,-1174562.876297962,-1392645.357603761,0.0,-444180.9961217871,-459275.9780797033,917633426.8703434,12184514.826142734,8.890080770011991,-1471950.795,23.653706,5.223892565845262,True
105,tBu3,2.5,150,6.211264560231939,2.3627887312322855,-1035511.0318996854,-1253592.7469961166,0.0,-444185.0052725071,-459282.7596657633,2026800721.8335,339596555279.8129,10.231022860156372,-1332891.011,23.6457,4.460707532047909,True
45,AmPhos,1.25,900,7.752247695811093,5.874414881225675,-1448649.49344555,-1666729.5855557488,0.0,-444180.2164438071,-459274.68163209327,31351881.181920238,611209014.8253787,10.044754140311852,-1746029.303,23.586756,2.6666103849558564,False
45,AmPhos,1.25,600,7.752247695811093,5.874414881225675,-1448649.49344555,-1666729.5855557488,0.0,-444180.2164438071,-459274.68163209327,31351881.181920238,611209014.8253787,10.044754140311852,-1746029.303,23.586756,2.30284723184446,False
110,tBu3,1.25,150,6.2160072101978585,2.369938841788098,-1035512.0029327454,-1253594.1342415663,0.0,-444185.4162548871,-459283.4648965533,2273290524.405973,355148035352.39856,10.241022859932857,-1332892.243,23.582401,4.33079447509663,True
80,tBu3,5.0,150,6.188491450273432,2.328311991179362,-1035506.2982548954,-1253586.0105196566,0.0,-444182.9777243271,-459279.3069618933,1089131885.4602783,266640655522.64627,10.221022859914228,-1332885.019,23.578808,6.895949100460548,True
95,PPh3,5.0,60,7.587962673511356,8.576060798950493,-1174570.2778607318,-1392655.861721601,0.0,-444184.1887689871,-459281.3638484633,240114303.0566574,62209171.21206936,8.810080769937485,-1471960.119,23.573267,4.483763526530608,True
55,PPh3,5.0,900,5.814250693656504,8.632404329022393,-1174562.876297962,-1392645.357603761,0.0,-444180.9961217871,-459275.9780797033,917633426.8703434,12184514.826142734,8.890080770011991,-1471950.795,23.566624,5.252358718169818,True
55,PPh3,5.0,600,5.814250693656504,8.632404329022393,-1174562.876297962,-1392645.357603761,0.0,-444180.9961217871,-459275.9780797033,917633426.8703434,12184514.826142734,8.890080770011991,-1471950.795,23.566624,5.079276193862296,True
40,PPh3,2.5,900,5.53451706818305,8.651304949074984,-1174560.227596782,-1392641.634014321,0.0,-444179.8293960271,-459274.0409944233,895553382.6856965,5982932.32201439,8.92008076957427,-1471947.483,23.563229,3.8894760839212497,True
40,PPh3,2.5,600,5.53451706818305,8.651304949074984,-1174560.227596782,-1392641.634014321,0.0,-444179.8293960271,-459274.0409944233,895553382.6856965,5982932.32201439,8.92008076957427,-1471947.483,23.563229,3.468350337251119,True
50,PPh3,5.0,300,5.592035913607106,8.638852349016815,-1174561.985676912,-1392644.103274711,0.0,-444180.6053534971,-459275.3273325533,1112678584.0380094,9678884.787019413,8.89008076977916,-1471949.68,23.532152,5.4851453644817045,True
55,tBu3,2.5,60,6.167289770208299,2.295953571330756,-1035501.7692845054,-1253579.6104363366,0.0,-444180.9961217871,-459275.9780797033,534009367.5307043,202217382164.11255,10.201022859895602,-1332879.319,23.525248,5.716467442483911,True
50,tBu3,2.5,60,6.16323757043574,2.2897344515658915,-1035500.8883155952,-1253578.3712087064,0.0,-444180.6053534971,-459275.3273325533,457161172.77260697,190413260782.13626,10.201022860128433,-1332878.214,23.525248,5.51540184970071,True
75,PPh3,5.0,60,6.7019701634999365,8.605237868847325,-1174566.5157583018,-1392650.505673631,0.0,-444182.5777137971,-459278.6312180633,450360658.19940287,28762104.05648479,8.860080769984052,-1471955.368,23.51848,4.728535632662923,True
95,PCy3,1.25,150,7.483122691977769,15.600924426922575,-1181210.045349194,-1399290.7237053553,0.0,-444184.1887689871,-459281.3638484633,277111197.40086144,4204.286100471907,11.55026079993695,-1478599.509,23.5146,2.0942296192068044,False
95,tBu3,5.0,150,6.201966980355792,2.348743251292035,-1035509.1140686752,-1253590.0123421666,0.0,-444184.1887689871,-459281.3638484633,1596559639.7565093,309435514394.05896,10.231022860156372,-1332888.579,23.494438,6.736597865617542,True
60,PPh3,2.5,150,6.036349423462525,8.62581462902017,-1174563.774626812,-1392646.625033041,0.0,-444181.3887453471,-459276.6338575833,761476604.9771326,15239905.796493253,8.870080770226195,-1471951.922,23.494255,2.8122733657869765,True
110,tBu3,0.5,600,6.2160072101978585,2.369938841788098,-1035512.0029327454,-1253594.1342415663,0.0,-444185.4162548871,-459283.4648965533,2273290524.405973,355148035352.39856,10.241022859932857,-1332892.243,23.454044,5.3029014982296925,True
110,tBu3,0.5,900,6.2160072101978585,2.369938841788098,-1035512.0029327454,-1253594.1342415663,0.0,-444185.4162548871,-459283.4648965533,2273290524.405973,355148035352.39856,10.241022859932857,-1332892.243,23.454044,6.063921313990258,True
60,tBu3,5.0,300,6.171404530410655,2.302256571361795,-1035502.6585613552,-1253580.8633121066,0.0,-444181.3887453471,-459276.6338575833,620956520.0066035,214387766911.03442,10.191022859886289,-1332880.435,23.449808,7.212824405201642,True
50,PPh3,5.0,900,5.592035913607106,8.638852349016815,-1174561.985676912,-1392644.103274711,0.0,-444180.6053534971,-459275.3273325533,1112678584.0380094,9678884.787019413,8.89008076977916,-1471949.68,23.44507,5.532297826037377,True
50,PPh3,5.0,600,5.592035913607106,8.638852349016815,-1174561.985676912,-1392644.103274711,0.0,-444180.6053534971,-459275.3273325533,1112678584.0380094,9678884.787019413,8.89008076977916,-1471949.68,23.44507,5.368419512814365,True
105,PPh3,5.0,60,8.030349103501067,8.560787699185312,-1174572.204665182,-1392658.617201391,0.0,-444185.0052725071,-459282.7596657633,180096924.25953132,88909785.25421162,8.780080769909546,-1471962.562,23.444557,4.434088764653701,True
65,PPh3,2.5,900,6.258334213634953,8.619087598985061,-1174564.680653462,-1392647.905537871,0.0,-444181.7832208271,-459277.2946503733,635637755.097788,18943828.98664844,8.880080770235509,-1471953.059,23.431957,3.4709221000615385,True
65,PPh3,2.5,600,6.258334213634953,8.619087598985061,-1174564.680653462,-1392647.905537871,0.0,-444181.7832208271,-459277.2946503733,635637755.097788,18943828.98664844,8.880080770235509,-1471953.059,23.431957,2.9583534612258555,True
60,tBu3,5.0,900,6.171404530410655,2.302256571361795,-1035502.6585613552,-1253580.8633121066,0.0,-444181.3887453471,-459276.6338575833,620956520.0066035,214387766911.03442,10.191022859886289,-1332880.435,23.419895,7.3824726784167805,True
60,tBu3,5.0,600,6.171404530410655,2.302256571361795,-1035502.6585613552,-1253580.8633121066,0.0,-444181.3887453471,-459276.6338575833,620956520.0066035,214387766911.03442,10.191022859886289,-1332880.435,23.419895,7.210345569299077,True
35,AmPhos,5.0,60,7.74872154626064,5.87310508126393,-1448646.96733084,-1666726.3670402588,0.0,-444179.4442134271,-459273.4054358833,20515535.01400838,438831160.85585546,10.024754139827564,-1746026.373,23.386837,4.401403345438889,True
85,PPh3,5.0,60,7.145174543606117,8.590886169113219,-1174568.381525202,-1392653.157805681,0.0,-444183.3795727971,-459279.9876584633,325746448.51214564,42726861.212345295,8.820080769713968,-1471957.722,23.329765,4.5804253774472325,True
65,PPh3,2.5,300,6.258334213634953,8.619087598985061,-1174564.680653462,-1392647.905537871,0.0,-444181.7832208271,-459277.2946503733,635637755.097788,18943828.98664844,8.880080770235509,-1471953.059,23.321342,2.648212714094992,False
65,AmPhos,0.5,150,7.760473346104845,5.876879281131551,-1448654.7100639,-1666736.252011119,0.0,-444181.7832208271,-459277.2946503733,67980668.4732043,1121351862.5124516,10.084754140116274,-1746035.369,23.274672,2.3895852174694947,False
70,tBu3,2.5,600,6.179822250269353,2.315115221310407,-1035504.4619395554,-1253583.4098521166,0.0,-444182.1795447971,-459277.9604423933,828938009.0305806,239809655560.4083,10.211022860137746,-1332882.704,23.252733,5.5753279397362885,True
70,tBu3,2.5,900,6.179822250269353,2.315115221310407,-1035504.4619395554,-1253583.4098521166,0.0,-444182.1795447971,-459277.9604423933,828938009.0305806,239809655560.4083,10.211022860137746,-1332882.704,23.252733,6.002777011947965,True
110,tBu3,1.25,60,6.2160072101978585,2.369938841788098,-1035512.0029327454,-1253594.1342415663,0.0,-444185.4162548871,-459283.4648965533,2273290524.405973,355148035352.39856,10.241022859932857,-1332892.243,23.21557,4.432544255968099,True
85,tBu3,5.0,150,6.192920420202427,2.3350375215522945,-1035507.2287042254,-1253587.3310556363,0.0,-444183.3795727971,-459279.9876584633,1241505808.0381713,280571455641.2495,10.211022859904917,-1332886.194,23.206,6.813499007811662,True
75,tBu3,5.0,60,6.184125390369445,2.3216712614521384,-1035505.3759921052,-1253584.7034391165,0.0,-444182.5777137971,-459278.6312180633,951979437.407301,253051580724.38177,10.211022860137746,-1332883.856,23.203173,7.04717766569488,True
100,PPh3,5.0,60,7.809205203317106,8.568478679051623,-1174571.237460832,-1392657.233030061,0.0,-444184.5961092371,-459282.0593113233,207518786.22476524,74536709.26482123,8.790080769686028,-1471961.335,23.193802,4.45437785261082,True
80,PPh3,5.0,60,6.923625333700329,8.598122939001769,-1174567.4448146818,-1392651.825253221,0.0,-444182.9777243271,-459279.3069618933,382074322.1569108,35147655.19564593,8.840080770198256,-1471956.539,23.187716,4.644960757711886,True
30,XPhos,2.5,150,6.959117609541863,10.523091319017112,-1545773.373035411,-1763856.482803141,0.0,-444179.0608992771,-459272.7749729833,60753761.84242585,163780.2869910142,10.609905860153958,-1843158.462,23.13437,1.8782313199025782,False
45,tBu3,2.5,60,6.15924774040468,2.283598941517994,-1035500.0156799252,-1253577.1456686163,0.0,-444180.2164438071,-459274.68163209327,389521622.2397609,178979395272.5775,10.19102286011912,-1332877.121,23.134304,5.34222634049935,True
100,PCy3,1.25,150,7.715751342009753,15.578290867153555,-1181211.078325714,-1399292.1813268852,0.0,-444184.5961092371,-459282.0593113233,235391606.64992365,5846.569732551803,11.560260799713433,-1478600.784,23.119072,2.0170835962358327,False
45,PPh3,5.0,300,5.528604427585378,8.645154149038717,-1174561.102773392,-1392642.862070221,0.0,-444180.2164438071,-459274.68163209327,1056172440.5549848,7636701.529295807,8.910080770263448,-1471948.576,23.110292,5.429355310687167,True
110,tBu3,0.5,300,6.2160072101978585,2.369938841788098,-1035512.0029327454,-1253594.1342415663,0.0,-444185.4162548871,-459283.4648965533,2273290524.405973,355148035352.39856,10.241022859932857,-1332892.243,23.03165,4.795024586196512,True
45,PPh3,5.0,600,5.528604427585378,8.645154149038717,-1174561.102773392,-1392642.862070221,0.0,-444180.2164438071,-459274.68163209327,1056172440.5549848,7636701.529295807,8.910080770263448,-1471948.576,23.02321,5.287706059225202,True
45,PPh3,5.0,900,5.528604427585378,8.645154149038717,-1174561.102773392,-1392642.862070221,0.0,-444180.2164438071,-459274.68163209327,1056172440.5549848,7636701.529295807,8.910080770263448,-1471948.576,23.02321,5.453914601933792,True
65,AmPhos,0.5,60,7.760473346104845,5.876879281131551,-1448654.7100639,-1666736.252011119,0.0,-444181.7832208271,-459277.2946503733,67980668.4732043,1121351862.5124516,10.084754140116274,-1746035.369,23.003584,2.4239253774105323,False
105,tBu3,5.0,150,6.211264560231939,2.3627887312322855,-1035511.0318996854,-1253592.7469961166,0.0,-444185.0052725071,-459282.7596657633,2026800721.8335,339596555279.8129,10.231022860156372,-1332891.011,22.977757,6.869772538166984,True
90,tBu3,5.0,60,6.197412280365825,2.3418479312676936,-1035508.1673165852,-1253588.6650090865,0.0,-444183.7832555871,-459280.6732924233,1410251920.408977,294838346816.1321,10.211022860137746,-1332887.381,22.956863,6.803726246477313,True
35,PPh3,2.5,300,5.540505847893655,8.657299769110978,-1174559.3601562318,-1392640.419130761,0.0,-444179.4442134271,-459273.4054358833,755408202.733524,4652709.00782714,8.930080770049244,-1471946.401,22.90537,3.1443785861585867,True
80,tBu3,5.0,60,6.188491450273432,2.328311991179362,-1035506.2982548954,-1253586.0105196566,0.0,-444182.9777243271,-459279.3069618933,1089131885.4602783,266640655522.64627,10.221022859914228,-1332885.019,22.822989,6.945992660031935,True
100,tBu3,5.0,150,6.206584440427832,2.3557235216721892,-1035510.0689373752,-1253591.3730170864,0.0,-444184.5961092371,-459282.0593113233,1801655380.2815652,324356961675.8968,10.231022859923542,-1332889.789,22.777042,6.767362388889869,True
35,PCy3,5.0,150,4.686560082016513,15.864020887063816,-1181198.357802244,-1399274.3517942752,0.0,-444179.4442134271,-459273.4054358833,3046579497.204595,36.02416633009954,11.440260799834505,-1478585.187,22.742855,8.753945683287021,True
55,PPh3,2.5,150,5.814250693656504,8.632404329022393,-1174562.876297962,-1392645.357603761,0.0,-444180.9961217871,-459275.9780797033,917633426.8703434,12184514.826142734,8.890080770011991,-1471950.795,22.710773,3.067545859834285,True
95,tBu3,5.0,60,6.201966980355792,2.348743251292035,-1035509.1140686752,-1253590.0123421666,0.0,-444184.1887689871,-459281.3638484633,1596559639.7565093,309435514394.05896,10.231022860156372,-1332888.579,22.702826,6.781954891304329,True
70,tBu3,2.5,300,6.179822250269353,2.315115221310407,-1035504.4619395554,-1253583.4098521166,0.0,-444182.1795447971,-459277.9604423933,828938009.0305806,239809655560.4083,10.211022860137746,-1332882.704,22.66874,5.394546083291679,True
75,PCy3,1.25,150,6.551999532151967,15.690463187173009,-1181206.004193984,-1399285.0363275053,0.0,-444182.5777137971,-459278.6312180633,559373170.3764096,1026.139425499056,11.52026079990901,-1478594.535,22.649916,2.630254804232796,False
35,PCy3,5.0,60,4.686560082016513,15.864020887063816,-1181198.357802244,-1399274.3517942752,0.0,-444179.4442134271,-459273.4054358833,3046579497.204595,36.02416633009954,11.440260799834505,-1478585.187,22.63613,8.770217653342048,True
35,PPh3,2.5,900,5.540505847893655,8.657299769110978,-1174559.3601562318,-1392640.419130761,0.0,-444179.4442134271,-459273.4054358833,755408202.733524,4652709.00782714,8.930080770049244,-1471946.401,22.620787,3.7315575829413334,True
35,PPh3,2.5,600,5.540505847893655,8.657299769110978,-1174559.3601562318,-1392640.419130761,0.0,-444179.4442134271,-459273.4054358833,755408202.733524,4652709.00782714,8.930080770049244,-1471946.401,22.620787,3.3331595037488184,True
40,PPh3,2.5,60,5.53451706818305,8.651304949074984,-1174560.227596782,-1392641.634014321,0.0,-444179.8293960271,-459274.0409944233,895553382.6856965,5982932.32201439,8.92008076957427,-1471947.483,22.614374,3.3117146626487517,True
50,PPh3,2.5,150,5.592035913607106,8.638852349016815,-1174561.985676912,-1392644.103274711,0.0,-444180.6053534971,-459275.3273325533,1112678584.0380094,9678884.787019413,8.89008076977916,-1471949.68,22.58922,3.431062443681435,True
70,PPh3,5.0,900,6.480207113549113,8.61222734907642,-1174565.5943675318,-1392649.199093221,0.0,-444182.1795447971,-459277.9604423933,533597417.7956562,23408748.13137755,8.870080770226195,-1471954.208,22.57315,4.830735857484908,True
70,PPh3,5.0,600,6.480207113549113,8.61222734907642,-1174565.5943675318,-1392649.199093221,0.0,-444182.1795447971,-459277.9604423933,533597417.7956562,23408748.13137755,8.870080770226195,-1471954.208,22.57315,4.641234488714185,True
60,tBu3,2.5,150,6.171404530410655,2.302256571361795,-1035502.6585613552,-1253580.8633121066,0.0,-444181.3887453471,-459276.6338575833,620956520.0066035,214387766911.03442,10.191022859886289,-1332880.435,22.465477,5.705120284330665,True
85,tBu3,5.0,60,6.192920420202427,2.3350375215522945,-1035507.2287042254,-1253587.3310556363,0.0,-444183.3795727971,-459279.9876584633,1241505808.0381713,280571455641.2495,10.211022859904917,-1332886.194,22.43591,6.8620694156597875,True
40,AmPhos,1.25,300,7.7504360063467175,5.87376865115948,-1448648.2235122398,-1666727.9666996289,0.0,-444179.8293960271,-459274.0409944233,25446155.673661835,519195526.3150639,10.04475414007902,-1746027.829,22.330917,2.477700646455323,False
50,tBu3,5.0,300,6.16323757043574,2.2897344515658915,-1035500.8883155952,-1253578.3712087064,0.0,-444180.6053534971,-459275.3273325533,457161172.77260697,190413260782.13626,10.201022860128433,-1332878.214,22.316828,6.950729216780081,True
55,tBu3,5.0,300,6.167289770208299,2.295953571330756,-1035501.7692845054,-1253579.6104363366,0.0,-444180.9961217871,-459275.9780797033,534009367.5307043,202217382164.11255,10.201022859895602,-1332879.319,22.316828,7.140222575694471,True
80,PCy3,1.25,150,6.784874092321843,15.668234297074378,-1181207.0008658338,-1399286.4366722952,0.0,-444182.9777243271,-459279.3069618933,465600155.4395874,1481.173254296473,11.530260799918324,-1478595.76,22.290682,2.4723589957721934,False
30,XPhos,5.0,150,6.959117609541863,10.523091319017112,-1545773.373035411,-1763856.482803141,0.0,-444179.0608992771,-459272.7749729833,60753761.84242585,163780.2869910142,10.609905860153958,-1843158.462,22.227358,4.03712151796699,True
45,PPh3,2.5,150,5.528604427585378,8.645154149038717,-1174561.102773392,-1392642.862070221,0.0,-444180.2164438071,-459274.68163209327,1056172440.5549848,7636701.529295807,8.910080770263448,-1471948.576,22.226583,3.406932032862225,True
85,PCy3,1.25,150,7.01768529205583,15.645899317227304,-1181208.006616904,-1399287.8513611152,0.0,-444183.3795727971,-459279.9876584633,389649490.539178,2116.924138753408,11.530260799452662,-1478596.997,22.218094,2.3236493256511777,False
50,tBu3,5.0,900,6.16323757043574,2.2897344515658915,-1035500.8883155952,-1253578.3712087064,0.0,-444180.6053534971,-459275.3273325533,457161172.77260697,190413260782.13626,10.201022860128433,-1332878.214,22.195236,6.950729216780081,True
55,tBu3,5.0,900,6.167289770208299,2.295953571330756,-1035501.7692845054,-1253579.6104363366,0.0,-444180.9961217871,-459275.9780797033,534009367.5307043,202217382164.11255,10.201022859895602,-1332879.319,22.195236,7.153706217814789,True
50,tBu3,5.0,600,6.16323757043574,2.2897344515658915,-1035500.8883155952,-1253578.3712087064,0.0,-444180.6053534971,-459275.3273325533,457161172.77260697,190413260782.13626,10.201022860128433,-1332878.214,22.195236,6.821142805481562,True
55,tBu3,5.0,600,6.167289770208299,2.295953571330756,-1035501.7692845054,-1253579.6104363366,0.0,-444180.9961217871,-459275.9780797033,534009367.5307043,202217382164.11255,10.201022859895602,-1332879.319,22.195236,7.027781913828417,True
70,PPh3,5.0,300,6.480207113549113,8.61222734907642,-1174565.5943675318,-1392649.199093221,0.0,-444182.1795447971,-459277.9604423933,533597417.7956562,23408748.13137755,8.870080770226195,-1471954.208,22.1744,4.723270119358123,True
105,tBu3,5.0,60,6.211264560231939,2.3627887312322855,-1035511.0318996854,-1253592.7469961166,0.0,-444185.0052725071,-459282.7596657633,2026800721.8335,339596555279.8129,10.231022860156372,-1332891.011,22.058372,6.911589036113544,True
60,PPh3,5.0,150,6.036349423462525,8.62581462902017,-1174563.774626812,-1392646.625033041,0.0,-444181.3887453471,-459276.6338575833,761476604.9771326,15239905.796493253,8.870080770226195,-1471951.922,21.982294,5.084119919507184,True
40,tBu3,2.5,300,6.155320030171424,2.277546701254323,-1035499.1514032354,-1253575.9338558966,0.0,-444179.8293960271,-459274.0409944233,330246970.6527969,167919419980.16046,10.19102286011912,-1332876.039,21.925674,5.077049231843995,True
35,AmPhos,1.25,300,7.74872154626064,5.87310508126393,-1448646.96733084,-1666726.3670402588,0.0,-444179.4442134271,-459273.4054358833,20515535.01400838,438831160.85585546,10.024754139827564,-1746026.373,21.913233,2.551064349103803,False
70,AmPhos,0.5,150,7.762775676324964,5.877477371133864,-1448656.0482858298,-1666737.966152879,0.0,-444182.1795447971,-459277.9604423933,81353224.64325193,1291453215.3480983,10.094754140125588,-1746036.928,21.889288,2.312907742152049,False
100,tBu3,5.0,60,6.206584440427832,2.3557235216721892,-1035510.0689373752,-1253591.3730170864,0.0,-444184.5961092371,-459282.0593113233,1801655380.2815652,324356961675.8968,10.231022859923542,-1332889.789,21.857658,6.810987166585397,True
35,PPh3,2.5,60,5.540505847893655,8.657299769110978,-1174559.3601562318,-1392640.419130761,0.0,-444179.4442134271,-459273.4054358833,755408202.733524,4652709.00782714,8.930080770049244,-1471946.401,21.837639,3.2300005777046032,True
45,tBu3,5.0,300,6.15924774040468,2.283598941517994,-1035500.0156799252,-1253577.1456686163,0.0,-444180.2164438071,-459274.68163209327,389521622.2397609,178979395272.5775,10.19102286011912,-1332877.121,21.827408,6.771778966739757,True
40,AmPhos,1.25,600,7.7504360063467175,5.87376865115948,-1448648.2235122398,-1666727.9666996289,0.0,-444179.8293960271,-459274.0409944233,25446155.673661835,519195526.3150639,10.04475414007902,-1746027.829,21.72061,2.368431546504943,False
40,AmPhos,1.25,900,7.7504360063467175,5.87376865115948,-1448648.2235122398,-1666727.9666996289,0.0,-444179.8293960271,-459274.0409944233,25446155.673661835,519195526.3150639,10.04475414007902,-1746027.829,21.72061,2.7242957395572263,True
45,tBu3,5.0,900,6.15924774040468,2.283598941517994,-1035500.0156799252,-1253577.1456686163,0.0,-444180.2164438071,-459274.68163209327,389521622.2397609,178979395272.5775,10.19102286011912,-1332877.121,21.705816,6.771778966739757,True
45,tBu3,5.0,600,6.15924774040468,2.283598941517994,-1035500.0156799252,-1253577.1456686163,0.0,-444180.2164438071,-459274.68163209327,389521622.2397609,178979395272.5775,10.19102286011912,-1332877.121,21.705816,6.638776952108171,True
65,tBu3,2.5,600,6.175581990275532,2.308643721509725,-1035503.5561212254,-1253582.1297969464,0.0,-444181.7832208271,-459277.2946503733,718938914.6743594,226920072320.44778,10.211022859904917,-1332881.564,21.640001,5.698999536963239,True
65,tBu3,2.5,900,6.175581990275532,2.308643721509725,-1035503.5561212254,-1253582.1297969464,0.0,-444181.7832208271,-459277.2946503733,718938914.6743594,226920072320.44778,10.211022859904917,-1332881.564,21.640001,6.108283509937433,True
55,tBu3,2.5,150,6.167289770208299,2.295953571330756,-1035501.7692845054,-1253579.6104363366,0.0,-444180.9961217871,-459275.9780797033,534009367.5307043,202217382164.11255,10.201022859895602,-1332879.319,21.620035,5.6691034156908895,True
50,tBu3,2.5,150,6.16323757043574,2.2897344515658915,-1035500.8883155952,-1253578.3712087064,0.0,-444180.6053534971,-459275.3273325533,457161172.77260697,190413260782.13626,10.201022860128433,-1332878.214,21.620035,5.465997929764771,True
70,AmPhos,0.5,60,7.762775676324964,5.877477371133864,-1448656.0482858298,-1666737.966152879,0.0,-444182.1795447971,-459277.9604423933,81353224.64325193,1291453215.3480983,10.094754140125588,-1746036.928,21.614498,2.3488089123719993,False
65,PPh3,5.0,600,6.258334213634953,8.619087598985061,-1174564.680653462,-1392647.905537871,0.0,-444181.7832208271,-459277.2946503733,635637755.097788,18943828.98664844,8.880080770235509,-1471953.059,21.60742,4.7438136936262865,True
65,PPh3,5.0,900,6.258334213634953,8.619087598985061,-1174564.680653462,-1392647.905537871,0.0,-444181.7832208271,-459277.2946503733,635637755.097788,18943828.98664844,8.880080770235509,-1471953.059,21.60742,4.929149224934673,True
40,tBu3,2.5,600,6.155320030171424,2.277546701254323,-1035499.1514032354,-1253575.9338558966,0.0,-444179.8293960271,-459274.0409944233,330246970.6527969,167919419980.16046,10.19102286011912,-1332876.039,21.60658,5.0167594531004465,True
40,tBu3,2.5,900,6.155320030171424,2.277546701254323,-1035499.1514032354,-1253575.9338558966,0.0,-444179.8293960271,-459274.0409944233,330246970.6527969,167919419980.16046,10.19102286011912,-1332876.039,21.60658,5.206035180669165,True
65,PPh3,5.0,300,6.258334213634953,8.619087598985061,-1174564.680653462,-1392647.905537871,0.0,-444181.7832208271,-459277.2946503733,635637755.097788,18943828.98664844,8.880080770235509,-1471953.059,21.602823,4.845805987418868,True
65,tBu3,2.5,300,6.175581990275532,2.308643721509725,-1035503.5561212254,-1253582.1297969464,0.0,-444181.7832208271,-459277.2946503733,718938914.6743594,226920072320.44778,10.211022859904917,-1332881.564,21.563896,5.538521762438528,True
70,tBu3,5.0,900,6.179822250269353,2.315115221310407,-1035504.4619395554,-1253583.4098521166,0.0,-444182.1795447971,-459277.9604423933,828938009.0305806,239809655560.4083,10.211022860137746,-1332882.704,21.498413,7.51907443350053,True
70,tBu3,5.0,600,6.179822250269353,2.315115221310407,-1035504.4619395554,-1253583.4098521166,0.0,-444182.1795447971,-459277.9604423933,828938009.0305806,239809655560.4083,10.211022860137746,-1332882.704,21.498413,7.177255171823189,True
60,PPh3,5.0,60,6.036349423462525,8.62581462902017,-1174563.774626812,-1392646.625033041,0.0,-444181.3887453471,-459276.6338575833,761476604.9771326,15239905.796493253,8.870080770226195,-1471951.922,21.474228,5.149445327691795,True
80,PPh3,1.25,900,6.923625333700329,8.598122939001769,-1174567.4448146818,-1392651.825253221,0.0,-444182.9777243271,-459279.3069618933,382074322.1569108,35147655.19564593,8.840080770198256,-1471956.539,21.45738,3.4026682646251345,True
80,PPh3,1.25,600,6.923625333700329,8.598122939001769,-1174567.4448146818,-1392651.825253221,0.0,-444182.9777243271,-459279.3069618933,382074322.1569108,35147655.19564593,8.840080770198256,-1471956.539,21.45738,2.531745660068941,False
40,PPh3,5.0,300,5.53451706818305,8.651304949074984,-1174560.227596782,-1392641.634014321,0.0,-444179.8293960271,-459274.0409944233,895553382.6856965,5982932.32201439,8.92008076957427,-1471947.483,21.420254,5.244277731398259,True
75,PPh3,1.25,600,6.7019701634999365,8.605237868847325,-1174566.5157583018,-1392650.505673631,0.0,-444182.5777137971,-459278.6312180633,450360658.19940287,28762104.05648479,8.860080769984052,-1471955.368,21.4166,2.571930341433265,False
75,PPh3,1.25,900,6.7019701634999365,8.605237868847325,-1174566.5157583018,-1392650.505673631,0.0,-444182.5777137971,-459278.6312180633,450360658.19940287,28762104.05648479,8.860080769984052,-1471955.368,21.4166,3.4552186549199058,True
90,PPh3,1.25,600,7.36661971360445,8.58353101904504,-1174569.325877972,-1392654.503304221,0.0,-444183.7832555871,-459280.6732924233,279039089.18806523,51680308.12636762,8.810080769471824,-1471958.915,21.317368,2.4504164317141144,False
90,PPh3,1.25,900,7.36661971360445,8.58353101904504,-1174569.325877972,-1392654.503304221,0.0,-444183.7832555871,-459280.6732924233,279039089.18806523,51680308.12636762,8.810080769471824,-1471958.915,21.317368,3.30272513117605,True
35,AmPhos,1.25,900,7.74872154626064,5.87310508126393,-1448646.96733084,-1666726.3670402588,0.0,-444179.4442134271,-459273.4054358833,20515535.01400838,438831160.85585546,10.024754139827564,-1746026.373,21.302925,2.7952030671281123,True
35,AmPhos,1.25,600,7.74872154626064,5.87310508126393,-1448646.96733084,-1666726.3670402588,0.0,-444179.4442134271,-459273.4054358833,20515535.01400838,438831160.85585546,10.024754139827564,-1746026.373,21.302925,2.4486331190966153,False
85,PPh3,1.25,600,7.145174543606117,8.590886169113219,-1174568.381525202,-1392653.157805681,0.0,-444183.3795727971,-459279.9876584633,325746448.51214564,42726861.212345295,8.820080769713968,-1471957.722,21.277859,2.502307736667546,False
85,PPh3,1.25,900,7.145174543606117,8.590886169113219,-1174568.381525202,-1392653.157805681,0.0,-444183.3795727971,-459279.9876584633,325746448.51214564,42726861.212345295,8.820080769713968,-1471957.722,21.277859,3.344809738059271,True
40,tBu3,2.5,60,6.155320030171424,2.277546701254323,-1035499.1514032354,-1253575.9338558966,0.0,-444179.8293960271,-459274.0409944233,330246970.6527969,167919419980.16046,10.19102286011912,-1332876.039,21.229595,5.198725836105126,True
80,PPh3,1.25,300,6.923625333700329,8.598122939001769,-1174567.4448146818,-1392651.825253221,0.0,-444182.9777243271,-459279.3069618933,382074322.1569108,35147655.19564593,8.840080770198256,-1471956.539,21.176926,1.8607386750098645,False
45,AmPhos,1.25,150,7.752247695811093,5.874414881225675,-1448649.49344555,-1666729.5855557488,0.0,-444180.2164438071,-459274.68163209327,31351881.181920238,611209014.8253787,10.044754140311852,-1746029.303,21.174603,2.4949210319920585,False
35,tBu3,2.5,300,6.151454170234501,2.2715773314703256,-1035498.2955117354,-1253574.7358108363,0.0,-444179.4442134271,-459273.4054358833,278540413.7586242,157236576653.66492,10.181022860109806,-1332874.97,21.1726,4.9567184065441054,True
55,PPh3,5.0,150,5.814250693656504,8.632404329022393,-1174562.876297962,-1392645.357603761,0.0,-444180.9961217871,-459275.9780797033,917633426.8703434,12184514.826142734,8.890080770011991,-1471950.795,21.155054,5.29251473513799,True
45,tBu3,2.5,150,6.15924774040468,2.283598941517994,-1035500.0156799252,-1253577.1456686163,0.0,-444180.2164438071,-459274.68163209327,389521622.2397609,178979395272.5775,10.19102286011912,-1332877.121,21.130613,5.291154343813193,True
75,PPh3,1.25,300,6.7019701634999365,8.605237868847325,-1174566.5157583018,-1392650.505673631,0.0,-444182.5777137971,-459278.6312180633,450360658.19940287,28762104.05648479,8.860080769984052,-1471955.368,21.130396,1.8924529677808342,False
45,AmPhos,1.25,60,7.752247695811093,5.874414881225675,-1448649.49344555,-1666729.5855557488,0.0,-444180.2164438071,-459274.68163209327,31351881.181920238,611209014.8253787,10.044754140311852,-1746029.303,21.12526,2.555733941696913,False
70,tBu3,2.5,60,6.179822250269353,2.315115221310407,-1035504.4619395554,-1253583.4098521166,0.0,-444182.1795447971,-459277.9604423933,828938009.0305806,239809655560.4083,10.211022860137746,-1332882.704,21.122166,5.465910461413071,True
70,PPh3,2.5,60,6.480207113549113,8.61222734907642,-1174565.5943675318,-1392649.199093221,0.0,-444182.1795447971,-459277.9604423933,533597417.7956562,23408748.13137755,8.870080770226195,-1471954.208,21.077234,2.584974313090868,False
90,PPh3,1.25,300,7.36661971360445,8.58353101904504,-1174569.325877972,-1392654.503304221,0.0,-444183.7832555871,-459280.6732924233,279039089.18806523,51680308.12636762,8.810080769471824,-1471958.915,21.06024,1.8331786714819824,False
50,PPh3,5.0,150,5.592035913607106,8.638852349016815,-1174561.985676912,-1392644.103274711,0.0,-444180.6053534971,-459275.3273325533,1112678584.0380094,9678884.787019413,8.89008076977916,-1471949.68,21.0335,5.557170770993675,True
40,PPh3,5.0,600,5.53451706818305,8.651304949074984,-1174560.227596782,-1392641.634014321,0.0,-444179.8293960271,-459274.0409944233,895553382.6856965,5982932.32201439,8.92008076957427,-1471947.483,21.029652,5.071284007269652,True
40,PPh3,5.0,900,5.53451706818305,8.651304949074984,-1174560.227596782,-1392641.634014321,0.0,-444179.8293960271,-459274.0409944233,895553382.6856965,5982932.32201439,8.92008076957427,-1471947.483,21.029652,5.244277731398259,True
70,tBu3,5.0,300,6.179822250269353,2.315115221310407,-1035504.4619395554,-1253583.4098521166,0.0,-444182.1795447971,-459277.9604423933,828938009.0305806,239809655560.4083,10.211022860137746,-1332882.704,21.020437,7.069784581613663,True
60,tBu3,5.0,150,6.171404530410655,2.302256571361795,-1035502.6585613552,-1253580.8633121066,0.0,-444181.3887453471,-459276.6338575833,620956520.0066035,214387766911.03442,10.191022859886289,-1332880.435,21.016285,7.254876884969842,True
65,PPh3,2.5,60,6.258334213634953,8.619087598985061,-1174564.680653462,-1392647.905537871,0.0,-444181.7832208271,-459277.2946503733,635637755.097788,18943828.98664844,8.880080770235509,-1471953.059,20.95591,2.7033666874159565,True
95,PPh3,1.25,900,7.587962673511356,8.576060798950493,-1174570.2778607318,-1392655.861721601,0.0,-444184.1887689871,-459281.3638484633,240114303.0566574,62209171.21206936,8.810080769937485,-1471960.119,20.914015,3.2740223656822542,True
95,PPh3,1.25,600,7.587962673511356,8.576060798950493,-1174570.2778607318,-1392655.861721601,0.0,-444184.1887689871,-459281.3638484633,240114303.0566574,62209171.21206936,8.810080769937485,-1471960.119,20.914015,2.416330315973293,False
105,PPh3,1.25,600,8.030349103501067,8.560787699185312,-1174572.204665182,-1392658.617201391,0.0,-444185.0052725071,-459282.7596657633,180096924.25953132,88909785.25421162,8.780080769909546,-1471962.562,20.89225,2.398363717500525,False
105,PPh3,1.25,900,8.030349103501067,8.560787699185312,-1174572.204665182,-1392658.617201391,0.0,-444185.0052725071,-459282.7596657633,180096924.25953132,88909785.25421162,8.780080769909546,-1471962.562,20.89225,3.2251327868637807,True
85,PPh3,1.25,300,7.145174543606117,8.590886169113219,-1174568.381525202,-1392653.157805681,0.0,-444183.3795727971,-459279.9876584633,325746448.51214564,42726861.212345295,8.820080769713968,-1471957.722,20.86561,1.8459167132036718,False
35,tBu3,2.5,900,6.151454170234501,2.2715773314703256,-1035498.2955117354,-1253574.7358108363,0.0,-444179.4442134271,-459273.4054358833,278540413.7586242,157236576653.66492,10.181022860109806,-1332874.97,20.853506,5.045055348445753,True
35,tBu3,2.5,600,6.151454170234501,2.2715773314703256,-1035498.2955117354,-1253574.7358108363,0.0,-444179.4442134271,-459273.4054358833,278540413.7586242,157236576653.66492,10.181022860109806,-1332874.97,20.853506,4.853392262078282,True
30,XPhos,1.25,300,6.959117609541863,10.523091319017112,-1545773.373035411,-1763856.482803141,0.0,-444179.0608992771,-459272.7749729833,60753761.84242585,163780.2869910142,10.609905860153958,-1843158.462,20.80742,2.048915992329393,False
30,XPhos,5.0,60,6.959117609541863,10.523091319017112,-1545773.373035411,-1763856.482803141,0.0,-444179.0608992771,-459272.7749729833,60753761.84242585,163780.2869910142,10.609905860153958,-1843158.462,20.710138,4.091266615694299,True
55,PPh3,5.0,60,5.814250693656504,8.632404329022393,-1174562.876297962,-1392645.357603761,0.0,-444180.9961217871,-459275.9780797033,917633426.8703434,12184514.826142734,8.890080770011991,-1471950.795,20.68418,5.362279681554848,True
80,tBu3,1.25,900,6.188491450273432,2.328311991179362,-1035506.2982548954,-1253586.0105196566,0.0,-444182.9777243271,-459279.3069618933,1089131885.4602783,266640655522.64627,10.221022859914228,-1332885.019,20.674215,5.66939722084748,True
80,tBu3,1.25,600,6.188491450273432,2.328311991179362,-1035506.2982548954,-1253586.0105196566,0.0,-444182.9777243271,-459279.3069618933,1089131885.4602783,266640655522.64627,10.221022859914228,-1332885.019,20.674215,5.116296448909059,True
45,PPh3,5.0,150,5.528604427585378,8.645154149038717,-1174561.102773392,-1392642.862070221,0.0,-444180.2164438071,-459274.68163209327,1056172440.5549848,7636701.529295807,8.910080770263448,-1471948.576,20.670864,5.523233951144195,True
60,tBu3,5.0,60,6.171404530410655,2.302256571361795,-1035502.6585613552,-1253580.8633121066,0.0,-444181.3887453471,-459276.6338575833,620956520.0066035,214387766911.03442,10.191022859886289,-1332880.435,20.6498,7.303305731981015,True
95,PPh3,1.25,300,7.587962673511356,8.576060798950493,-1174570.2778607318,-1392655.861721601,0.0,-444184.1887689871,-459281.3638484633,240114303.0566574,62209171.21206936,8.810080769937485,-1471960.119,20.629719,1.8116652745233695,False
75,tBu3,1.25,600,6.184125390369445,2.3216712614521384,-1035505.3759921052,-1253584.7034391165,0.0,-444182.5777137971,-459278.6312180633,951979437.407301,253051580724.38177,10.211022860137746,-1332883.856,20.608438,5.223630533078264,True
75,tBu3,1.25,900,6.184125390369445,2.3216712614521384,-1035505.3759921052,-1253584.7034391165,0.0,-444182.5777137971,-459278.6312180633,951979437.407301,253051580724.38177,10.211022860137746,-1332883.856,20.608438,5.752019613614846,True
105,PPh3,1.25,300,8.030349103501067,8.560787699185312,-1174572.204665182,-1392658.617201391,0.0,-444185.0052725071,-459282.7596657633,180096924.25953132,88909785.25421162,8.780080769909546,-1471962.562,20.607954,1.8286617289569764,False
100,PPh3,1.25,900,7.809205203317106,8.568478679051623,-1174571.237460832,-1392657.233030061,0.0,-444184.5961092371,-459282.0593113233,207518786.22476524,74536709.26482123,8.790080769686028,-1471961.335,20.581562,3.2536330864659737,True
100,PPh3,1.25,600,7.809205203317106,8.568478679051623,-1174571.237460832,-1392657.233030061,0.0,-444184.5961092371,-459282.0593113233,207518786.22476524,74536709.26482123,8.790080769686028,-1471961.335,20.581562,2.399534658182371,False
110,PPh3,0.5,150,8.251396073726937,8.552990769036114,-1174573.1794603218,-1392660.014206871,0.0,-444185.4162548871,-459283.4648965533,156924895.8507118,105600409.10840687,8.780080769909546,-1471963.799,20.578945,2.1544973308896047,False
50,PPh3,5.0,60,5.592035913607106,8.638852349016815,-1174561.985676912,-1392644.103274711,0.0,-444180.6053534971,-459275.3273325533,1112678584.0380094,9678884.787019413,8.89008076977916,-1471949.68,20.562626,5.62959309288593,True
40,PPh3,2.5,150,5.53451706818305,8.651304949074984,-1174560.227596782,-1392641.634014321,0.0,-444179.8293960271,-459274.0409944233,895553382.6856965,5982932.32201439,8.92008076957427,-1471947.483,20.56184,3.259121376754191,True
35,tBu3,2.5,60,6.151454170234501,2.2715773314703256,-1035498.2955117354,-1253574.7358108363,0.0,-444179.4442134271,-459273.4054358833,278540413.7586242,157236576653.66492,10.181022860109806,-1332874.97,20.535917,5.080368748754711,True
30,XPhos,1.25,900,6.959117609541863,10.523091319017112,-1545773.373035411,-1763856.482803141,0.0,-444179.0608992771,-459272.7749729833,60753761.84242585,163780.2869910142,10.609905860153958,-1843158.462,20.352736,2.3014201786063415,False
30,XPhos,1.25,600,6.959117609541863,10.523091319017112,-1545773.373035411,-1763856.482803141,0.0,-444179.0608992771,-459272.7749729833,60753761.84242585,163780.2869910142,10.609905860153958,-1843158.462,20.352736,1.8431981012875625,False
80,tBu3,1.25,300,6.188491450273432,2.328311991179362,-1035506.2982548954,-1253586.0105196566,0.0,-444182.9777243271,-459279.3069618933,1089131885.4602783,266640655522.64627,10.221022859914228,-1332885.019,20.314533,4.87772441394299,True
45,PPh3,5.0,60,5.528604427585378,8.645154149038717,-1174561.102773392,-1392642.862070221,0.0,-444180.2164438071,-459274.68163209327,1056172440.5549848,7636701.529295807,8.910080770263448,-1471948.576,20.29847,5.598044219300763,True
100,PPh3,1.25,300,7.809205203317106,8.568478679051623,-1174571.237460832,-1392657.233030061,0.0,-444184.5961092371,-459282.0593113233,207518786.22476524,74536709.26482123,8.790080769686028,-1471961.335,20.297266,1.8100320823588874,False
75,tBu3,1.25,300,6.184125390369445,2.3216712614521384,-1035505.3759921052,-1253584.7034391165,0.0,-444182.5777137971,-459278.6312180633,951979437.407301,253051580724.38177,10.211022860137746,-1332883.856,20.243008,5.010884813298564,True
35,PPh3,5.0,300,5.540505847893655,8.657299769110978,-1174559.3601562318,-1392640.419130761,0.0,-444179.4442134271,-459273.4054358833,755408202.733524,4652709.00782714,8.930080770049244,-1471946.401,20.194536,5.092445144273852,True
50,tBu3,5.0,150,6.16323757043574,2.2897344515658915,-1035500.8883155952,-1253578.3712087064,0.0,-444180.6053534971,-459275.3273325533,457161172.77260697,190413260782.13626,10.201022860128433,-1332878.214,20.170843,7.104085393706617,True
55,tBu3,5.0,150,6.167289770208299,2.295953571330756,-1035501.7692845054,-1253579.6104363366,0.0,-444180.9961217871,-459275.9780797033,534009367.5307043,202217382164.11255,10.201022859895602,-1332879.319,20.170843,7.235425225553787,True
65,tBu3,2.5,60,6.175581990275532,2.308643721509725,-1035503.5561212254,-1253582.1297969464,0.0,-444181.7832208271,-459277.2946503733,718938914.6743594,226920072320.44778,10.211022859904917,-1332881.564,20.136288,5.617606325534882,True
90,tBu3,1.25,900,6.197412280365825,2.3418479312676936,-1035508.1673165852,-1253588.6650090865,0.0,-444183.7832555871,-459280.6732924233,1410251920.408977,294838346816.1321,10.211022860137746,-1332887.381,20.134415,5.548328306220249,True
90,tBu3,1.25,600,6.197412280365825,2.3418479312676936,-1035508.1673165852,-1253588.6650090865,0.0,-444183.7832555871,-459280.6732924233,1410251920.408977,294838346816.1321,10.211022860137746,-1332887.381,20.134415,4.918416514590926,True
70,PCy3,1.25,600,6.319060322130099,15.71258249715902,-1181205.016602844,-1399283.6503425653,0.0,-444182.1795447971,-459277.9604423933,675840900.3850187,703.5944032201774,11.510260799899696,-1478593.323,20.132244,2.9744355246048664,True
70,PCy3,1.25,900,6.319060322130099,15.71258249715902,-1181205.016602844,-1399283.6503425653,0.0,-444182.1795447971,-459277.9604423933,675840900.3850187,703.5944032201774,11.510260799899696,-1478593.323,20.132244,3.4055698436512243,True
85,tBu3,1.25,900,6.192920420202427,2.3350375215522945,-1035507.2287042254,-1253587.3310556363,0.0,-444183.3795727971,-459279.9876584633,1241505808.0381713,280571455641.2495,10.211022859904917,-1332886.194,20.071487,5.598781332377081,True
85,tBu3,1.25,600,6.192920420202427,2.3350375215522945,-1035507.2287042254,-1253587.3310556363,0.0,-444183.3795727971,-459279.9876584633,1241505808.0381713,280571455641.2495,10.211022859904917,-1332886.194,20.071487,5.012418021508404,True
60,PCy3,1.25,600,5.852982591837645,15.756477617193013,-1181203.068667194,-1399280.9215138752,0.0,-444181.3887453471,-459276.6338575833,1004486610.0706717,320.11672982123156,11.49026079988107,-1478590.935,20.057398,3.617552032100545,True
60,PCy3,1.25,900,5.852982591837645,15.756477617193013,-1181203.068667194,-1399280.9215138752,0.0,-444181.3887453471,-459276.6338575833,1004486610.0706717,320.11672982123156,11.49026079988107,-1478590.935,20.057398,4.059726906488822,True
110,PPh3,0.5,60,8.251396073726937,8.552990769036114,-1174573.1794603218,-1392660.014206871,0.0,-444185.4162548871,-459283.4648965533,156924895.8507118,105600409.10840687,8.780080769909546,-1471963.799,20.039696,2.1674684194669465,False
65,tBu3,5.0,300,6.175581990275532,2.308643721509725,-1035503.5561212254,-1253582.1297969464,0.0,-444181.7832208271,-459277.2946503733,718938914.6743594,226920072320.44778,10.211022859904917,-1332881.564,19.89325,7.1885060817177076,True
65,tBu3,5.0,600,6.175581990275532,2.308643721509725,-1035503.5561212254,-1253582.1297969464,0.0,-444181.7832208271,-459277.2946503733,718938914.6743594,226920072320.44778,10.211022859904917,-1332881.564,19.863337,7.256423951096073,True
65,tBu3,5.0,900,6.175581990275532,2.308643721509725,-1035503.5561212254,-1253582.1297969464,0.0,-444181.7832208271,-459277.2946503733,718938914.6743594,226920072320.44778,10.211022859904917,-1332881.564,19.863337,7.536844224239539,True
50,tBu3,5.0,60,6.16323757043574,2.2897344515658915,-1035500.8883155952,-1253578.3712087064,0.0,-444180.6053534971,-459275.3273325533,457161172.77260697,190413260782.13626,10.201022860128433,-1332878.214,19.841549,7.200827433001381,True
55,tBu3,5.0,60,6.167289770208299,2.295953571330756,-1035501.7692845054,-1253579.6104363366,0.0,-444180.9961217871,-459275.9780797033,534009367.5307043,202217382164.11255,10.201022859895602,-1332879.319,19.841549,7.294150545254412,True
35,PPh3,5.0,900,5.540505847893655,8.657299769110978,-1174559.3601562318,-1392640.419130761,0.0,-444179.4442134271,-459273.4054358833,755408202.733524,4652709.00782714,8.930080770049244,-1471946.401,19.803934,5.092445144273852,True
35,PPh3,5.0,600,5.540505847893655,8.657299769110978,-1174559.3601562318,-1392640.419130761,0.0,-444179.4442134271,-459273.4054358833,755408202.733524,4652709.00782714,8.930080770049244,-1471946.401,19.803934,4.914178943161932,True
90,tBu3,1.25,300,6.197412280365825,2.3418479312676936,-1035508.1673165852,-1253588.6650090865,0.0,-444183.7832555871,-459280.6732924233,1410251920.408977,294838346816.1321,10.211022860137746,-1332887.381,19.79806,4.605499523639084,True
35,PPh3,2.5,150,5.540505847893655,8.657299769110978,-1174559.3601562318,-1392640.419130761,0.0,-444179.4442134271,-459273.4054358833,755408202.733524,4652709.00782714,8.930080770049244,-1471946.401,19.785105,3.1976205831312763,True
70,PPh3,2.5,150,6.480207113549113,8.61222734907642,-1174565.5943675318,-1392649.199093221,0.0,-444182.1795447971,-459277.9604423933,533597417.7956562,23408748.13137755,8.870080770226195,-1471954.208,19.770384,2.512645765348133,False
60,PCy3,1.25,300,5.852982591837645,15.756477617193013,-1181203.068667194,-1399280.9215138752,0.0,-444181.3887453471,-459276.6338575833,1004486610.0706717,320.11672982123156,11.49026079988107,-1478590.935,19.767286,3.4014561191348753,True
45,tBu3,5.0,150,6.15924774040468,2.283598941517994,-1035500.0156799252,-1253577.1456686163,0.0,-444180.2164438071,-459274.68163209327,389521622.2397609,178979395272.5775,10.19102286011912,-1332877.121,19.681423,6.934432819419079,True
30,PCy3,2.5,600,4.4530532620847225,15.885117047233507,-1181197.4428872638,-1399273.0812285552,0.0,-444179.0608992771,-459272.7749729833,3892468690.0232854,22.32095324514046,11.430260799825191,-1478584.075,19.667116,9.070274198556953,True
30,PCy3,2.5,900,4.4530532620847225,15.885117047233507,-1181197.4428872638,-1399273.0812285552,0.0,-444179.0608992771,-459272.7749729833,3892468690.0232854,22.32095324514046,11.430260799825191,-1478584.075,19.667116,9.445455518035795,True
70,PCy3,1.25,300,6.319060322130099,15.71258249715902,-1181205.016602844,-1399283.6503425653,0.0,-444182.1795447971,-459277.9604423933,675840900.3850187,703.5944032201774,11.510260799899696,-1478593.323,19.664194,2.754366581372827,True
95,tBu3,1.25,600,6.201966980355792,2.348743251292035,-1035509.1140686752,-1253590.0123421666,0.0,-444184.1887689871,-459281.3638484633,1596559639.7565093,309435514394.05896,10.231022860156372,-1332888.579,19.628748,4.844905472416798,True
95,tBu3,1.25,900,6.201966980355792,2.348743251292035,-1035509.1140686752,-1253590.0123421666,0.0,-444184.1887689871,-459281.3638484633,1596559639.7565093,309435514394.05896,10.231022860156372,-1332888.579,19.628748,5.52992438132478,True
105,tBu3,1.25,900,6.211264560231939,2.3627887312322855,-1035511.0318996854,-1253592.7469961166,0.0,-444185.0052725071,-459282.7596657633,2026800721.8335,339596555279.8129,10.231022860156372,-1332891.011,19.613989,5.6679351419082,True
105,tBu3,1.25,600,6.211264560231939,2.3627887312322855,-1035511.0318996854,-1253592.7469961166,0.0,-444185.0052725071,-459282.7596657633,2026800721.8335,339596555279.8129,10.231022860156372,-1332891.011,19.613989,4.8560659986417845,True
85,tBu3,1.25,300,6.192920420202427,2.3350375215522945,-1035507.2287042254,-1253587.3310556363,0.0,-444183.3795727971,-459279.9876584633,1241505808.0381713,280571455641.2495,10.211022859904917,-1332886.194,19.580011,4.741638816634805,True
65,PPh3,2.5,150,6.258334213634953,8.619087598985061,-1174564.680653462,-1392647.905537871,0.0,-444181.7832208271,-459277.2946503733,635637755.097788,18943828.98664844,8.880080770235509,-1471953.059,19.544868,2.6352530402527092,False
40,tBu3,5.0,300,6.155320030171424,2.277546701254323,-1035499.1514032354,-1253575.9338558966,0.0,-444179.8293960271,-459274.0409944233,330246970.6527969,167919419980.16046,10.19102286011912,-1332876.039,19.530619,6.617403103045331,True
45,tBu3,5.0,60,6.15924774040468,2.283598941517994,-1035500.0156799252,-1253577.1456686163,0.0,-444180.2164438071,-459274.68163209327,389521622.2397609,178979395272.5775,10.19102286011912,-1332877.121,19.450607,7.04662393956553,True
30,PCy3,2.5,300,4.4530532620847225,15.885117047233507,-1181197.4428872638,-1399273.0812285552,0.0,-444179.0608992771,-459272.7749729833,3892468690.0232854,22.32095324514046,11.430260799825191,-1478584.075,19.409487,8.84283475406914,True
40,AmPhos,1.25,150,7.7504360063467175,5.87376865115948,-1448648.2235122398,-1666727.9666996289,0.0,-444179.8293960271,-459274.0409944233,25446155.673661835,519195526.3150639,10.04475414007902,-1746027.829,19.343363,2.5751178040759943,False
70,tBu3,2.5,150,6.179822250269353,2.315115221310407,-1035504.4619395554,-1253583.4098521166,0.0,-444182.1795447971,-459277.9604423933,828938009.0305806,239809655560.4083,10.211022860137746,-1332882.704,19.325891,5.415190824974785,True
100,tBu3,1.25,600,6.206584440427832,2.3557235216721892,-1035510.0689373752,-1253591.3730170864,0.0,-444184.5961092371,-459282.0593113233,1801655380.2815652,324356961675.8968,10.231022859923542,-1332889.789,19.303297,4.810964633896136,True
100,tBu3,1.25,900,6.206584440427832,2.3557235216721892,-1035510.0689373752,-1253591.3730170864,0.0,-444184.5961092371,-459282.0593113233,1801655380.2815652,324356961675.8968,10.231022859923542,-1332889.789,19.303297,5.560769690407275,True
40,AmPhos,1.25,60,7.7504360063467175,5.87376865115948,-1448648.2235122398,-1666727.9666996289,0.0,-444179.8293960271,-459274.0409944233,25446155.673661835,519195526.3150639,10.04475414007902,-1746027.829,19.29402,2.643007517827875,False
95,tBu3,1.25,300,6.201966980355792,2.348743251292035,-1035509.1140686752,-1253590.0123421666,0.0,-444184.1887689871,-459281.3638484633,1596559639.7565093,309435514394.05896,10.231022860156372,-1332888.579,19.265224,4.474281022770327,True
40,tBu3,2.5,150,6.155320030171424,2.277546701254323,-1035499.1514032354,-1253575.9338558966,0.0,-444179.8293960271,-459274.0409944233,330246970.6527969,167919419980.16046,10.19102286011912,-1332876.039,19.225904,5.146428481330007,True
40,tBu3,5.0,900,6.155320030171424,2.277546701254323,-1035499.1514032354,-1253575.9338558966,0.0,-444179.8293960271,-459274.0409944233,330246970.6527969,167919419980.16046,10.19102286011912,-1332876.039,19.105507,6.617403103045331,True
40,tBu3,5.0,600,6.155320030171424,2.277546701254323,-1035499.1514032354,-1253575.9338558966,0.0,-444179.8293960271,-459274.0409944233,330246970.6527969,167919419980.16046,10.19102286011912,-1332876.039,19.105507,6.481295568620401,True
105,tBu3,1.25,300,6.211264560231939,2.3627887312322855,-1035511.0318996854,-1253592.7469961166,0.0,-444185.0052725071,-459282.7596657633,2026800721.8335,339596555279.8129,10.231022860156372,-1332891.011,19.019999,4.289837033624773,True
35,AmPhos,1.25,150,7.74872154626064,5.87310508126393,-1448646.96733084,-1666726.3670402588,0.0,-444179.4442134271,-459273.4054358833,20515535.01400838,438831160.85585546,10.024754139827564,-1746026.373,18.925678,2.654840385289533,False
50,PCy3,1.25,900,5.386629912303761,15.799888427136466,-1181201.1570659538,-1399278.250306785,0.0,-444180.6053534971,-459275.3273325533,1532091224.1574798,138.94977900613742,11.470260799862444,-1478588.598,18.911112,5.127394121926888,True
50,PCy3,1.25,600,5.386629912303761,15.799888427136466,-1181201.1570659538,-1399278.250306785,0.0,-444180.6053534971,-459275.3273325533,1532091224.1574798,138.94977900613742,11.470260799862444,-1478588.598,18.911112,4.660687723723908,True
35,AmPhos,1.25,60,7.74872154626064,5.87310508126393,-1448646.96733084,-1666726.3670402588,0.0,-444179.4442134271,-459273.4054358833,20515535.01400838,438831160.85585546,10.024754139827564,-1746026.373,18.876335,2.742954153899759,True
55,PCy3,1.25,600,5.619841332081705,15.778245627414435,-1181202.108324434,-1399279.578700225,0.0,-444180.9961217871,-459275.9780797033,1236356841.4585252,212.20339271961348,11.49026079988107,-1478589.761,18.862337,4.074507567537975,True
55,PCy3,1.25,900,5.619841332081705,15.778245627414435,-1181202.108324434,-1399279.578700225,0.0,-444180.9961217871,-459275.9780797033,1236356841.4585252,212.20339271961348,11.49026079988107,-1478589.761,18.862337,4.5251485482245695,True
30,PCy3,2.5,60,4.4530532620847225,15.885117047233507,-1181197.4428872638,-1399273.0812285552,0.0,-444179.0608992771,-459272.7749729833,3892468690.0232854,22.32095324514046,11.430260799825191,-1478584.075,18.827343,8.801016828899488,True
100,tBu3,1.25,300,6.206584440427832,2.3557235216721892,-1035510.0689373752,-1253591.3730170864,0.0,-444184.5961092371,-459282.0593113233,1801655380.2815652,324356961675.8968,10.231022859923542,-1332889.789,18.70931,4.358509397064793,True
50,PCy3,1.25,300,5.386629912303761,15.799888427136466,-1181201.1570659538,-1399278.250306785,0.0,-444180.6053534971,-459275.3273325533,1532091224.1574798,138.94977900613742,11.470260799862444,-1478588.598,18.70106,4.455859465275965,True
55,PCy3,1.25,300,5.619841332081705,15.778245627414435,-1181202.108324434,-1399279.578700225,0.0,-444180.9961217871,-459275.9780797033,1236356841.4585252,212.20339271961348,11.49026079988107,-1478589.761,18.663904,3.8501111728209465,True
40,PPh3,5.0,150,5.53451706818305,8.651304949074984,-1174560.227596782,-1392641.634014321,0.0,-444179.8293960271,-459274.0409944233,895553382.6856965,5982932.32201439,8.92008076957427,-1471947.483,18.656887,5.385525698854083,True
70,PPh3,5.0,150,6.480207113549113,8.61222734907642,-1174565.5943675318,-1392649.199093221,0.0,-444182.1795447971,-459277.9604423933,533597417.7956562,23408748.13137755,8.870080770226195,-1471954.208,18.650518,4.788632265476844,True
45,XPhos,0.5,300,7.69662566925399,10.560027488740161,-1545777.209824261,-1763861.3369689411,0.0,-444180.2164438071,-459274.68163209327,34235103.24672241,369433.0027578095,10.609905860153958,-1843162.934,18.583288,1.9081414033247674,False
35,tBu3,2.5,150,6.151454170234501,2.2715773314703256,-1035498.2955117354,-1253574.7358108363,0.0,-444179.4442134271,-459273.4054358833,278540413.7586242,157236576653.66492,10.181022860109806,-1332874.97,18.532227,5.027320356453434,True
40,PPh3,5.0,60,5.53451706818305,8.651304949074984,-1174560.227596782,-1392641.634014321,0.0,-444179.8293960271,-459274.0409944233,895553382.6856965,5982932.32201439,8.92008076957427,-1471947.483,18.52019,5.462592304120148,True
35,tBu3,5.0,300,6.151454170234501,2.2715773314703256,-1035498.2955117354,-1253574.7358108363,0.0,-444179.4442134271,-459273.4054358833,278540413.7586242,157236576653.66492,10.181022860109806,-1332874.97,18.494268,6.48413079469068,True
110,tBu3,0.5,150,6.2160072101978585,2.369938841788098,-1035512.0029327454,-1253594.1342415663,0.0,-444185.4162548871,-459283.4648965533,2273290524.405973,355148035352.39856,10.241022859932857,-1332892.243,18.456676,4.778557837196276,True
45,PCy3,1.25,900,5.153346881968901,15.821401657303795,-1181200.214892354,-1399276.9363482052,0.0,-444180.2164438071,-459274.68163209327,1912087618.2914307,89.821001633762,11.460260800085962,-1478587.449,18.39472,5.918671570581984,True
45,PCy3,1.25,600,5.153346881968901,15.821401657303795,-1181200.214892354,-1399276.9363482052,0.0,-444180.2164438071,-459274.68163209327,1912087618.2914307,89.821001633762,11.460260800085962,-1478587.449,18.39472,5.489528651089164,True
65,PPh3,5.0,150,6.258334213634953,8.619087598985061,-1174564.680653462,-1392647.905537871,0.0,-444181.7832208271,-459277.2946503733,635637755.097788,18943828.98664844,8.880080770235509,-1471953.059,18.34614,4.91790602833621,True
70,tBu3,5.0,150,6.179822250269353,2.315115221310407,-1035504.4619395554,-1253583.4098521166,0.0,-444182.1795447971,-459277.9604423933,828938009.0305806,239809655560.4083,10.211022860137746,-1332882.704,18.305567,7.108482470730297,True
65,tBu3,2.5,150,6.175581990275532,2.308643721509725,-1035503.5561212254,-1253582.1297969464,0.0,-444181.7832208271,-459277.2946503733,718938914.6743594,226920072320.44778,10.211022859904917,-1332881.564,18.278027,5.564799011312504,True
45,XPhos,0.5,600,7.69662566925399,10.560027488740161,-1545777.209824261,-1763861.3369689411,0.0,-444180.2164438071,-459274.68163209327,34235103.24672241,369433.0027578095,10.609905860153958,-1843162.934,18.27047,1.5863511035002955,False
45,XPhos,0.5,900,7.69662566925399,10.560027488740161,-1545777.209824261,-1763861.3369689411,0.0,-444180.2164438071,-459274.68163209327,34235103.24672241,369433.0027578095,10.609905860153958,-1843162.934,18.27047,2.122134037800959,False
60,PCy3,1.25,60,5.852982591837645,15.756477617193013,-1181203.068667194,-1399280.9215138752,0.0,-444181.3887453471,-459276.6338575833,1004486610.0706717,320.11672982123156,11.49026079988107,-1478590.935,18.212965,3.4514755774638473,True
30,XPhos,1.25,60,6.959117609541863,10.523091319017112,-1545773.373035411,-1763856.482803141,0.0,-444179.0608992771,-459272.7749729833,60753761.84242585,163780.2869910142,10.609905860153958,-1843158.462,18.185059,2.285748694397108,False
45,PCy3,1.25,300,5.153346881968901,15.821401657303795,-1181200.214892354,-1399276.9363482052,0.0,-444180.2164438071,-459274.68163209327,1912087618.2914307,89.821001633762,11.460260800085962,-1478587.449,18.184668,5.305215807466206,True
35,tBu3,5.0,900,6.151454170234501,2.2715773314703256,-1035498.2955117354,-1253574.7358108363,0.0,-444179.4442134271,-459273.4054358833,278540413.7586242,157236576653.66492,10.181022860109806,-1332874.97,18.069157,6.48413079469068,True
35,tBu3,5.0,600,6.151454170234501,2.2715773314703256,-1035498.2955117354,-1253574.7358108363,0.0,-444179.4442134271,-459273.4054358833,278540413.7586242,157236576653.66492,10.181022860109806,-1332874.97,18.069157,6.345206961187334,True
30,XPhos,1.25,150,6.959117609541863,10.523091319017112,-1545773.373035411,-1763856.482803141,0.0,-444179.0608992771,-459272.7749729833,60753761.84242585,163780.2869910142,10.609905860153958,-1843158.462,18.025206,2.1879182651391904,False
110,tBu3,0.5,60,6.2160072101978585,2.369938841788098,-1035512.0029327454,-1253594.1342415663,0.0,-444185.4162548871,-459283.4648965533,2273290524.405973,355148035352.39856,10.241022859932857,-1332892.243,17.982533,4.859699881091123,True
70,PCy3,1.25,60,6.319060322130099,15.71258249715902,-1181205.016602844,-1399283.6503425653,0.0,-444182.1795447971,-459277.9604423933,675840900.3850187,703.5944032201774,11.510260799899696,-1478593.323,17.797947,2.949912357647195,True
70,tBu3,5.0,60,6.179822250269353,2.315115221310407,-1035504.4619395554,-1253583.4098521166,0.0,-444182.1795447971,-459277.9604423933,828938009.0305806,239809655560.4083,10.211022860137746,-1332882.704,17.76265,7.16120074874533,True
90,PPh3,1.25,60,7.36661971360445,8.58353101904504,-1174569.325877972,-1392654.503304221,0.0,-444183.7832555871,-459280.6732924233,279039089.18806523,51680308.12636762,8.810080769471824,-1471958.915,17.697117,1.734846524273694,False
80,tBu3,1.25,60,6.188491450273432,2.328311991179362,-1035506.2982548954,-1253586.0105196566,0.0,-444182.9777243271,-459279.3069618933,1089131885.4602783,266640655522.64627,10.221022859914228,-1332885.019,17.6231,4.946267461041947,True
70,PPh3,5.0,60,6.480207113549113,8.61222734907642,-1174565.5943675318,-1392649.199093221,0.0,-444182.1795447971,-459277.9604423933,533597417.7956562,23408748.13137755,8.870080770226195,-1471954.208,17.620895,4.836850837937718,True
35,PPh3,5.0,150,5.540505847893655,8.657299769110978,-1174559.3601562318,-1392640.419130761,0.0,-444179.4442134271,-459273.4054358833,755408202.733524,4652709.00782714,8.930080770049244,-1471946.401,17.596876,5.283831360237899,True
40,XPhos,0.5,300,7.450894719455391,10.547870988957584,-1545775.9168041209,-1763859.699289771,0.0,-444179.8293960271,-459274.0409944233,41178381.13198226,283999.92187293305,10.609905859921128,-1843161.426,17.543926,1.9963983379869539,False
75,tBu3,1.25,60,6.184125390369445,2.3216712614521384,-1035505.3759921052,-1253584.7034391165,0.0,-444182.5777137971,-459278.6312180633,951979437.407301,253051580724.38177,10.211022860137746,-1332883.856,17.537191,5.090268329302801,True
35,XPhos,0.5,300,7.205059269443154,10.535560468910262,-1545774.637870391,-1763858.081225031,0.0,-444179.4442134271,-459273.4054358833,49848957.4961628,216578.80345824358,10.599905860377476,-1843159.935,17.525116,2.096845316733196,False
35,PPh3,5.0,60,5.540505847893655,8.657299769110978,-1174559.3601562318,-1392640.419130761,0.0,-444179.4442134271,-459273.4054358833,755408202.733524,4652709.00782714,8.930080770049244,-1471946.401,17.460178,5.381616505970525,True
80,PPh3,1.25,60,6.923625333700329,8.598122939001769,-1174567.4448146818,-1392651.825253221,0.0,-444182.9777243271,-459279.3069618933,382074322.1569108,35147655.19564593,8.840080770198256,-1471956.539,17.456282,1.7438276734424214,False
75,PPh3,1.25,60,6.7019701634999365,8.605237868847325,-1174566.5157583018,-1392650.505673631,0.0,-444182.5777137971,-459278.6312180633,450360658.19940287,28762104.05648479,8.860080769984052,-1471955.368,17.449245,1.7715347763767753,False
40,tBu3,5.0,150,6.155320030171424,2.277546701254323,-1035499.1514032354,-1253575.9338558966,0.0,-444179.8293960271,-459274.0409944233,330246970.6527969,167919419980.16046,10.19102286011912,-1332876.039,17.44741,6.783691884528925,True
85,PPh3,1.25,60,7.145174543606117,8.590886169113219,-1174568.381525202,-1392653.157805681,0.0,-444183.3795727971,-459279.9876584633,325746448.51214564,42726861.212345295,8.820080769713968,-1471957.722,17.444447,1.7330903285607888,False
90,tBu3,1.25,60,6.197412280365825,2.3418479312676936,-1035508.1673165852,-1253588.6650090865,0.0,-444183.7832555871,-459280.6732924233,1410251920.408977,294838346816.1321,10.211022860137746,-1332887.381,17.420677,4.653929348572229,True
65,PPh3,5.0,60,6.258334213634953,8.619087598985061,-1174564.680653462,-1392647.905537871,0.0,-444181.7832208271,-459277.2946503733,635637755.097788,18943828.98664844,8.880080770235509,-1471953.059,17.366264,4.9739799941413425,True
95,PPh3,1.25,60,7.587962673511356,8.576060798950493,-1174570.2778607318,-1392655.861721601,0.0,-444184.1887689871,-459281.3638484633,240114303.0566574,62209171.21206936,8.810080769937485,-1471960.119,17.26041,1.7480753218773604,False
40,XPhos,0.5,900,7.450894719455391,10.547870988957584,-1545775.9168041209,-1763859.699289771,0.0,-444179.8293960271,-459274.0409944233,41178381.13198226,283999.92187293305,10.609905859921128,-1843161.426,17.231108,2.2062410875581,False
40,XPhos,0.5,600,7.450894719455391,10.547870988957584,-1545775.9168041209,-1763859.699289771,0.0,-444179.8293960271,-459274.0409944233,41178381.13198226,283999.92187293305,10.609905859921128,-1843161.426,17.231108,1.668887087114823,False
40,tBu3,5.0,60,6.155320030171424,2.277546701254323,-1035499.1514032354,-1253575.9338558966,0.0,-444179.8293960271,-459274.0409944233,330246970.6527969,167919419980.16046,10.19102286011912,-1332876.039,17.216595,6.912550090712321,True
35,XPhos,0.5,600,7.205059269443154,10.535560468910262,-1545774.637870391,-1763858.081225031,0.0,-444179.4442134271,-459273.4054358833,49848957.4961628,216578.80345824358,10.599905860377476,-1843159.935,17.212297,1.757253136120406,False
35,XPhos,0.5,900,7.205059269443154,10.535560468910262,-1545774.637870391,-1763858.081225031,0.0,-444179.4442134271,-459273.4054358833,49848957.4961628,216578.80345824358,10.599905860377476,-1843159.935,17.212297,2.3028319884860204,False
65,tBu3,5.0,150,6.175581990275532,2.308643721509725,-1035503.5561212254,-1253582.1297969464,0.0,-444181.7832208271,-459277.2946503733,718938914.6743594,226920072320.44778,10.211022859904917,-1332881.564,17.177477,7.2302661715577035,True
105,PPh3,1.25,60,8.030349103501067,8.560787699185312,-1174572.204665182,-1392658.617201391,0.0,-444185.0052725071,-459282.7596657633,180096924.25953132,88909785.25421162,8.780080769909546,-1471962.562,17.154575,1.7579893271138107,False
85,tBu3,1.25,60,6.192920420202427,2.3350375215522945,-1035507.2287042254,-1253587.3310556363,0.0,-444183.3795727971,-459279.9876584633,1241505808.0381713,280571455641.2495,10.211022859904917,-1332886.194,17.144592,4.7999271425732175,True
30,AmPhos,2.5,300,7.747103866189718,5.87242125114426,-1448645.7249341998,-1666724.7866256689,0.0,-444179.0608992771,-459272.7749729833,16424962.890415384,368965415.2199011,10.014754140051082,-1746024.933,17.138016,2.5168107817800527,False
30,PPh3,2.5,300,5.546570197911933,8.663133368827403,-1174558.500460632,-1392639.217443101,0.0,-444179.0608992771,-459272.7749729833,633717362.8033094,3590274.895457588,8.940080769825727,-1471945.331,17.099266,3.112848624364834,True
90,PPh3,1.25,150,7.36661971360445,8.58353101904504,-1174569.325877972,-1392654.503304221,0.0,-444183.7832555871,-459280.6732924233,279039089.18806523,51680308.12636762,8.810080769471824,-1471958.915,17.00863,1.7234772711117323,False
45,XPhos,0.5,150,7.69662566925399,10.560027488740161,-1545777.209824261,-1763861.3369689411,0.0,-444180.2164438071,-459274.68163209327,34235103.24672241,369433.0027578095,10.609905860153958,-1843162.934,17.001837,2.1028938291763306,False
45,XPhos,0.5,60,7.69662566925399,10.560027488740161,-1545777.209824261,-1763861.3369689411,0.0,-444180.2164438071,-459274.68163209327,34235103.24672241,369433.0027578095,10.609905860153958,-1843162.934,16.984457,2.2406679641152816,False
50,PCy3,1.25,60,5.386629912303761,15.799888427136466,-1181201.1570659538,-1399278.250306785,0.0,-444180.6053534971,-459275.3273325533,1532091224.1574798,138.94977900613742,11.470260799862444,-1478588.598,16.97121,4.476436614955089,True
55,PCy3,1.25,60,5.619841332081705,15.778245627414435,-1181202.108324434,-1399279.578700225,0.0,-444180.9961217871,-459275.9780797033,1236356841.4585252,212.20339271961348,11.49026079988107,-1478589.761,16.934055,3.8755946529887724,True
30,PCy3,2.5,150,4.4530532620847225,15.885117047233507,-1181197.4428872638,-1399273.0812285552,0.0,-444179.0608992771,-459272.7749729833,3892468690.0232854,22.32095324514046,11.430260799825191,-1478584.075,16.920078,8.806544061133017,True
75,PPh3,1.25,150,6.7019701634999365,8.605237868847325,-1174566.5157583018,-1392650.505673631,0.0,-444182.5777137971,-459278.6312180633,450360658.19940287,28762104.05648479,8.860080769984052,-1471955.368,16.900032,1.745046227308795,False
95,tBu3,1.25,60,6.201966980355792,2.348743251292035,-1035509.1140686752,-1253590.0123421666,0.0,-444184.1887689871,-459281.3638484633,1596559639.7565093,309435514394.05896,10.231022860156372,-1332888.579,16.881657,4.513240417136044,True
30,PPh3,2.5,600,5.546570197911933,8.663133368827403,-1174558.500460632,-1392639.217443101,0.0,-444179.0608992771,-459272.7749729833,633717362.8033094,3590274.895457588,8.940080769825727,-1471945.331,16.814684,3.2291934961803657,True
30,PPh3,2.5,900,5.546570197911933,8.663133368827403,-1174558.500460632,-1392639.217443101,0.0,-444179.0608992771,-459272.7749729833,633717362.8033094,3590274.895457588,8.940080769825727,-1471945.331,16.814684,3.6120674716516503,True
100,PPh3,1.25,60,7.809205203317106,8.568478679051623,-1174571.237460832,-1392657.233030061,0.0,-444184.5961092371,-459282.0593113233,207518786.22476524,74536709.26482123,8.790080769686028,-1471961.335,16.793842,1.7608596733277238,False
85,PPh3,1.25,150,7.145174543606117,8.590886169113219,-1174568.381525202,-1392653.157805681,0.0,-444183.3795727971,-459279.9876584633,325746448.51214564,42726861.212345295,8.820080769713968,-1471957.722,16.778038,1.7191882683263024,False
80,PPh3,1.25,150,6.923625333700329,8.598122939001769,-1174567.4448146818,-1392651.825253221,0.0,-444182.9777243271,-459279.3069618933,382074322.1569108,35147655.19564593,8.840080770198256,-1471956.539,16.775602,1.7254175456764156,False
60,PCy3,1.25,150,5.852982591837645,15.756477617193013,-1181203.068667194,-1399280.9215138752,0.0,-444181.3887453471,-459276.6338575833,1004486610.0706717,320.11672982123156,11.49026079988107,-1478590.935,16.756756,3.4029795138062524,True
80,tBu3,1.25,150,6.188491450273432,2.328311991179362,-1035506.2982548954,-1253586.0105196566,0.0,-444182.9777243271,-459279.3069618933,1089131885.4602783,266640655522.64627,10.221022859914228,-1332885.019,16.722773,4.893201364641331,True
30,AmPhos,2.5,900,7.747103866189718,5.87242125114426,-1448645.7249341998,-1666724.7866256689,0.0,-444179.0608992771,-459272.7749729833,16424962.890415384,368965415.2199011,10.014754140051082,-1746024.933,16.699282,3.027308681089097,True
30,AmPhos,2.5,600,7.747103866189718,5.87242125114426,-1448645.7249341998,-1666724.7866256689,0.0,-444179.0608992771,-459272.7749729833,16424962.890415384,368965415.2199011,10.014754140051082,-1746024.933,16.699282,2.6296140856236105,False
105,PPh3,1.25,150,8.030349103501067,8.560787699185312,-1174572.204665182,-1392658.617201391,0.0,-444185.0052725071,-459282.7596657633,180096924.25953132,88909785.25421162,8.780080769909546,-1471962.562,16.64567,1.6936386197996096,False
75,tBu3,1.25,150,6.184125390369445,2.3216712614521384,-1035505.3759921052,-1253584.7034391165,0.0,-444182.5777137971,-459278.6312180633,951979437.407301,253051580724.38177,10.211022860137746,-1332883.856,16.642694,5.034665582758193,True
30,PCy3,5.0,600,4.4530532620847225,15.885117047233507,-1181197.4428872638,-1399273.0812285552,0.0,-444179.0608992771,-459272.7749729833,3892468690.0232854,22.32095324514046,11.430260799825191,-1478584.075,16.611986,10.415416542109432,True
30,PCy3,5.0,900,4.4530532620847225,15.885117047233507,-1181197.4428872638,-1399273.0812285552,0.0,-444179.0608992771,-459272.7749729833,3892468690.0232854,22.32095324514046,11.430260799825191,-1478584.075,16.611986,10.694237696538098,True
95,PPh3,1.25,150,7.587962673511356,8.576060798950493,-1174570.2778607318,-1392655.861721601,0.0,-444184.1887689871,-459281.3638484633,240114303.0566574,62209171.21206936,8.810080769937485,-1471960.119,16.606064,1.7116665973971223,False
65,tBu3,5.0,60,6.175581990275532,2.308643721509725,-1035503.5561212254,-1253582.1297969464,0.0,-444181.7832208271,-459277.2946503733,718938914.6743594,226920072320.44778,10.211022859904917,-1332881.564,16.599546,7.282013134604654,True
45,PCy3,1.25,60,5.153346881968901,15.821401657303795,-1181200.214892354,-1399276.9363482052,0.0,-444180.2164438071,-459274.68163209327,1912087618.2914307,89.821001633762,11.460260800085962,-1478587.449,16.580204,5.262908939985125,True
90,tBu3,1.25,150,6.197412280365825,2.3418479312676936,-1035508.1673165852,-1253588.6650090865,0.0,-444183.7832555871,-459280.6732924233,1410251920.408977,294838346816.1321,10.211022860137746,-1332887.381,16.512547,4.602779318877987,True
35,tBu3,5.0,150,6.151454170234501,2.2715773314703256,-1035498.2955117354,-1253574.7358108363,0.0,-444179.4442134271,-459273.4054358833,278540413.7586242,157236576653.66492,10.181022860109806,-1332874.97,16.47046,6.6537056345402394,True
70,PCy3,1.25,150,6.319060322130099,15.71258249715902,-1181205.016602844,-1399283.6503425653,0.0,-444182.1795447971,-459277.9604423933,675840900.3850187,703.5944032201774,11.510260799899696,-1478593.323,16.434753,2.835754643782196,True
65,PCy3,1.25,900,6.086055132094771,15.734588577179238,-1181204.038093594,-1399282.2787329652,0.0,-444181.7832208271,-459277.2946503733,821396234.204737,477.2639619023922,11.500260800123216,-1478592.123,16.433756,3.6859241374049647,True
65,PCy3,1.25,600,6.086055132094771,15.734588577179238,-1181204.038093594,-1399282.2787329652,0.0,-444181.7832208271,-459277.2946503733,821396234.204737,477.2639619023922,11.500260800123216,-1478592.123,16.433756,3.2641125842781618,True
30,PCy3,5.0,300,4.4530532620847225,15.885117047233507,-1181197.4428872638,-1399273.0812285552,0.0,-444179.0608992771,-459272.7749729833,3892468690.0232854,22.32095324514046,11.430260799825191,-1478584.075,16.397903,10.250496951265495,True
105,tBu3,1.25,60,6.211264560231939,2.3627887312322855,-1035511.0318996854,-1253592.7469961166,0.0,-444185.0052725071,-459282.7596657633,2026800721.8335,339596555279.8129,10.231022860156372,-1332891.011,16.362778,4.320297321690466,True
30,PPh3,2.5,60,5.546570197911933,8.663133368827403,-1174558.500460632,-1392639.217443101,0.0,-444179.0608992771,-459272.7749729833,633717362.8033094,3590274.895457588,8.940080769825727,-1471945.331,16.3578,3.214278167606009,True
100,PPh3,1.25,150,7.809205203317106,8.568478679051623,-1174571.237460832,-1392657.233030061,0.0,-444184.5961092371,-459282.0593113233,207518786.22476524,74536709.26482123,8.790080769686028,-1471961.335,16.334982,1.6923688490354145,False
85,tBu3,1.25,150,6.192920420202427,2.3350375215522945,-1035507.2287042254,-1253587.3310556363,0.0,-444183.3795727971,-459279.9876584633,1241505808.0381713,280571455641.2495,10.211022859904917,-1332886.194,16.258535,4.748475977401189,True
30,AmPhos,5.0,300,7.747103866189718,5.87242125114426,-1448645.7249341998,-1666724.7866256689,0.0,-444179.0608992771,-459272.7749729833,16424962.890415384,368965415.2199011,10.014754140051082,-1746024.933,16.240534,4.35244472106158,True
35,tBu3,5.0,60,6.151454170234501,2.2715773314703256,-1035498.2955117354,-1253574.7358108363,0.0,-444179.4442134271,-459273.4054358833,278540413.7586242,157236576653.66492,10.181022860109806,-1332874.97,16.239641,6.785000576617992,True
40,PCy3,1.25,300,4.919990771915764,15.842780746985227,-1181199.281804224,-1399275.6368391253,0.0,-444179.8293960271,-459274.0409944233,2404161775.521523,57.28616532257743,11.450260799843818,-1478586.312,16.187258,5.980343874297985,True
65,PCy3,1.25,300,6.086055132094771,15.734588577179238,-1181204.038093594,-1399282.2787329652,0.0,-444181.7832208271,-459277.2946503733,821396234.204737,477.2639619023922,11.500260800123216,-1478592.123,16.143644,3.0319274538347867,True
40,XPhos,0.5,60,7.450894719455391,10.547870988957584,-1545775.9168041209,-1763859.699289771,0.0,-444179.8293960271,-459274.0409944233,41178381.13198226,283999.92187293305,10.609905859921128,-1843161.426,16.115097,2.359566084218407,False
40,XPhos,0.5,150,7.450894719455391,10.547870988957584,-1545775.9168041209,-1763859.699289771,0.0,-444179.8293960271,-459274.0409944233,41178381.13198226,283999.92187293305,10.609905859921128,-1843161.426,16.107775,2.202833404052666,False
35,XPhos,0.5,60,7.205059269443154,10.535560468910262,-1545774.637870391,-1763858.081225031,0.0,-444179.4442134271,-459273.4054358833,49848957.4961628,216578.80345824358,10.599905860377476,-1843159.935,16.092161,2.4509755780060454,False
40,PCy3,1.25,900,4.919990771915764,15.842780746985227,-1181199.281804224,-1399275.6368391253,0.0,-444179.8293960271,-459274.0409944233,2404161775.521523,57.28616532257743,11.450260799843818,-1478586.312,16.086185,6.645866916774281,True
40,PCy3,1.25,600,4.919990771915764,15.842780746985227,-1181199.281804224,-1399275.6368391253,0.0,-444179.8293960271,-459274.0409944233,2404161775.521523,57.28616532257743,11.450260799843818,-1478586.312,16.086185,6.212452346752174,True
35,XPhos,0.5,150,7.205059269443154,10.535560468910262,-1545774.637870391,-1763858.081225031,0.0,-444179.4442134271,-459273.4054358833,49848957.4961628,216578.80345824358,10.599905860377476,-1843159.935,16.077278,2.3071180452663387,False
100,tBu3,1.25,60,6.206584440427832,2.3557235216721892,-1035510.0689373752,-1253591.3730170864,0.0,-444184.5961092371,-459282.0593113233,1801655380.2815652,324356961675.8968,10.231022859923542,-1332889.789,16.05209,4.389421895694532,True
95,tBu3,1.25,150,6.201966980355792,2.348743251292035,-1035509.1140686752,-1253590.0123421666,0.0,-444184.1887689871,-459281.3638484633,1596559639.7565093,309435514394.05896,10.231022860156372,-1332888.579,16.007664,4.460188889011908,True
30,tBu3,2.5,300,6.147649810183793,2.265690451487899,-1035497.4480321554,-1253573.5515742365,0.0,-444179.0608992771,-459272.7749729833,233652309.75449052,146933663595.88953,10.171022860333323,-1332873.912,15.825576,4.836482536680311,True
30,AmPhos,5.0,900,7.747103866189718,5.87242125114426,-1448645.7249341998,-1666724.7866256689,0.0,-444179.0608992771,-459272.7749729833,16424962.890415384,368965415.2199011,10.014754140051082,-1746024.933,15.695777,4.627957208569013,True
30,AmPhos,5.0,600,7.747103866189718,5.87242125114426,-1448645.7249341998,-1666724.7866256689,0.0,-444179.0608992771,-459272.7749729833,16424962.890415384,368965415.2199011,10.014754140051082,-1746024.933,15.695777,4.369609562680777,True
105,tBu3,1.25,150,6.211264560231939,2.3627887312322855,-1035511.0318996854,-1253592.7469961166,0.0,-444185.0052725071,-459282.7596657633,2026800721.8335,339596555279.8129,10.231022860156372,-1332891.011,15.635743,4.243329594518075,True
30,tBu3,2.5,60,6.147649810183793,2.265690451487899,-1035497.4480321554,-1253573.5515742365,0.0,-444179.0608992771,-459272.7749729833,233652309.75449052,146933663595.88953,10.171022860333323,-1332873.912,15.588573,4.987356456402991,True
50,PCy3,1.25,150,5.386629912303761,15.799888427136466,-1181201.1570659538,-1399278.250306785,0.0,-444180.6053534971,-459275.3273325533,1532091224.1574798,138.94977900613742,11.470260799862444,-1478588.598,15.514999,4.4396401365516756,True
30,tBu3,2.5,900,6.147649810183793,2.265690451487899,-1035497.4480321554,-1253573.5515742365,0.0,-444179.0608992771,-459272.7749729833,233652309.75449052,146933663595.88953,10.171022860333323,-1332873.912,15.506482,4.910616882593315,True
30,tBu3,2.5,600,6.147649810183793,2.265690451487899,-1035497.4480321554,-1253573.5515742365,0.0,-444179.0608992771,-459272.7749729833,233652309.75449052,146933663595.88953,10.171022860333323,-1332873.912,15.506482,4.714449687155385,True
55,PCy3,1.25,150,5.619841332081705,15.778245627414435,-1181202.108324434,-1399279.578700225,0.0,-444180.9961217871,-459275.9780797033,1236356841.4585252,212.20339271961348,11.49026079988107,-1478589.761,15.477844,3.832884687023416,True
100,tBu3,1.25,150,6.206584440427832,2.3557235216721892,-1035510.0689373752,-1253591.3730170864,0.0,-444184.5961092371,-459282.0593113233,1801655380.2815652,324356961675.8968,10.231022859923542,-1332889.789,15.325066,4.329943691452803,True
45,RuPhos,0.5,60,16.26429867511615,15.859859028831124,-1566237.316443875,-1784319.057271141,0.0,-444180.2164438071,-459274.68163209327,44.58018238049175,84.52022587669069,10.341576659819111,-1863628.911,15.311344,2.124640595025611,False
45,PCy3,1.25,150,5.153346881968901,15.821401657303795,-1181200.214892354,-1399276.9363482052,0.0,-444180.2164438071,-459274.68163209327,1912087618.2914307,89.821001633762,11.460260800085962,-1478587.449,15.025517,5.265043833500533,True
30,PPh3,5.0,300,5.546570197911933,8.663133368827403,-1174558.500460632,-1392639.217443101,0.0,-444179.0608992771,-459272.7749729833,633717362.8033094,3590274.895457588,8.940080769825727,-1471945.331,15.005844,4.988655854902861,True
35,PCy3,1.25,300,4.686560082016513,15.864020887063816,-1181198.357802244,-1399274.3517942752,0.0,-444179.4442134271,-459273.4054358833,3046579497.204595,36.02416633009954,11.440260799834505,-1478585.187,14.968095,6.949098203990997,True
35,PCy3,1.25,600,4.686560082016513,15.864020887063816,-1181198.357802244,-1399274.3517942752,0.0,-444179.4442134271,-459273.4054358833,3046579497.204595,36.02416633009954,11.440260799834505,-1478585.187,14.867025,7.202933896111877,True
35,PCy3,1.25,900,4.686560082016513,15.864020887063816,-1181198.357802244,-1399274.3517942752,0.0,-444179.4442134271,-459273.4054358833,3046579497.204595,36.02416633009954,11.440260799834505,-1478585.187,14.867025,7.6345452660189945,True
40,PCy3,1.25,60,4.919990771915764,15.842780746985227,-1181199.281804224,-1399275.6368391253,0.0,-444179.8293960271,-459274.0409944233,2404161775.521523,57.28616532257743,11.450260799843818,-1478586.312,14.856443,5.934232280625481,True
65,PCy3,1.25,60,6.086055132094771,15.734588577179238,-1181204.038093594,-1399282.2787329652,0.0,-444181.7832208271,-459277.2946503733,821396234.204737,477.2639619023922,11.500260800123216,-1478592.123,14.683135,3.1579589334418516,True
30,PPh3,5.0,900,5.546570197911933,8.663133368827403,-1174558.500460632,-1392639.217443101,0.0,-444179.0608992771,-459272.7749729833,633717362.8033094,3590274.895457588,8.940080769825727,-1471945.331,14.615248,4.988655854902861,True
30,PPh3,5.0,600,5.546570197911933,8.663133368827403,-1174558.500460632,-1392639.217443101,0.0,-444179.0608992771,-459272.7749729833,633717362.8033094,3590274.895457588,8.940080769825727,-1471945.331,14.615248,4.806582820448057,True
30,PCy3,5.0,60,4.4530532620847225,15.885117047233507,-1181197.4428872638,-1399273.0812285552,0.0,-444179.0608992771,-459272.7749729833,3892468690.0232854,22.32095324514046,11.430260799825191,-1478584.075,14.473005,10.247869603088983,True
45,RuPhos,0.5,150,16.26429867511615,15.859859028831124,-1566237.316443875,-1784319.057271141,0.0,-444180.2164438071,-459274.68163209327,44.58018238049175,84.52022587669069,10.341576659819111,-1863628.911,14.470932,2.066332164184905,False
30,PCy3,5.0,150,4.4530532620847225,15.885117047233507,-1181197.4428872638,-1399273.0812285552,0.0,-444179.0608992771,-459272.7749729833,3892468690.0232854,22.32095324514046,11.430260799825191,-1478584.075,14.456897,10.235151782487813,True
30,PPh3,2.5,150,5.546570197911933,8.663133368827403,-1174558.500460632,-1392639.217443101,0.0,-444179.0608992771,-459272.7749729833,633717362.8033094,3590274.895457588,8.940080769825727,-1471945.331,14.428003,3.1695009775175143,True
40,RuPhos,0.5,60,16.0212803252507,15.855729078873992,-1566236.086157585,-1784317.468846921,0.0,-444179.8293960271,-459274.0409944233,43.00080143800542,56.10650690572396,10.321576659800485,-1863627.457,14.37257,2.1777493144122597,False
45,RuPhos,0.5,300,16.26429867511615,15.859859028831124,-1566237.316443875,-1784319.057271141,0.0,-444180.2164438071,-459274.68163209327,44.58018238049175,84.52022587669069,10.341576659819111,-1863628.911,14.315566,2.0976662367908707,False
60,PPh3,1.25,600,6.036349423462525,8.62581462902017,-1174563.774626812,-1392646.625033041,0.0,-444181.3887453471,-459276.6338575833,761476604.9771326,15239905.796493253,8.870080770226195,-1471951.922,14.29515,2.9086845564826325,True
60,PPh3,1.25,900,6.036349423462525,8.62581462902017,-1174563.774626812,-1392646.625033041,0.0,-444181.3887453471,-459276.6338575833,761476604.9771326,15239905.796493253,8.870080770226195,-1471951.922,14.29515,3.74517956424879,True
55,PPh3,1.25,600,5.814250693656504,8.632404329022393,-1174562.876297962,-1392645.357603761,0.0,-444180.9961217871,-459275.9780797033,917633426.8703434,12184514.826142734,8.890080770011991,-1471950.795,14.27126,3.1503475451549448,True
55,PPh3,1.25,900,5.814250693656504,8.632404329022393,-1174562.876297962,-1392645.357603761,0.0,-444180.9961217871,-459275.9780797033,917633426.8703434,12184514.826142734,8.890080770011991,-1471950.795,14.27126,3.926653399001828,True
45,RuPhos,0.5,600,16.26429867511615,15.859859028831124,-1566237.316443875,-1784319.057271141,0.0,-444180.2164438071,-459274.68163209327,44.58018238049175,84.52022587669069,10.341576659819111,-1863628.911,14.159258,2.1988464171238222,False
45,RuPhos,0.5,900,16.26429867511615,15.859859028831124,-1566237.316443875,-1784319.057271141,0.0,-444180.2164438071,-459274.68163209327,44.58018238049175,84.52022587669069,10.341576659819111,-1863628.911,14.159258,2.703861801468755,True
55,PPh3,1.25,300,5.814250693656504,8.632404329022393,-1174562.876297962,-1392645.357603761,0.0,-444180.9961217871,-459275.9780797033,917633426.8703434,12184514.826142734,8.890080770011991,-1471950.795,14.145518,2.565237565258651,False
50,PPh3,1.25,900,5.592035913607106,8.638852349016815,-1174561.985676912,-1392644.103274711,0.0,-444180.6053534971,-459275.3273325533,1112678584.0380094,9678884.787019413,8.89008076977916,-1471949.68,14.129788,4.204175440185784,True
50,PPh3,1.25,600,5.592035913607106,8.638852349016815,-1174561.985676912,-1392644.103274711,0.0,-444180.6053534971,-459275.3273325533,1112678584.0380094,9678884.787019413,8.89008076977916,-1471949.68,14.129788,3.5020974649109795,True
60,tBu3,1.25,900,6.171404530410655,2.302256571361795,-1035502.6585613552,-1253580.8633121066,0.0,-444181.3887453471,-459276.6338575833,620956520.0066035,214387766911.03442,10.191022859886289,-1332880.435,14.092989,5.9088815859756645,True
60,tBu3,1.25,600,6.171404530410655,2.302256571361795,-1035502.6585613552,-1253580.8633121066,0.0,-444181.3887453471,-459276.6338575833,620956520.0066035,214387766911.03442,10.191022859886289,-1332880.435,14.092989,5.50247728945797,True
60,PPh3,1.25,300,6.036349423462525,8.62581462902017,-1174563.774626812,-1392646.625033041,0.0,-444181.3887453471,-459276.6338575833,761476604.9771326,15239905.796493253,8.870080770226195,-1471951.922,14.077729,2.2571107592519035,False
50,tBu3,1.25,600,6.16323757043574,2.2897344515658915,-1035500.8883155952,-1253578.3712087064,0.0,-444180.6053534971,-459275.3273325533,457161172.77260697,190413260782.13626,10.201022860128433,-1332878.214,14.0275955,5.107677456327087,True
55,tBu3,1.25,600,6.167289770208299,2.295953571330756,-1035501.7692845054,-1253579.6104363366,0.0,-444180.9961217871,-459275.9780797033,534009367.5307043,202217382164.11255,10.201022859895602,-1332879.319,14.0275955,5.342862897390079,True
50,tBu3,1.25,900,6.16323757043574,2.2897344515658915,-1035500.8883155952,-1253578.3712087064,0.0,-444180.6053534971,-459275.3273325533,457161172.77260697,190413260782.13626,10.201022860128433,-1332878.214,14.0275955,5.504683054771941,True
55,tBu3,1.25,900,6.167289770208299,2.295953571330756,-1035501.7692845054,-1253579.6104363366,0.0,-444180.9961217871,-459275.9780797033,534009367.5307043,202217382164.11255,10.201022859895602,-1332879.319,14.0275955,5.745214254618728,True
30,AmPhos,2.5,60,7.747103866189718,5.87242125114426,-1448645.7249341998,-1666724.7866256689,0.0,-444179.0608992771,-459272.7749729833,16424962.890415384,368965415.2199011,10.014754140051082,-1746024.933,14.01614,2.576831973782961,False
50,PPh3,1.25,300,5.592035913607106,8.638852349016815,-1174561.985676912,-1392644.103274711,0.0,-444180.6053534971,-459275.3273325533,1112678584.0380094,9678884.787019413,8.89008076977916,-1471949.68,14.004046,2.996065952302626,True
55,tBu3,1.25,300,6.167289770208299,2.295953571330756,-1035501.7692845054,-1253579.6104363366,0.0,-444180.9961217871,-459275.9780797033,534009367.5307043,202217382164.11255,10.201022859895602,-1332879.319,13.971268,5.198617864525455,True
50,tBu3,1.25,300,6.16323757043574,2.2897344515658915,-1035500.8883155952,-1253578.3712087064,0.0,-444180.6053534971,-459275.3273325533,457161172.77260697,190413260782.13626,10.201022860128433,-1332878.214,13.971268,4.9669906337332925,True
30,tBu3,5.0,300,6.147649810183793,2.265690451487899,-1035497.4480321554,-1253573.5515742365,0.0,-444179.0608992771,-459272.7749729833,233652309.75449052,146933663595.88953,10.171022860333323,-1332873.912,13.958859,6.371750695593933,True
60,tBu3,1.25,300,6.171404530410655,2.302256571361795,-1035502.6585613552,-1253580.8633121066,0.0,-444181.3887453471,-459276.6338575833,620956520.0066035,214387766911.03442,10.191022859886289,-1332880.435,13.944981,5.346455804516485,True
45,PPh3,1.25,600,5.528604427585378,8.645154149038717,-1174561.102773392,-1392642.862070221,0.0,-444180.2164438071,-459274.68163209327,1056172440.5549848,7636701.529295807,8.910080770263448,-1471948.576,13.802251,3.476766442982388,True
45,PPh3,1.25,900,5.528604427585378,8.645154149038717,-1174561.102773392,-1392642.862070221,0.0,-444180.2164438071,-459274.68163209327,1056172440.5549848,7636701.529295807,8.910080770263448,-1471948.576,13.802251,4.1362387231254,True
45,PPh3,1.25,300,5.528604427585378,8.645154149038717,-1174561.102773392,-1392642.862070221,0.0,-444180.2164438071,-459274.68163209327,1056172440.5549848,7636701.529295807,8.910080770263448,-1471948.576,13.676509,2.947392354917354,True
35,PCy3,1.25,60,4.686560082016513,15.864020887063816,-1181198.357802244,-1399274.3517942752,0.0,-444179.4442134271,-459273.4054358833,3046579497.204595,36.02416633009954,11.440260799834505,-1478585.187,13.6483965,6.889125333683585,True
30,tBu3,2.5,150,6.147649810183793,2.265690451487899,-1035497.4480321554,-1253573.5515742365,0.0,-444179.0608992771,-459272.7749729833,233652309.75449052,146933663595.88953,10.171022860333323,-1332873.912,13.62209,4.919490852446226,True
45,tBu3,1.25,600,6.15924774040468,2.283598941517994,-1035500.0156799252,-1253577.1456686163,0.0,-444180.2164438071,-459274.68163209327,389521622.2397609,178979395272.5775,10.19102286011912,-1332877.121,13.538176,4.901274607809083,True
45,tBu3,1.25,900,6.15924774040468,2.283598941517994,-1035500.0156799252,-1253577.1456686163,0.0,-444180.2164438071,-459274.68163209327,389521622.2397609,178979395272.5775,10.19102286011912,-1332877.121,13.538176,5.293822266545584,True
30,tBu3,5.0,900,6.147649810183793,2.265690451487899,-1035497.4480321554,-1253573.5515742365,0.0,-444179.0608992771,-459272.7749729833,233652309.75449052,146933663595.88953,10.171022860333323,-1332873.912,13.533748,6.371750695593933,True
30,tBu3,5.0,600,6.147649810183793,2.265690451487899,-1035497.4480321554,-1253573.5515742365,0.0,-444179.0608992771,-459272.7749729833,233652309.75449052,146933663595.88953,10.171022860333323,-1332873.912,13.533748,6.230338541713774,True
40,RuPhos,0.5,150,16.0212803252507,15.855729078873992,-1566236.086157585,-1784317.468846921,0.0,-444179.8293960271,-459274.0409944233,43.00080143800542,56.10650690572396,10.321576659800485,-1863627.457,13.53216,2.1321362227535574,False
30,AmPhos,2.5,150,7.747103866189718,5.87242125114426,-1448645.7249341998,-1666724.7866256689,0.0,-444179.0608992771,-459272.7749729833,16424962.890415384,368965415.2199011,10.014754140051082,-1746024.933,13.523034,2.537695717120286,False
45,tBu3,1.25,300,6.15924774040468,2.283598941517994,-1035500.0156799252,-1253577.1456686163,0.0,-444180.2164438071,-459274.68163209327,389521622.2397609,178979395272.5775,10.19102286011912,-1332877.121,13.481846,4.765882740258818,True
70,PPh3,1.25,900,6.480207113549113,8.61222734907642,-1174565.5943675318,-1392649.199093221,0.0,-444182.1795447971,-459277.9604423933,533597417.7956562,23408748.13137755,8.870080770226195,-1471954.208,13.393569,3.5238937881716845,True
70,PPh3,1.25,600,6.480207113549113,8.61222734907642,-1174565.5943675318,-1392649.199093221,0.0,-444182.1795447971,-459277.9604423933,533597417.7956562,23408748.13137755,8.870080770226195,-1471954.208,13.393569,2.6398995607912976,False
40,RuPhos,0.5,300,16.0212803252507,15.855729078873992,-1566236.086157585,-1784317.468846921,0.0,-444179.8293960271,-459274.0409944233,43.00080143800542,56.10650690572396,10.321576659800485,-1863627.457,13.392898,2.199014633988156,False
90,PCy3,0.5,900,7.250434421934187,15.623461617389694,-1181209.021445404,-1399289.280377695,0.0,-444183.7832555871,-459280.6732924233,327782387.80955976,2996.947120354819,11.540260799927635,-1478598.247,13.373537,3.1639484970105296,True
90,PCy3,0.5,600,7.250434421934187,15.623461617389694,-1181209.021445404,-1399289.280377695,0.0,-444183.7832555871,-459280.6732924233,327782387.80955976,2996.947120354819,11.540260799927635,-1478598.247,13.373537,2.6541089397232307,False
95,PCy3,0.5,900,7.483122691977769,15.600924426922575,-1181210.045349194,-1399290.7237053553,0.0,-444184.1887689871,-459281.3638484633,277111197.40086144,4204.286100471907,11.55026079993695,-1478599.509,13.343778,3.1058462047507005,True
95,PCy3,0.5,600,7.483122691977769,15.600924426922575,-1181210.045349194,-1399290.7237053553,0.0,-444184.1887689871,-459281.3638484633,277111197.40086144,4204.286100471907,11.55026079993695,-1478599.509,13.343778,2.5841488693643573,False
30,AmPhos,5.0,150,7.747103866189718,5.87242125114426,-1448645.7249341998,-1666724.7866256689,0.0,-444179.0608992771,-459272.7749729833,16424962.890415384,368965415.2199011,10.014754140051082,-1746024.933,13.307642,4.383962147518267,True
40,RuPhos,0.5,600,16.0212803252507,15.855729078873992,-1566236.086157585,-1784317.468846921,0.0,-444179.8293960271,-459274.0409944233,43.00080143800542,56.10650690572396,10.321576659800485,-1863627.457,13.300339,2.2820453186221727,False
40,RuPhos,0.5,900,16.0212803252507,15.855729078873992,-1566236.086157585,-1784317.468846921,0.0,-444179.8293960271,-459274.0409944233,43.00080143800542,56.10650690572396,10.321576659800485,-1863627.457,13.300339,2.7637589724654883,True
40,PCy3,1.25,150,4.919990771915764,15.842780746985227,-1181199.281804224,-1399275.6368391253,0.0,-444179.8293960271,-459274.0409944233,2404161775.521523,57.28616532257743,11.450260799843818,-1478586.312,13.277076,5.937434193237841,True
65,PCy3,1.25,150,6.086055132094771,15.734588577179238,-1181204.038093594,-1399282.2787329652,0.0,-444181.7832208271,-459277.2946503733,821396234.204737,477.2639619023922,11.500260800123216,-1478592.123,13.272891,3.1040162798310136,True
105,PCy3,0.5,600,7.948321542236954,15.555563907371834,-1181212.120372024,-1399293.653224585,0.0,-444185.0052725071,-459282.7596657633,200868825.2077691,8062.205049708938,11.570260799955577,-1478602.071,13.267032,2.494592063089743,False
105,PCy3,0.5,900,7.948321542236954,15.555563907371834,-1181212.120372024,-1399293.653224585,0.0,-444185.0052725071,-459282.7596657633,200868825.2077691,8062.205049708938,11.570260799955577,-1478602.071,13.267032,3.0357228182416462,True
70,PPh3,1.25,300,6.480207113549113,8.61222734907642,-1174565.5943675318,-1392649.199093221,0.0,-444182.1795447971,-459277.9604423933,533597417.7956562,23408748.13137755,8.870080770226195,-1471954.208,12.947312,1.950002133231934,False
40,PPh3,1.25,300,5.53451706818305,8.651304949074984,-1174560.227596782,-1392641.634014321,0.0,-444179.8293960271,-459274.0409944233,895553382.6856965,5982932.32201439,8.92008076957427,-1471947.483,12.907985,2.7351111687551746,True
30,PPh3,5.0,150,5.546570197911933,8.663133368827403,-1174558.500460632,-1392639.217443101,0.0,-444179.0608992771,-459272.7749729833,633717362.8033094,3590274.895457588,8.940080769825727,-1471945.331,12.879601,5.192196400511223,True
100,PCy3,0.5,600,7.715751342009753,15.578290867153555,-1181211.078325714,-1399292.1813268852,0.0,-444184.5961092371,-459282.0593113233,235391606.64992365,5846.569732551803,11.560260799713433,-1478600.784,12.826294,2.5313475851390943,False
100,PCy3,0.5,900,7.715751342009753,15.578290867153555,-1181211.078325714,-1399292.1813268852,0.0,-444184.5961092371,-459282.0593113233,235391606.64992365,5846.569732551803,11.560260799713433,-1478600.784,12.826294,3.0614436475701274,True
90,PCy3,0.5,300,7.250434421934187,15.623461617389694,-1181209.021445404,-1399289.280377695,0.0,-444183.7832555871,-459280.6732924233,327782387.80955976,2996.947120354819,11.540260799927635,-1478598.247,12.816393,2.576614710049013,False
30,PPh3,5.0,60,5.546570197911933,8.663133368827403,-1174558.500460632,-1392639.217443101,0.0,-444179.0608992771,-459272.7749729833,633717362.8033094,3590274.895457588,8.940080769825727,-1471945.331,12.814194,5.315792578455249,True
105,PCy3,0.5,300,7.948321542236954,15.555563907371834,-1181212.120372024,-1399293.653224585,0.0,-444185.0052725071,-459282.7596657633,200868825.2077691,8062.205049708938,11.570260799955577,-1478602.071,12.776564,2.4028225936528,False
35,RuPhos,0.5,60,15.778200525091961,15.851720228325576,-1566234.869394785,-1784315.8991876417,0.0,-444179.4442134271,-459273.4054358833,41.443745133651454,36.75511163398157,10.331576659809798,-1863626.021,12.773991,2.24219404552136,False
95,PCy3,0.5,300,7.483122691977769,15.600924426922575,-1181210.045349194,-1399290.7237053553,0.0,-444184.1887689871,-459281.3638484633,277111197.40086144,4204.286100471907,11.55026079993695,-1478599.509,12.759465,2.4992654078129535,False
70,tBu3,1.25,900,6.179822250269353,2.315115221310407,-1035504.4619395554,-1253583.4098521166,0.0,-444182.1795447971,-459277.9604423933,828938009.0305806,239809655560.4083,10.211022860137746,-1332882.704,12.749962,5.843019795532344,True
70,tBu3,1.25,600,6.179822250269353,2.315115221310407,-1035504.4619395554,-1253583.4098521166,0.0,-444182.1795447971,-459277.9604423933,828938009.0305806,239809655560.4083,10.211022860137746,-1332882.704,12.749962,5.332369730076035,True
40,PPh3,1.25,900,5.53451706818305,8.651304949074984,-1174560.227596782,-1392641.634014321,0.0,-444179.8293960271,-459274.0409944233,895553382.6856965,5982932.32201439,8.92008076957427,-1471947.483,12.730205,3.9534711826304987,True
40,PPh3,1.25,600,5.53451706818305,8.651304949074984,-1174560.227596782,-1392641.634014321,0.0,-444179.8293960271,-459274.0409944233,895553382.6856965,5982932.32201439,8.92008076957427,-1471947.483,12.730205,3.3016739474824015,True
75,PCy3,0.5,600,6.551999532151967,15.690463187173009,-1181206.004193984,-1399285.0363275053,0.0,-444182.5777137971,-459278.6312180633,559373170.3764096,1026.139425499056,11.52026079990901,-1478594.535,12.685862,3.045965519501114,True
75,PCy3,0.5,900,6.551999532151967,15.690463187173009,-1181206.004193984,-1399285.0363275053,0.0,-444182.5777137971,-459278.6312180633,559373170.3764096,1026.139425499056,11.52026079990901,-1478594.535,12.685862,3.4796724442664813,True
80,PCy3,0.5,900,6.784874092321843,15.668234297074378,-1181207.0008658338,-1399286.4366722952,0.0,-444182.9777243271,-459279.3069618933,465600155.4395874,1481.173254296473,11.530260799918324,-1478595.76,12.622245,3.3383245649659434,True
80,PCy3,0.5,600,6.784874092321843,15.668234297074378,-1181207.0008658338,-1399286.4366722952,0.0,-444182.9777243271,-459279.3069618933,465600155.4395874,1481.173254296473,11.530260799918324,-1478595.76,12.622245,2.881462307714004,True
85,PCy3,0.5,600,7.01768529205583,15.645899317227304,-1181208.006616904,-1399287.8513611152,0.0,-444183.3795727971,-459279.9876584633,389649490.539178,2116.924138753408,11.530260799452662,-1478596.997,12.620499,2.751798945778697,True
85,PCy3,0.5,900,7.01768529205583,15.645899317227304,-1181208.006616904,-1399287.8513611152,0.0,-444183.3795727971,-459279.9876584633,389649490.539178,2116.924138753408,11.530260799452662,-1478596.997,12.620499,3.2356158910281545,True
60,tBu3,1.25,60,6.171404530410655,2.302256571361795,-1035502.6585613552,-1253580.8633121066,0.0,-444181.3887453471,-459276.6338575833,620956520.0066035,214387766911.03442,10.191022859886289,-1332880.435,12.571608,5.462416898491922,True
30,RuPhos,2.5,60,15.535058305133134,15.847831758670509,-1566233.6661690748,-1784314.3483192113,0.0,-444179.0608992771,-459272.7749729833,39.90931729186957,23.74609227495922,10.311576659791172,-1863624.601,12.504616,2.0662141278450252,False
60,PPh3,1.25,60,6.036349423462525,8.62581462902017,-1174563.774626812,-1392646.625033041,0.0,-444181.3887453471,-459276.6338575833,761476604.9771326,15239905.796493253,8.870080770226195,-1471951.922,12.47691,2.1294938559722136,False
55,PPh3,1.25,60,5.814250693656504,8.632404329022393,-1174562.876297962,-1392645.357603761,0.0,-444180.9961217871,-459275.9780797033,917633426.8703434,12184514.826142734,8.890080770011991,-1471950.795,12.447094,2.440032300130773,False
75,PCy3,0.5,300,6.551999532151967,15.690463187173009,-1181206.004193984,-1399285.0363275053,0.0,-444182.5777137971,-459278.6312180633,559373170.3764096,1026.139425499056,11.52026079990901,-1478594.535,12.43415,2.940675142039327,True
90,PPh3,0.5,900,7.36661971360445,8.58353101904504,-1174569.325877972,-1392654.503304221,0.0,-444183.7832555871,-459280.6732924233,279039089.18806523,51680308.12636762,8.810080769471824,-1471958.915,12.423187,3.584800357038342,True
90,PPh3,0.5,600,7.36661971360445,8.58353101904504,-1174569.325877972,-1392654.503304221,0.0,-444183.7832555871,-459280.6732924233,279039089.18806523,51680308.12636762,8.810080769471824,-1471958.915,12.423187,2.8233564142753647,True
55,tBu3,1.25,60,6.167289770208299,2.295953571330756,-1035501.7692845054,-1253579.6104363366,0.0,-444180.9961217871,-459275.9780797033,534009367.5307043,202217382164.11255,10.201022859895602,-1332879.319,12.422366,5.29877936610543,True
50,tBu3,1.25,60,6.16323757043574,2.2897344515658915,-1035500.8883155952,-1253578.3712087064,0.0,-444180.6053534971,-459275.3273325533,457161172.77260697,190413260782.13626,10.201022860128433,-1332878.214,12.422366,5.078676290757273,True
95,PPh3,0.5,900,7.587962673511356,8.576060798950493,-1174570.2778607318,-1392655.861721601,0.0,-444184.1887689871,-459281.3638484633,240114303.0566574,62209171.21206936,8.810080769937485,-1471960.119,12.40428,3.5675581116349067,True
95,PPh3,0.5,600,7.587962673511356,8.576060798950493,-1174570.2778607318,-1392655.861721601,0.0,-444184.1887689871,-459281.3638484633,240114303.0566574,62209171.21206936,8.810080769937485,-1471960.119,12.40428,2.8285803680399044,True
90,PPh3,0.5,300,7.36661971360445,8.58353101904504,-1174569.325877972,-1392654.503304221,0.0,-444183.7832555871,-459280.6732924233,279039089.18806523,51680308.12636762,8.810080769471824,-1471958.915,12.3881855,2.151772202063884,False
30,tBu3,5.0,150,6.147649810183793,2.265690451487899,-1035497.4480321554,-1253573.5515742365,0.0,-444179.0608992771,-459272.7749729833,233652309.75449052,146933663595.88953,10.171022860333323,-1332873.912,12.371944,6.544219774239016,True
90,tBu3,0.5,600,6.197412280365825,2.3418479312676936,-1035508.1673165852,-1253588.6650090865,0.0,-444183.7832555871,-459280.6732924233,1410251920.408977,294838346816.1321,10.211022860137746,-1332887.381,12.371216,5.0878853950416865,True
90,tBu3,0.5,900,6.197412280365825,2.3418479312676936,-1035508.1673165852,-1253588.6650090865,0.0,-444183.7832555871,-459280.6732924233,1410251920.408977,294838346816.1321,10.211022860137746,-1332887.381,12.371216,5.686774129553838,True
30,RuPhos,1.25,60,15.535058305133134,15.847831758670509,-1566233.6661690748,-1784314.3483192113,0.0,-444179.0608992771,-459272.7749729833,39.90931729186957,23.74609227495922,10.311576659791172,-1863624.601,12.347951,2.227392460333398,False
30,tBu3,5.0,60,6.147649810183793,2.265690451487899,-1035497.4480321554,-1253573.5515742365,0.0,-444179.0608992771,-459272.7749729833,233652309.75449052,146933663595.88953,10.171022860333323,-1332873.912,12.344107,6.677654712604053,True
95,PPh3,0.5,300,7.587962673511356,8.576060798950493,-1174570.2778607318,-1392655.861721601,0.0,-444184.1887689871,-459281.3638484633,240114303.0566574,62209171.21206936,8.810080769937485,-1471960.119,12.342112,2.1911234104224233,False
100,PCy3,0.5,300,7.715751342009753,15.578290867153555,-1181211.078325714,-1399292.1813268852,0.0,-444184.5961092371,-459282.0593113233,235391606.64992365,5846.569732551803,11.560260799713433,-1478600.784,12.335826,2.443677667657932,False
50,PPh3,1.25,60,5.592035913607106,8.638852349016815,-1174561.985676912,-1392644.103274711,0.0,-444180.6053534971,-459275.3273325533,1112678584.0380094,9678884.787019413,8.89008076977916,-1471949.68,12.305623,2.8839716525360997,True
80,tBu3,0.5,600,6.188491450273432,2.328311991179362,-1035506.2982548954,-1253586.0105196566,0.0,-444182.9777243271,-459279.3069618933,1089131885.4602783,266640655522.64627,10.221022859914228,-1332885.019,12.305576,5.24878143725091,True
80,tBu3,0.5,900,6.188491450273432,2.328311991179362,-1035506.2982548954,-1253586.0105196566,0.0,-444182.9777243271,-459279.3069618933,1089131885.4602783,266640655522.64627,10.221022859914228,-1332885.019,12.305576,5.783912634529562,True
45,SPhos,0.5,600,12.542228757869452,13.105931923957542,-1467637.2780460464,-1685715.453401906,0.0,-444180.2164438071,-459274.68163209327,16066.322263283877,6587.1253088950925,11.24303320958279,-1765026.079,12.262941,1.6564989802353967,False
45,SPhos,0.5,900,12.542228757869452,13.105931923957542,-1467637.2780460464,-1685715.453401906,0.0,-444180.2164438071,-459274.68163209327,16066.322263283877,6587.1253088950925,11.24303320958279,-1765026.079,12.262941,2.135108231069989,False
90,tBu3,0.5,300,6.197412280365825,2.3418479312676936,-1035508.1673165852,-1253588.6650090865,0.0,-444183.7832555871,-459280.6732924233,1410251920.408977,294838346816.1321,10.211022860137746,-1332887.381,12.256994,4.803178125697443,True
35,PPh3,1.25,300,5.540505847893655,8.657299769110978,-1174559.3601562318,-1392640.419130761,0.0,-444179.4442134271,-459273.4054358833,755408202.733524,4652709.00782714,8.930080770049244,-1471946.401,12.251983,2.62458290108055,False
70,tBu3,1.25,300,6.179822250269353,2.315115221310407,-1035504.4619395554,-1253583.4098521166,0.0,-444182.1795447971,-459277.9604423933,828938009.0305806,239809655560.4083,10.211022860137746,-1332882.704,12.2244835,5.141427886059697,True
80,PCy3,0.5,300,6.784874092321843,15.668234297074378,-1181207.0008658338,-1399286.4366722952,0.0,-444182.9777243271,-459279.3069618933,465600155.4395874,1481.173254296473,11.530260799918324,-1478595.76,12.196894,2.804597752653676,True
105,PPh3,0.5,900,8.030349103501067,8.560787699185312,-1174572.204665182,-1392658.617201391,0.0,-444185.0052725071,-459282.7596657633,180096924.25953132,88909785.25421162,8.780080769909546,-1471962.562,12.190203,3.5628636216223675,True
105,PPh3,0.5,600,8.030349103501067,8.560787699185312,-1174572.204665182,-1392658.617201391,0.0,-444185.0052725071,-459282.7596657633,180096924.25953132,88909785.25421162,8.780080769909546,-1471962.562,12.190203,2.8366387205271977,True
80,tBu3,0.5,300,6.188491450273432,2.328311991179362,-1035506.2982548954,-1253586.0105196566,0.0,-444182.9777243271,-459279.3069618933,1089131885.4602783,266640655522.64627,10.221022859914228,-1332885.019,12.168024,5.02563024972329,True
40,tBu3,1.25,300,6.155320030171424,2.277546701254323,-1035499.1514032354,-1253575.9338558966,0.0,-444179.8293960271,-459274.0409944233,330246970.6527969,167919419980.16046,10.19102286011912,-1332876.039,12.152985,4.599129662933941,True
105,tBu3,0.5,600,6.211264560231939,2.3627887312322855,-1035511.0318996854,-1253592.7469961166,0.0,-444185.0052725071,-459282.7596657633,2026800721.8335,339596555279.8129,10.231022860156372,-1332891.011,12.148371,5.099864065952683,True
105,tBu3,0.5,900,6.211264560231939,2.3627887312322855,-1035511.0318996854,-1253592.7469961166,0.0,-444185.0052725071,-459282.7596657633,2026800721.8335,339596555279.8129,10.231022860156372,-1332891.011,12.148371,5.842046106287734,True
45,PPh3,1.25,60,5.528604427585378,8.645154149038717,-1174561.102773392,-1392642.862070221,0.0,-444180.2164438071,-459274.68163209327,1056172440.5549848,7636701.529295807,8.910080770263448,-1471948.576,12.135787,2.823299772532104,True
35,PCy3,1.25,150,4.686560082016513,15.864020887063816,-1181198.357802244,-1399274.3517942752,0.0,-444179.4442134271,-459273.4054358833,3046579497.204595,36.02416633009954,11.440260799834505,-1478585.187,12.134527,6.894944325763497,True
95,tBu3,0.5,900,6.201966980355792,2.348743251292035,-1035509.1140686752,-1253590.0123421666,0.0,-444184.1887689871,-459281.3638484633,1596559639.7565093,309435514394.05896,10.231022860156372,-1332888.579,12.128334,5.68133649528019,True
95,tBu3,0.5,600,6.201966980355792,2.348743251292035,-1035509.1140686752,-1253590.0123421666,0.0,-444184.1887689871,-459281.3638484633,1596559639.7565093,309435514394.05896,10.231022860156372,-1332888.579,12.128334,5.037763082030004,True
105,PPh3,0.5,300,8.030349103501067,8.560787699185312,-1174572.204665182,-1392658.617201391,0.0,-444185.0052725071,-459282.7596657633,180096924.25953132,88909785.25421162,8.780080769909546,-1471962.562,12.128035,2.2813787028427353,False
35,PPh3,1.25,900,5.540505847893655,8.657299769110978,-1174559.3601562318,-1392640.419130761,0.0,-444179.4442134271,-459273.4054358833,755408202.733524,4652709.00782714,8.930080770049244,-1471946.401,12.074203,3.8382800258485235,True
35,PPh3,1.25,600,5.540505847893655,8.657299769110978,-1174559.3601562318,-1392640.419130761,0.0,-444179.4442134271,-459273.4054358833,755408202.733524,4652709.00782714,8.930080770049244,-1471946.401,12.074203,3.2045355050399538,True
85,PCy3,0.5,300,7.01768529205583,15.645899317227304,-1181208.006616904,-1399287.8513611152,0.0,-444183.3795727971,-459279.9876584633,389649490.539178,2116.924138753408,11.530260799452662,-1478596.997,12.0633545,2.68148882181105,False
100,PPh3,0.5,900,7.809205203317106,8.568478679051623,-1174571.237460832,-1392657.233030061,0.0,-444184.5961092371,-459282.0593113233,207518786.22476524,74536709.26482123,8.790080769686028,-1471961.335,12.063091,3.5667783364425736,True
100,PPh3,0.5,600,7.809205203317106,8.568478679051623,-1174571.237460832,-1392657.233030061,0.0,-444184.5961092371,-459282.0593113233,207518786.22476524,74536709.26482123,8.790080769686028,-1471961.335,12.063091,2.8263297746813008,True
45,tBu3,1.25,60,6.15924774040468,2.283598941517994,-1035500.0156799252,-1253577.1456686163,0.0,-444180.2164438071,-459274.68163209327,389521622.2397609,178979395272.5775,10.19102286011912,-1332877.121,12.031424,4.888321057837044,True
100,tBu3,0.5,900,6.206584440427832,2.3557235216721892,-1035510.0689373752,-1253591.3730170864,0.0,-444184.5961092371,-459282.0593113233,1801655380.2815652,324356961675.8968,10.231022859923542,-1332889.789,12.021259,5.724755081705807,True
100,tBu3,0.5,600,6.206584440427832,2.3557235216721892,-1035510.0689373752,-1253591.3730170864,0.0,-444184.5961092371,-459282.0593113233,1801655380.2815652,324356961675.8968,10.231022859923542,-1332889.789,12.021259,5.030017728811563,True
75,tBu3,0.5,900,6.184125390369445,2.3216712614521384,-1035505.3759921052,-1253584.7034391165,0.0,-444182.5777137971,-459278.6312180633,951979437.407301,253051580724.38177,10.211022860137746,-1332883.856,12.004869,5.855799035153474,True
75,tBu3,0.5,600,6.184125390369445,2.3216712614521384,-1035505.3759921052,-1253584.7034391165,0.0,-444182.5777137971,-459278.6312180633,951979437.407301,253051580724.38177,10.211022860137746,-1332883.856,12.004869,5.34119768107598,True
100,PPh3,0.5,300,7.809205203317106,8.568478679051623,-1174571.237460832,-1392657.233030061,0.0,-444184.5961092371,-459282.0593113233,207518786.22476524,74536709.26482123,8.790080769686028,-1471961.335,12.000923,2.244361756521764,False
35,RuPhos,0.5,150,15.778200525091961,15.851720228325576,-1566234.869394785,-1784315.8991876417,0.0,-444179.4442134271,-459273.4054358833,41.443745133651454,36.75511163398157,10.331576659809798,-1863626.021,11.999083,2.2030342066836504,False
95,tBu3,0.5,300,6.201966980355792,2.348743251292035,-1035509.1140686752,-1253590.0123421666,0.0,-444184.1887689871,-459281.3638484633,1596559639.7565093,309435514394.05896,10.231022860156372,-1332888.579,11.986944,4.709188970774854,True
85,PPh3,0.5,600,7.145174543606117,8.590886169113219,-1174568.381525202,-1392653.157805681,0.0,-444183.3795727971,-459279.9876584633,325746448.51214564,42726861.212345295,8.820080769713968,-1471957.722,11.961156,2.8149152537525564,True
85,PPh3,0.5,900,7.145174543606117,8.590886169113219,-1174568.381525202,-1392653.157805681,0.0,-444183.3795727971,-459279.9876584633,325746448.51214564,42726861.212345295,8.820080769713968,-1471957.722,11.961156,3.612156215815959,True
80,PPh3,0.5,600,6.923625333700329,8.598122939001769,-1174567.4448146818,-1392651.825253221,0.0,-444182.9777243271,-459279.3069618933,382074322.1569108,35147655.19564593,8.840080770198256,-1471956.539,11.95776,2.8217724157766293,True
80,PPh3,0.5,900,6.923625333700329,8.598122939001769,-1174567.4448146818,-1392651.825253221,0.0,-444182.9777243271,-459279.3069618933,382074322.1569108,35147655.19564593,8.840080770198256,-1471956.539,11.95776,3.648457277552707,True
40,tBu3,1.25,600,6.155320030171424,2.277546701254323,-1035499.1514032354,-1253575.9338558966,0.0,-444179.8293960271,-459274.0409944233,330246970.6527969,167919419980.16046,10.19102286011912,-1332876.039,11.905792,4.72017204514071,True
40,tBu3,1.25,900,6.155320030171424,2.277546701254323,-1035499.1514032354,-1253575.9338558966,0.0,-444179.8293960271,-459274.0409944233,330246970.6527969,167919419980.16046,10.19102286011912,-1332876.039,11.905792,5.115650388994968,True
80,PPh3,0.5,300,6.923625333700329,8.598122939001769,-1174567.4448146818,-1392651.825253221,0.0,-444182.9777243271,-459279.3069618933,382074322.1569108,35147655.19564593,8.840080770198256,-1471956.539,11.8994255,2.115583129278597,False
85,tBu3,0.5,600,6.192920420202427,2.3350375215522945,-1035507.2287042254,-1253587.3310556363,0.0,-444183.3795727971,-459279.9876584633,1241505808.0381713,280571455641.2495,10.211022859904917,-1332886.194,11.885766,5.161941962818046,True
85,tBu3,0.5,900,6.192920420202427,2.3350375215522945,-1035507.2287042254,-1253587.3310556363,0.0,-444183.3795727971,-459279.9876584633,1241505808.0381713,280571455641.2495,10.211022859904917,-1332886.194,11.885766,5.724834049154298,True
45,SPhos,0.5,300,12.542228757869452,13.105931923957542,-1467637.2780460464,-1685715.453401906,0.0,-444180.2164438071,-459274.68163209327,16066.322263283877,6587.1253088950925,11.24303320958279,-1765026.079,11.876774,1.9284232522385178,False
75,tBu3,0.5,300,6.184125390369445,2.3216712614521384,-1035505.3759921052,-1253584.7034391165,0.0,-444182.5777137971,-459278.6312180633,951979437.407301,253051580724.38177,10.211022860137746,-1332883.856,11.861568,5.141097567208311,True
105,tBu3,0.5,300,6.211264560231939,2.3627887312322855,-1035511.0318996854,-1253592.7469961166,0.0,-444185.0052725071,-459282.7596657633,2026800721.8335,339596555279.8129,10.231022860156372,-1332891.011,11.776516,4.642270845091724,True
85,PPh3,0.5,300,7.145174543606117,8.590886169113219,-1174568.381525202,-1392653.157805681,0.0,-444183.3795727971,-459279.9876584633,325746448.51214564,42726861.212345295,8.820080769713968,-1471957.722,11.771033,2.1258885183151035,False
75,PPh3,0.5,900,6.7019701634999365,8.605237868847325,-1174566.5157583018,-1392650.505673631,0.0,-444182.5777137971,-459278.6312180633,450360658.19940287,28762104.05648479,8.860080769984052,-1471955.368,11.740028,3.6997554456135,True
75,PPh3,0.5,600,6.7019701634999365,8.605237868847325,-1174566.5157583018,-1392650.505673631,0.0,-444182.5777137971,-459278.6312180633,450360658.19940287,28762104.05648479,8.860080769984052,-1471955.368,11.740028,2.8480416739564496,True
35,RuPhos,0.5,300,15.778200525091961,15.851720228325576,-1566234.869394785,-1784315.8991876417,0.0,-444179.4442134271,-459273.4054358833,41.443745133651454,36.75511163398157,10.331576659809798,-1863626.021,11.687779,2.2913892607651896,False
75,PPh3,0.5,300,6.7019701634999365,8.605237868847325,-1174566.5157583018,-1392650.505673631,0.0,-444182.5777137971,-459278.6312180633,450360658.19940287,28762104.05648479,8.860080769984052,-1471955.368,11.675945,2.125864128815688,False
100,tBu3,0.5,300,6.206584440427832,2.3557235216721892,-1035510.0689373752,-1253591.3730170864,0.0,-444184.5961092371,-459282.0593113233,1801655380.2815652,324356961675.8968,10.231022859923542,-1332889.789,11.649405,4.64405516117063,True
85,tBu3,0.5,300,6.192920420202427,2.3350375215522945,-1035507.2287042254,-1253587.3310556363,0.0,-444183.3795727971,-459279.9876584633,1241505808.0381713,280571455641.2495,10.211022859904917,-1332886.194,11.616422,4.911343292311983,True
60,tBu3,1.25,150,6.171404530410655,2.302256571361795,-1035502.6585613552,-1253580.8633121066,0.0,-444181.3887453471,-459276.6338575833,620956520.0066035,214387766911.03442,10.191022859886289,-1332880.435,11.596034,5.395668301749421,True
35,RuPhos,0.5,600,15.778200525091961,15.851720228325576,-1566234.869394785,-1784315.8991876417,0.0,-444179.4442134271,-459273.4054358833,41.443745133651454,36.75511163398157,10.331576659809798,-1863626.021,11.567926,2.3708224362508785,False
35,RuPhos,0.5,900,15.778200525091961,15.851720228325576,-1566234.869394785,-1784315.8991876417,0.0,-444179.4442134271,-459273.4054358833,41.443745133651454,36.75511163398157,10.331576659809798,-1863626.021,11.567926,2.8132773390195083,True
35,tBu3,1.25,300,6.151454170234501,2.2715773314703256,-1035498.2955117354,-1253574.7358108363,0.0,-444179.4442134271,-459273.4054358833,278540413.7586242,157236576653.66492,10.181022860109806,-1332874.97,11.551893,4.46380709762785,True
60,PPh3,1.25,150,6.036349423462525,8.62581462902017,-1174563.774626812,-1392646.625033041,0.0,-444181.3887453471,-459276.6338575833,761476604.9771326,15239905.796493253,8.870080770226195,-1471951.922,11.540881,2.0932502725678006,False
55,PPh3,1.25,150,5.814250693656504,8.632404329022393,-1174562.876297962,-1392645.357603761,0.0,-444180.9961217871,-459275.9780797033,917633426.8703434,12184514.826142734,8.890080770011991,-1471950.795,11.511066,2.423064880836386,False
55,tBu3,1.25,150,6.167289770208299,2.295953571330756,-1035501.7692845054,-1253579.6104363366,0.0,-444180.9961217871,-459275.9780797033,534009367.5307043,202217382164.11255,10.201022859895602,-1332879.319,11.446792,5.237750969369738,True
50,tBu3,1.25,150,6.16323757043574,2.2897344515658915,-1035500.8883155952,-1253578.3712087064,0.0,-444180.6053534971,-459275.3273325533,457161172.77260697,190413260782.13626,10.201022860128433,-1332878.214,11.446792,5.013003399469779,True
65,PPh3,1.25,600,6.258334213634953,8.619087598985061,-1174564.680653462,-1392647.905537871,0.0,-444181.7832208271,-459277.2946503733,635637755.097788,18943828.98664844,8.880080770235509,-1471953.059,11.4150305,2.7466446774787014,True
65,PPh3,1.25,900,6.258334213634953,8.619087598985061,-1174564.680653462,-1392647.905537871,0.0,-444181.7832208271,-459277.2946503733,635637755.097788,18943828.98664844,8.880080770235509,-1471953.059,11.4150305,3.630903559316875,True
50,PPh3,1.25,150,5.592035913607106,8.638852349016815,-1174561.985676912,-1392644.103274711,0.0,-444180.6053534971,-459275.3273325533,1112678584.0380094,9678884.787019413,8.89008076977916,-1471949.68,11.369596,2.8760640254296037,True
40,PPh3,1.25,60,5.53451706818305,8.651304949074984,-1174560.227596782,-1392641.634014321,0.0,-444179.8293960271,-459274.0409944233,895553382.6856965,5982932.32201439,8.92008076957427,-1471947.483,11.345103,2.5951298457464396,False
35,tBu3,1.25,600,6.151454170234501,2.2715773314703256,-1035498.2955117354,-1253574.7358108363,0.0,-444179.4442134271,-459273.4054358833,278540413.7586242,157236576653.66492,10.181022860109806,-1332874.97,11.304701,4.561389601523453,True
35,tBu3,1.25,900,6.151454170234501,2.2715773314703256,-1035498.2955117354,-1253574.7358108363,0.0,-444179.4442134271,-459273.4054358833,278540413.7586242,157236576653.66492,10.181022860109806,-1332874.97,11.304701,4.966609523034473,True
30,AmPhos,5.0,60,7.747103866189718,5.87242125114426,-1448645.7249341998,-1666724.7866256689,0.0,-444179.0608992771,-459272.7749729833,16424962.890415384,368965415.2199011,10.014754140051082,-1746024.933,11.233777,4.443521639168391,True
30,RuPhos,1.25,150,15.535058305133134,15.847831758670509,-1566233.6661690748,-1784314.3483192113,0.0,-444179.0608992771,-459272.7749729833,39.90931729186957,23.74609227495922,10.311576659791172,-1863624.601,11.23209,2.1843154607810584,False
65,PPh3,1.25,300,6.258334213634953,8.619087598985061,-1174564.680653462,-1392647.905537871,0.0,-444181.7832208271,-459277.2946503733,635637755.097788,18943828.98664844,8.880080770235509,-1471953.059,11.19761,2.0582191659672477,False
30,RuPhos,1.25,300,15.535058305133134,15.847831758670509,-1566233.6661690748,-1784314.3483192113,0.0,-444179.0608992771,-459272.7749729833,39.90931729186957,23.74609227495922,10.311576659791172,-1863624.601,11.184601,2.148777777789287,False
30,RuPhos,2.5,600,15.535058305133134,15.847831758670509,-1566233.6661690748,-1784314.3483192113,0.0,-444179.0608992771,-459272.7749729833,39.90931729186957,23.74609227495922,10.311576659791172,-1863624.601,11.104027,1.6320327093617437,False
30,RuPhos,2.5,900,15.535058305133134,15.847831758670509,-1566233.6661690748,-1784314.3483192113,0.0,-444179.0608992771,-459272.7749729833,39.90931729186957,23.74609227495922,10.311576659791172,-1863624.601,11.104027,2.2182964728120904,False
45,PPh3,1.25,150,5.528604427585378,8.645154149038717,-1174561.102773392,-1392642.862070221,0.0,-444180.2164438071,-459274.68163209327,1056172440.5549848,7636701.529295807,8.910080770263448,-1471948.576,11.10128,2.8156746557156316,True
40,SPhos,0.5,600,12.329091337975115,13.093037704238668,-1467636.1274611563,-1685713.9907695658,0.0,-444179.8293960271,-459274.0409944233,16226.357496488905,4754.117903615619,11.233033209806308,-1765024.75,10.993771,1.721791032868127,False
40,SPhos,0.5,900,12.329091337975115,13.093037704238668,-1467636.1274611563,-1685713.9907695658,0.0,-444179.8293960271,-459274.0409944233,16226.357496488905,4754.117903615619,11.233033209806308,-1765024.75,10.993771,2.1829752548369648,False
30,RuPhos,2.5,300,15.535058305133134,15.847831758670509,-1566233.6661690748,-1784314.3483192113,0.0,-444179.0608992771,-459272.7749729833,39.90931729186957,23.74609227495922,10.311576659791172,-1863624.601,10.97207,1.9442623855787606,False
45,tBu3,1.25,150,6.15924774040468,2.283598941517994,-1035500.0156799252,-1253577.1456686163,0.0,-444180.2164438071,-459274.68163209327,389521622.2397609,178979395272.5775,10.19102286011912,-1332877.121,10.957369,4.818502793149058,True
65,tBu3,1.25,600,6.175581990275532,2.308643721509725,-1035503.5561212254,-1253582.1297969464,0.0,-444181.7832208271,-459277.2946503733,718938914.6743594,226920072320.44778,10.211022859904917,-1332881.564,10.910297,5.440794969549759,True
65,tBu3,1.25,900,6.175581990275532,2.308643721509725,-1035503.5561212254,-1253582.1297969464,0.0,-444181.7832208271,-459277.2946503733,718938914.6743594,226920072320.44778,10.211022859904917,-1332881.564,10.910297,5.931437235921631,True
35,SPhos,0.5,900,12.115941647673026,13.080015553859994,-1467634.9886390064,-1685712.545169006,0.0,-444179.4442134271,-459273.4054358833,16397.835250945398,3396.653245732802,11.233033209806308,-1765023.437,10.889781,2.2442733380705797,False
35,SPhos,0.5,600,12.115941647673026,13.080015553859994,-1467634.9886390064,-1685712.545169006,0.0,-444179.4442134271,-459273.4054358833,16397.835250945398,3396.653245732802,11.233033209806308,-1765023.437,10.889781,1.8009795559488844,False
35,PPh3,1.25,60,5.540505847893655,8.657299769110978,-1174559.3601562318,-1392640.419130761,0.0,-444179.4442134271,-459273.4054358833,755408202.733524,4652709.00782714,8.930080770049244,-1471946.401,10.854806,2.4711763133903664,False
30,RuPhos,1.25,900,15.535058305133134,15.847831758670509,-1566233.6661690748,-1784314.3483192113,0.0,-444179.0608992771,-459272.7749729833,39.90931729186957,23.74609227495922,10.311576659791172,-1863624.601,10.819065,2.4831139618927813,False
30,RuPhos,1.25,600,15.535058305133134,15.847831758670509,-1566233.6661690748,-1784314.3483192113,0.0,-444179.0608992771,-459272.7749729833,39.90931729186957,23.74609227495922,10.311576659791172,-1863624.601,10.819065,2.0522238324884485,False
65,tBu3,1.25,300,6.175581990275532,2.308643721509725,-1035503.5561212254,-1253582.1297969464,0.0,-444181.7832208271,-459277.2946503733,718938914.6743594,226920072320.44778,10.211022859904917,-1332881.564,10.762289,5.269256489032693,True
40,tBu3,1.25,60,6.155320030171424,2.277546701254323,-1035499.1514032354,-1253575.9338558966,0.0,-444179.8293960271,-459274.0409944233,330246970.6527969,167919419980.16046,10.19102286011912,-1332876.039,10.737468,4.730276749814908,True
30,RuPhos,2.5,150,15.535058305133134,15.847831758670509,-1566233.6661690748,-1784314.3483192113,0.0,-444179.0608992771,-459272.7749729833,39.90931729186957,23.74609227495922,10.311576659791172,-1863624.601,10.534864,1.9951636476504568,False
40,SPhos,0.5,300,12.329091337975115,13.093037704238668,-1467636.1274611563,-1685713.9907695658,0.0,-444179.8293960271,-459274.0409944233,16226.357496488905,4754.117903615619,11.233033209806308,-1765024.75,10.339095,2.0390854624888477,False
70,tBu3,1.25,60,6.179822250269353,2.315115221310407,-1035504.4619395554,-1253583.4098521166,0.0,-444182.1795447971,-459277.9604423933,828938009.0305806,239809655560.4083,10.211022860137746,-1332882.704,10.325251,5.232403909486662,True
35,tBu3,1.25,60,6.151454170234501,2.2715773314703256,-1035498.2955117354,-1253574.7358108363,0.0,-444179.4442134271,-459273.4054358833,278540413.7586242,157236576653.66492,10.181022860109806,-1332874.97,10.275229,4.600249358077486,True
35,SPhos,0.5,300,12.115941647673026,13.080015553859994,-1467634.9886390064,-1685712.545169006,0.0,-444179.4442134271,-459273.4054358833,16397.835250945398,3396.653245732802,11.233033209806308,-1765023.437,10.2351055,2.1477834222212797,False
45,AmPhos,0.5,300,7.752247695811093,5.874414881225675,-1448649.49344555,-1666729.5855557488,0.0,-444180.2164438071,-459274.68163209327,31351881.181920238,611209014.8253787,10.044754140311852,-1746029.303,10.159472,2.5498165082049002,False
40,PPh3,1.25,150,5.53451706818305,8.651304949074984,-1174560.227596782,-1392641.634014321,0.0,-444179.8293960271,-459274.0409944233,895553382.6856965,5982932.32201439,8.92008076957427,-1471947.483,10.074901,2.586844068671066,False
30,RuPhos,5.0,60,15.535058305133134,15.847831758670509,-1566233.6661690748,-1784314.3483192113,0.0,-444179.0608992771,-459272.7749729833,39.90931729186957,23.74609227495922,10.311576659791172,-1863624.601,10.074242,4.048790113529864,True
30,AmPhos,1.25,300,7.747103866189718,5.87242125114426,-1448645.7249341998,-1666724.7866256689,0.0,-444179.0608992771,-459272.7749729833,16424962.890415384,368965415.2199011,10.014754140051082,-1746024.933,10.073639,2.6301278276789306,False
90,PCy3,0.5,60,7.250434421934187,15.623461617389694,-1181209.021445404,-1399289.280377695,0.0,-444183.7832555871,-459280.6732924233,327782387.80955976,2996.947120354819,11.540260799927635,-1478598.247,10.031264,2.664781468005894,False
30,RuPhos,5.0,150,15.535058305133134,15.847831758670509,-1566233.6661690748,-1784314.3483192113,0.0,-444179.0608992771,-459272.7749729833,39.90931729186957,23.74609227495922,10.311576659791172,-1863624.601,9.989899,3.992646371895136,True
70,PPh3,1.25,60,6.480207113549113,8.61222734907642,-1174565.5943675318,-1392649.199093221,0.0,-444182.1795447971,-459277.9604423933,533597417.7956562,23408748.13137755,8.870080770226195,-1471954.208,9.976509,1.8266697576221467,False
95,PCy3,0.5,60,7.483122691977769,15.600924426922575,-1181210.045349194,-1399290.7237053553,0.0,-444184.1887689871,-459281.3638484633,277111197.40086144,4204.286100471907,11.55026079993695,-1478599.509,9.927064,2.575845892370341,False
45,SPhos,0.5,60,12.542228757869452,13.105931923957542,-1467637.2780460464,-1685715.453401906,0.0,-444180.2164438071,-459274.68163209327,16066.322263283877,6587.1253088950925,11.24303320958279,-1765026.079,9.893645,2.1111835835386974,False
105,PCy3,0.5,60,7.948321542236954,15.555563907371834,-1181212.120372024,-1399293.653224585,0.0,-444185.0052725071,-459282.7596657633,200868825.2077691,8062.205049708938,11.570260799955577,-1478602.071,9.760279,2.451025893216298,False
30,RuPhos,5.0,300,15.535058305133134,15.847831758670509,-1566233.6661690748,-1784314.3483192113,0.0,-444179.0608992771,-459272.7749729833,39.90931729186957,23.74609227495922,10.311576659791172,-1863624.601,9.725499,3.9511259793930598,True
30,RuPhos,5.0,600,15.535058305133134,15.847831758670509,-1566233.6661690748,-1784314.3483192113,0.0,-444179.0608992771,-459272.7749729833,39.90931729186957,23.74609227495922,10.311576659791172,-1863624.601,9.715342,3.880687390098509,True
30,RuPhos,5.0,900,15.535058305133134,15.847831758670509,-1566233.6661690748,-1784314.3483192113,0.0,-444179.0608992771,-459272.7749729833,39.90931729186957,23.74609227495922,10.311576659791172,-1863624.601,9.715342,4.104768990802538,True
75,PCy3,0.5,60,6.551999532151967,15.690463187173009,-1181206.004193984,-1399285.0363275053,0.0,-444182.5777137971,-459278.6312180633,559373170.3764096,1026.139425499056,11.52026079990901,-1478594.535,9.67829,3.0333359578177186,True
40,tBu3,1.25,150,6.155320030171424,2.277546701254323,-1035499.1514032354,-1253575.9338558966,0.0,-444179.8293960271,-459274.0409944233,330246970.6527969,167919419980.16046,10.19102286011912,-1332876.039,9.663413,4.657190810319321,True
45,AmPhos,0.5,900,7.752247695811093,5.874414881225675,-1448649.49344555,-1666729.5855557488,0.0,-444180.2164438071,-459274.68163209327,31351881.181920238,611209014.8253787,10.044754140311852,-1746029.303,9.630561,2.751413754026518,True
45,AmPhos,0.5,600,7.752247695811093,5.874414881225675,-1448649.49344555,-1666729.5855557488,0.0,-444180.2164438071,-459274.68163209327,31351881.181920238,611209014.8253787,10.044754140311852,-1746029.303,9.630561,2.3949717615371613,False
35,PPh3,1.25,150,5.540505847893655,8.657299769110978,-1174559.3601562318,-1392640.419130761,0.0,-444179.4442134271,-459273.4054358833,755408202.733524,4652709.00782714,8.930080770049244,-1471946.401,9.584603,2.4649184235661754,False
70,PPh3,1.25,150,6.480207113549113,8.61222734907642,-1174565.5943675318,-1392649.199093221,0.0,-444182.1795447971,-459277.9604423933,533597417.7956562,23408748.13137755,8.870080770226195,-1471954.208,9.572548,1.7852307910254328,False
85,PCy3,0.5,60,7.01768529205583,15.645899317227304,-1181208.006616904,-1399287.8513611152,0.0,-444183.3795727971,-459279.9876584633,389649490.539178,2116.924138753408,11.530260799452662,-1478596.997,9.538009,2.7801164806348533,True
90,tBu3,0.5,60,6.197412280365825,2.3418479312676936,-1035508.1673165852,-1253588.6650090865,0.0,-444183.7832555871,-459280.6732924233,1410251920.408977,294838346816.1321,10.211022860137746,-1332887.381,9.505994,4.858711053238056,True
70,tBu3,1.25,150,6.179822250269353,2.315115221310407,-1035504.4619395554,-1253583.4098521166,0.0,-444182.1795447971,-459277.9604423933,828938009.0305806,239809655560.4083,10.211022860137746,-1332882.704,9.482616,5.173558496124406,True
80,PCy3,0.5,60,6.784874092321843,15.668234297074378,-1181207.0008658338,-1399286.4366722952,0.0,-444182.9777243271,-459279.3069618933,465600155.4395874,1481.173254296473,11.530260799918324,-1478595.76,9.441945,2.909269893705443,True
90,PCy3,0.5,150,7.250434421934187,15.623461617389694,-1181209.021445404,-1399289.280377695,0.0,-444183.7832555871,-459280.6732924233,327782387.80955976,2996.947120354819,11.540260799927635,-1478598.247,9.43272,2.59952161221847,False
30,AmPhos,1.25,900,7.747103866189718,5.87242125114426,-1448645.7249341998,-1666724.7866256689,0.0,-444179.0608992771,-459272.7749729833,16424962.890415384,368965415.2199011,10.014754140051082,-1746024.933,9.406443,2.862998526951388,True
30,AmPhos,1.25,600,7.747103866189718,5.87242125114426,-1448645.7249341998,-1666724.7866256689,0.0,-444179.0608992771,-459272.7749729833,16424962.890415384,368965415.2199011,10.014754140051082,-1746024.933,9.406443,2.52514577265451,False
100,PCy3,0.5,60,7.715751342009753,15.578290867153555,-1181211.078325714,-1399292.1813268852,0.0,-444184.5961092371,-459282.0593113233,235391606.64992365,5846.569732551803,11.560260799713433,-1478600.784,9.319541,2.504169741949163,False
40,AmPhos,0.5,300,7.7504360063467175,5.87376865115948,-1448648.2235122398,-1666727.9666996289,0.0,-444179.8293960271,-459274.0409944233,25446155.673661835,519195526.3150639,10.04475414007902,-1746027.829,9.298959,2.6103580535125745,False
95,PCy3,0.5,150,7.483122691977769,15.600924426922575,-1181210.045349194,-1399290.7237053553,0.0,-444184.1887689871,-459281.3638484633,277111197.40086144,4204.286100471907,11.55026079993695,-1478599.509,9.284764,2.5084596784177933,False
45,SPhos,0.5,150,12.542228757869452,13.105931923957542,-1467637.2780460464,-1685715.453401906,0.0,-444180.2164438071,-459274.68163209327,16066.322263283877,6587.1253088950925,11.24303320958279,-1765026.079,9.243244,2.04613575823996,False
95,tBu3,0.5,60,6.201966980355792,2.348743251292035,-1035509.1140686752,-1253590.0123421666,0.0,-444184.1887689871,-459281.3638484633,1596559639.7565093,309435514394.05896,10.231022860156372,-1332888.579,9.22976,4.758230110036416,True
105,PCy3,0.5,150,7.948321542236954,15.555563907371834,-1181212.120372024,-1399293.653224585,0.0,-444185.0052725071,-459282.7596657633,200868825.2077691,8062.205049708938,11.570260799955577,-1478602.071,9.216775,2.390874881737089,False
35,AmPhos,0.5,300,7.74872154626064,5.87310508126393,-1448646.96733084,-1666726.3670402588,0.0,-444179.4442134271,-459273.4054358833,20515535.01400838,438831160.85585546,10.024754139827564,-1746026.373,9.216649,2.684463191456456,False
35,tBu3,1.25,150,6.151454170234501,2.2715773314703256,-1035498.2955117354,-1253574.7358108363,0.0,-444179.4442134271,-459273.4054358833,278540413.7586242,157236576653.66492,10.181022860109806,-1332874.97,9.201175,4.525086547108844,True
65,tBu3,1.25,60,6.175581990275532,2.308643721509725,-1035503.5561212254,-1253582.1297969464,0.0,-444181.7832208271,-459277.2946503733,718938914.6743594,226920072320.44778,10.211022859904917,-1332881.564,9.105467,5.372676811931844,True
80,tBu3,0.5,60,6.188491450273432,2.328311991179362,-1035506.2982548954,-1253586.0105196566,0.0,-444182.9777243271,-459279.3069618933,1089131885.4602783,266640655522.64627,10.221022859914228,-1332885.019,9.077515,5.099199178954116,True
65,PPh3,1.25,60,6.258334213634953,8.619087598985061,-1174564.680653462,-1392647.905537871,0.0,-444181.7832208271,-459277.2946503733,635637755.097788,18943828.98664844,8.880080770235509,-1471953.059,8.8647375,1.9331997422553755,False
90,tBu3,0.5,150,6.197412280365825,2.3418479312676936,-1035508.1673165852,-1253588.6650090865,0.0,-444183.7832555871,-459280.6732924233,1410251920.408977,294838346816.1321,10.211022860137746,-1332887.381,8.829104,4.807181303774922,True
75,tBu3,0.5,60,6.184125390369445,2.3216712614521384,-1035505.3759921052,-1253584.7034391165,0.0,-444182.5777137971,-459278.6312180633,951979437.407301,253051580724.38177,10.211022860137746,-1332883.856,8.826389,5.225563212688865,True
90,PPh3,0.5,60,7.36661971360445,8.58353101904504,-1174569.325877972,-1392654.503304221,0.0,-444183.7832555871,-459280.6732924233,279039089.18806523,51680308.12636762,8.810080769471824,-1471958.915,8.812306,1.9863608175432823,False
75,PCy3,0.5,150,6.551999532151967,15.690463187173009,-1181206.004193984,-1399285.0363275053,0.0,-444182.5777137971,-459278.6312180633,559373170.3764096,1026.139425499056,11.52026079990901,-1478594.535,8.802786,2.9725822670517283,True
85,tBu3,0.5,60,6.192920420202427,2.3350375215522945,-1035507.2287042254,-1253587.3310556363,0.0,-444183.3795727971,-459279.9876584633,1241505808.0381713,280571455641.2495,10.211022859904917,-1332886.194,8.781929,4.975242820703596,True
100,PCy3,0.5,150,7.715751342009753,15.578290867153555,-1181211.078325714,-1399292.1813268852,0.0,-444184.5961092371,-459282.0593113233,235391606.64992365,5846.569732551803,11.560260799713433,-1478600.784,8.776037,2.4420744053507133,False
40,AmPhos,0.5,900,7.7504360063467175,5.87376865115948,-1448648.2235122398,-1666727.9666996289,0.0,-444179.8293960271,-459274.0409944233,25446155.673661835,519195526.3150639,10.04475414007902,-1746027.829,8.770047,2.8148951015096833,True
40,AmPhos,0.5,600,7.7504360063467175,5.87376865115948,-1448648.2235122398,-1666727.9666996289,0.0,-444179.8293960271,-459274.0409944233,25446155.673661835,519195526.3150639,10.04475414007902,-1746027.829,8.770047,2.465484725166565,False
95,PPh3,0.5,60,7.587962673511356,8.576060798950493,-1174570.2778607318,-1392655.861721601,0.0,-444184.1887689871,-459281.3638484633,240114303.0566574,62209171.21206936,8.810080769937485,-1471960.119,8.760048,2.0221776526711244,False
105,tBu3,0.5,60,6.211264560231939,2.3627887312322855,-1035511.0318996854,-1253592.7469961166,0.0,-444185.0052725071,-459282.7596657633,2026800721.8335,339596555279.8129,10.231022860156372,-1332891.011,8.692559,4.695249349433938,True
35,AmPhos,0.5,600,7.74872154626064,5.87310508126393,-1448646.96733084,-1666726.3670402588,0.0,-444179.4442134271,-459273.4054358833,20515535.01400838,438831160.85585546,10.024754139827564,-1746026.373,8.687737,2.5276048020999156,False
35,AmPhos,0.5,900,7.74872154626064,5.87310508126393,-1448646.96733084,-1666726.3670402588,0.0,-444179.4442134271,-459273.4054358833,20515535.01400838,438831160.85585546,10.024754139827564,-1746026.373,8.687737,2.870295068011184,True
85,PCy3,0.5,150,7.01768529205583,15.645899317227304,-1181208.006616904,-1399287.8513611152,0.0,-444183.3795727971,-459279.9876584633,389649490.539178,2116.924138753408,11.530260799452662,-1478596.997,8.667524,2.717464324708737,True
30,SPhos,2.5,600,11.902778218034655,13.066860674181953,-1467633.8615928562,-1685711.1166239858,0.0,-444179.0608992771,-459272.7749729833,16581.687839939757,2401.196382335609,11.213033209787682,-1765022.138,8.591393,1.6363369309367457,False
30,SPhos,2.5,900,11.902778218034655,13.066860674181953,-1467633.8615928562,-1685711.1166239858,0.0,-444179.0608992771,-459272.7749729833,16581.687839939757,2401.196382335609,11.213033209787682,-1765022.138,8.591393,2.1215244862641804,False
95,tBu3,0.5,150,6.201966980355792,2.348743251292035,-1035509.1140686752,-1253590.0123421666,0.0,-444184.1887689871,-459281.3638484633,1596559639.7565093,309435514394.05896,10.231022860156372,-1332888.579,8.587009,4.705242016408852,True
100,tBu3,0.5,60,6.206584440427832,2.3557235216721892,-1035510.0689373752,-1253591.3730170864,0.0,-444184.5961092371,-459282.0593113233,1801655380.2815652,324356961675.8968,10.231022859923542,-1332889.789,8.565448,4.690461842434204,True
80,PCy3,0.5,150,6.784874092321843,15.668234297074378,-1181207.0008658338,-1399286.4366722952,0.0,-444182.9777243271,-459279.3069618933,465600155.4395874,1481.173254296473,11.530260799918324,-1478595.76,8.557191,2.836348715467854,True
40,SPhos,0.5,60,12.329091337975115,13.093037704238668,-1467636.1274611563,-1685713.9907695658,0.0,-444179.8293960271,-459274.0409944233,16226.357496488905,4754.117903615619,11.233033209806308,-1765024.75,8.501268,2.2028784297384423,False
90,PPh3,0.5,150,7.36661971360445,8.58353101904504,-1174569.325877972,-1392654.503304221,0.0,-444183.7832555871,-459280.6732924233,279039089.18806523,51680308.12636762,8.810080769471824,-1471958.915,8.496467,1.9785531366879021,False
95,PPh3,0.5,150,7.587962673511356,8.576060798950493,-1174570.2778607318,-1392655.861721601,0.0,-444184.1887689871,-459281.3638484633,240114303.0566574,62209171.21206936,8.810080769937485,-1471960.119,8.478347,2.015143625880394,False
45,AmPhos,0.5,150,7.752247695811093,5.874414881225675,-1448649.49344555,-1666729.5855557488,0.0,-444180.2164438071,-459274.68163209327,31351881.181920238,611209014.8253787,10.044754140311852,-1746029.303,8.419294,2.6965986219267797,True
105,PPh3,0.5,60,8.030349103501067,8.560787699185312,-1174572.204665182,-1392658.617201391,0.0,-444185.0052725071,-459282.7596657633,180096924.25953132,88909785.25421162,8.780080769909546,-1471962.562,8.408779,2.133828568760955,False
80,tBu3,0.5,150,6.188491450273432,2.328311991179362,-1035506.2982548954,-1253586.0105196566,0.0,-444182.9777243271,-459279.3069618933,1089131885.4602783,266640655522.64627,10.221022859914228,-1332885.019,8.408427,5.045265057230577,True
35,SPhos,0.5,60,12.115941647673026,13.080015553859994,-1467634.9886390064,-1685712.545169006,0.0,-444179.4442134271,-459273.4054358833,16397.835250945398,3396.653245732802,11.233033209806308,-1765023.437,8.397279,2.302594511944612,False
105,PPh3,0.5,150,8.030349103501067,8.560787699185312,-1174572.204665182,-1392658.617201391,0.0,-444185.0052725071,-459282.7596657633,180096924.25953132,88909785.25421162,8.780080769909546,-1471962.562,8.272523,2.120137806119089,False
65,PPh3,1.25,150,6.258334213634953,8.619087598985061,-1174564.680653462,-1392647.905537871,0.0,-444181.7832208271,-459277.2946503733,635637755.097788,18943828.98664844,8.880080770235509,-1471953.059,8.260026,1.8759900535014478,False
100,PPh3,0.5,60,7.809205203317106,8.568478679051623,-1174571.237460832,-1392657.233030061,0.0,-444184.5961092371,-459282.0593113233,207518786.22476524,74536709.26482123,8.790080769686028,-1471961.335,8.231624,2.0725485278642526,False
65,tBu3,1.25,150,6.175581990275532,2.308643721509725,-1035503.5561212254,-1253582.1297969464,0.0,-444181.7832208271,-459277.2946503733,718938914.6743594,226920072320.44778,10.211022859904917,-1332881.564,8.20085,5.310031656004948,True
105,tBu3,0.5,150,6.211264560231939,2.3627887312322855,-1035511.0318996854,-1253592.7469961166,0.0,-444185.0052725071,-459282.7596657633,2026800721.8335,339596555279.8129,10.231022860156372,-1332891.011,8.19677,4.625649702263678,True
45,AmPhos,0.5,60,7.752247695811093,5.874414881225675,-1448649.49344555,-1666729.5855557488,0.0,-444180.2164438071,-459274.68163209327,31351881.181920238,611209014.8253787,10.044754140311852,-1746029.303,8.181629,2.811307418771198,True
100,PPh3,0.5,150,7.809205203317106,8.568478679051623,-1174571.237460832,-1392657.233030061,0.0,-444184.5961092371,-459282.0593113233,207518786.22476524,74536709.26482123,8.790080769686028,-1471961.335,8.145412,2.0660198962140037,False
85,tBu3,0.5,150,6.192920420202427,2.3350375215522945,-1035507.2287042254,-1253587.3310556363,0.0,-444183.3795727971,-459279.9876584633,1241505808.0381713,280571455641.2495,10.211022859904917,-1332886.194,8.127111,4.923163690558341,True
85,PPh3,0.5,60,7.145174543606117,8.590886169113219,-1174568.381525202,-1392653.157805681,0.0,-444183.3795727971,-459279.9876584633,325746448.51214564,42726861.212345295,8.820080769713968,-1471957.722,8.111661,1.9639011106205728,False
100,tBu3,0.5,150,6.206584440427832,2.3557235216721892,-1035510.0689373752,-1253591.3730170864,0.0,-444184.5961092371,-459282.0593113233,1801655380.2815652,324356961675.8968,10.231022859923542,-1332889.789,8.069658,4.632439025828447,True
75,tBu3,0.5,150,6.184125390369445,2.3216712614521384,-1035505.3759921052,-1253584.7034391165,0.0,-444182.5777137971,-459278.6312180633,951979437.407301,253051580724.38177,10.211022860137746,-1332883.856,8.040915,5.168794543362024,True
80,PPh3,0.5,60,6.923625333700329,8.598122939001769,-1174567.4448146818,-1392651.825253221,0.0,-444182.9777243271,-459279.3069618933,382074322.1569108,35147655.19564593,8.840080770198256,-1471956.539,7.9840417,1.9564048672017555,False
75,PPh3,0.5,60,6.7019701634999365,8.605237868847325,-1174566.5157583018,-1392650.505673631,0.0,-444182.5777137971,-459278.6312180633,450360658.19940287,28762104.05648479,8.860080769984052,-1471955.368,7.8697667,1.968498597852949,False
40,SPhos,0.5,150,12.329091337975115,13.093037704238668,-1467636.1274611563,-1685713.9907695658,0.0,-444179.8293960271,-459274.0409944233,16226.357496488905,4754.117903615619,11.233033209806308,-1765024.75,7.850864,2.161872338038158,False
85,PPh3,0.5,150,7.145174543606117,8.590886169113219,-1174568.381525202,-1392653.157805681,0.0,-444183.3795727971,-459279.9876584633,325746448.51214564,42726861.212345295,8.820080769713968,-1471957.722,7.8178926,1.954934032479042,False
30,PPh3,1.25,300,5.546570197911933,8.663133368827403,-1174558.500460632,-1392639.217443101,0.0,-444179.0608992771,-459272.7749729833,633717362.8033094,3590274.895457588,8.940080769825727,-1471945.331,7.8174257,2.598944549143071,False
30,PCy3,1.25,300,4.4530532620847225,15.885117047233507,-1181197.4428872638,-1399273.0812285552,0.0,-444179.0608992771,-459272.7749729833,3892468690.0232854,22.32095324514046,11.430260799825191,-1478584.075,7.8042784,8.452015292337874,True
35,SPhos,0.5,150,12.115941647673026,13.080015553859994,-1467634.9886390064,-1685712.545169006,0.0,-444179.4442134271,-459273.4054358833,16397.835250945398,3396.653245732802,11.233033209806308,-1765023.437,7.7468743,2.26435964198704,False
80,PPh3,0.5,150,6.923625333700329,8.598122939001769,-1174567.4448146818,-1392651.825253221,0.0,-444182.9777243271,-459279.3069618933,382074322.1569108,35147655.19564593,8.840080770198256,-1471956.539,7.676003,1.9458001030480598,False
30,PCy3,1.25,600,4.4530532620847225,15.885117047233507,-1181197.4428872638,-1399273.0812285552,0.0,-444179.0608992771,-459272.7749729833,3892468690.0232854,22.32095324514046,11.430260799825191,-1478584.075,7.6482935,8.761344701660033,True
30,PCy3,1.25,900,4.4530532620847225,15.885117047233507,-1181197.4428872638,-1399273.0812285552,0.0,-444179.0608992771,-459272.7749729833,3892468690.0232854,22.32095324514046,11.430260799825191,-1478584.075,7.6482935,9.195039958378088,True
30,PPh3,1.25,900,5.546570197911933,8.663133368827403,-1174558.500460632,-1392639.217443101,0.0,-444179.0608992771,-459272.7749729833,633717362.8033094,3590274.895457588,8.940080769825727,-1471945.331,7.6396465,3.7778982417224185,True
30,PPh3,1.25,600,5.546570197911933,8.663133368827403,-1174558.500460632,-1392639.217443101,0.0,-444179.0608992771,-459272.7749729833,633717362.8033094,3590274.895457588,8.940080769825727,-1471945.331,7.6396465,3.146653789270732,True
30,SPhos,2.5,300,11.902778218034655,13.066860674181953,-1467633.8615928562,-1685711.1166239858,0.0,-444179.0608992771,-459272.7749729833,16581.687839939757,2401.196382335609,11.213033209787682,-1765022.138,7.633125,1.5424967104252623,False
40,AmPhos,0.5,150,7.7504360063467175,5.87376865115948,-1448648.2235122398,-1666727.9666996289,0.0,-444179.8293960271,-459274.0409944233,25446155.673661835,519195526.3150639,10.04475414007902,-1746027.829,7.5936837,2.7644036753349317,True
30,tBu3,1.25,300,6.147649810183793,2.265690451487899,-1035497.4480321554,-1253573.5515742365,0.0,-444179.0608992771,-459272.7749729833,233652309.75449052,146933663595.88953,10.171022860333323,-1332873.912,7.592259,4.359599071447438,True
75,PPh3,0.5,150,6.7019701634999365,8.605237868847325,-1174566.5157583018,-1392650.505673631,0.0,-444182.5777137971,-459278.6312180633,450360658.19940287,28762104.05648479,8.860080769984052,-1471955.368,7.570978,1.9558078655535809,False
35,AmPhos,0.5,150,7.74872154626064,5.87310508126393,-1448646.96733084,-1666726.3670402588,0.0,-444179.4442134271,-459273.4054358833,20515535.01400838,438831160.85585546,10.024754139827564,-1746026.373,7.5113745,2.818341461753551,True
70,PCy3,0.5,900,6.319060322130099,15.71258249715902,-1181205.016602844,-1399283.6503425653,0.0,-444182.1795447971,-459277.9604423933,675840900.3850187,703.5944032201774,11.510260799899696,-1478593.323,7.474585,3.6718082005502937,True
70,PCy3,0.5,600,6.319060322130099,15.71258249715902,-1181205.016602844,-1399283.6503425653,0.0,-444182.1795447971,-459277.9604423933,675840900.3850187,703.5944032201774,11.510260799899696,-1478593.323,7.474585,3.262994056520756,True
40,AmPhos,0.5,60,7.7504360063467175,5.87376865115948,-1448648.2235122398,-1666727.9666996289,0.0,-444179.8293960271,-459274.0409944233,25446155.673661835,519195526.3150639,10.04475414007902,-1746027.829,7.3560214,2.8727279109217863,True
30,tBu3,1.25,600,6.147649810183793,2.265690451487899,-1035497.4480321554,-1253573.5515742365,0.0,-444179.0608992771,-459272.7749729833,233652309.75449052,146933663595.88953,10.171022860333323,-1332873.912,7.345067,4.429452829217339,True
30,tBu3,1.25,900,6.147649810183793,2.265690451487899,-1035497.4480321554,-1253573.5515742365,0.0,-444179.0608992771,-459272.7749729833,233652309.75449052,146933663595.88953,10.171022860333323,-1332873.912,7.345067,4.841029398453854,True
30,AmPhos,1.25,150,7.747103866189718,5.87242125114426,-1448645.7249341998,-1666724.7866256689,0.0,-444179.0608992771,-459272.7749729833,16424962.890415384,368965415.2199011,10.014754140051082,-1746024.933,7.2995043,2.736011780822385,True
35,AmPhos,0.5,60,7.74872154626064,5.87310508126393,-1448646.96733084,-1666726.3670402588,0.0,-444179.4442134271,-459273.4054358833,20515535.01400838,438831160.85585546,10.024754139827564,-1746026.373,7.273712,2.926577117780702,True
60,PCy3,0.5,900,5.852982591837645,15.756477617193013,-1181203.068667194,-1399280.9215138752,0.0,-444181.3887453471,-459276.6338575833,1004486610.0706717,320.11672982123156,11.49026079988107,-1478590.935,7.1847587,4.25585152558518,True
60,PCy3,0.5,600,5.852982591837645,15.756477617193013,-1181203.068667194,-1399280.9215138752,0.0,-444181.3887453471,-459276.6338575833,1004486610.0706717,320.11672982123156,11.49026079988107,-1478590.935,7.1847587,3.8233800295784164,True
30,SPhos,5.0,600,11.902778218034655,13.066860674181953,-1467633.8615928562,-1685711.1166239858,0.0,-444179.0608992771,-459272.7749729833,16581.687839939757,2401.196382335609,11.213033209787682,-1765022.138,7.0685735,3.821173387240383,True
30,SPhos,5.0,900,11.902778218034655,13.066860674181953,-1467633.8615928562,-1685711.1166239858,0.0,-444179.0608992771,-459272.7749729833,16581.687839939757,2401.196382335609,11.213033209787682,-1765022.138,7.0685735,4.047880455471,True
70,PCy3,0.5,300,6.319060322130099,15.71258249715902,-1181205.016602844,-1399283.6503425653,0.0,-444182.1795447971,-459277.9604423933,675840900.3850187,703.5944032201774,11.510260799899696,-1478593.323,7.0628133,3.112205195563093,True
30,AmPhos,1.25,60,7.747103866189718,5.87242125114426,-1448645.7249341998,-1666724.7866256689,0.0,-444179.0608992771,-459272.7749729833,16424962.890415384,368965415.2199011,10.014754140051082,-1746024.933,7.0164714,2.8377349066558866,True
60,PCy3,0.5,300,5.852982591837645,15.756477617193013,-1181203.068667194,-1399280.9215138752,0.0,-444181.3887453471,-459276.6338575833,1004486610.0706717,320.11672982123156,11.49026079988107,-1478590.935,6.950931,3.581178656491064,True
30,PCy3,1.25,60,4.4530532620847225,15.885117047233507,-1181197.4428872638,-1399273.0812285552,0.0,-444179.0608992771,-459272.7749729833,3892468690.0232854,22.32095324514046,11.430260799825191,-1478584.075,6.799208,8.346523455612115,True
30,tBu3,1.25,60,6.147649810183793,2.265690451487899,-1035497.4480321554,-1253573.5515742365,0.0,-444179.0608992771,-459272.7749729833,233652309.75449052,146933663595.88953,10.171022860333323,-1332873.912,6.5933456,4.489676942913,True
30,PPh3,1.25,60,5.546570197911933,8.663133368827403,-1174558.500460632,-1392639.217443101,0.0,-444179.0608992771,-459272.7749729833,633717362.8033094,3590274.895457588,8.940080769825727,-1471945.331,6.385546,2.4349883621761355,False
30,SPhos,5.0,300,11.902778218034655,13.066860674181953,-1467633.8615928562,-1685711.1166239858,0.0,-444179.0608992771,-459272.7749729833,16581.687839939757,2401.196382335609,11.213033209787682,-1765022.138,6.252421,3.7825097183104064,True
45,PCy3,0.5,600,5.153346881968901,15.821401657303795,-1181200.214892354,-1399276.9363482052,0.0,-444180.2164438071,-459274.68163209327,1912087618.2914307,89.821001633762,11.460260800085962,-1478587.449,6.0650363,5.578192669774996,True
45,PCy3,0.5,900,5.153346881968901,15.821401657303795,-1181200.214892354,-1399276.9363482052,0.0,-444180.2164438071,-459274.68163209327,1912087618.2914307,89.821001633762,11.460260800085962,-1478587.449,6.0650363,5.991679866587814,True
45,PCy3,0.5,300,5.153346881968901,15.821401657303795,-1181200.214892354,-1399276.9363482052,0.0,-444180.2164438071,-459274.68163209327,1912087618.2914307,89.821001633762,11.460260800085962,-1478587.449,5.9112687,5.308280081171021,True
30,tBu3,1.25,150,6.147649810183793,2.265690451487899,-1035497.4480321554,-1253573.5515742365,0.0,-444179.0608992771,-459272.7749729833,233652309.75449052,146933663595.88953,10.171022860333323,-1332873.912,5.556492,4.416562343924133,True
50,PCy3,0.5,600,5.386629912303761,15.799888427136466,-1181201.1570659538,-1399278.250306785,0.0,-444180.6053534971,-459275.3273325533,1532091224.1574798,138.94977900613742,11.470260799862444,-1478588.598,5.513549,4.782394881357738,True
50,PCy3,0.5,900,5.386629912303761,15.799888427136466,-1181201.1570659538,-1399278.250306785,0.0,-444180.6053534971,-459275.3273325533,1532091224.1574798,138.94977900613742,11.470260799862444,-1478588.598,5.513549,5.246171621480919,True
70,tBu3,0.5,600,6.179822250269353,2.315115221310407,-1035504.4619395554,-1253583.4098521166,0.0,-444182.1795447971,-459277.9604423933,828938009.0305806,239809655560.4083,10.211022860137746,-1332882.704,5.508779,5.43635598670615,True
70,tBu3,0.5,900,6.179822250269353,2.315115221310407,-1035504.4619395554,-1253583.4098521166,0.0,-444182.1795447971,-459277.9604423933,828938009.0305806,239809655560.4083,10.211022860137746,-1332882.704,5.508779,5.9366617924405265,True
55,PCy3,0.5,900,5.619841332081705,15.778245627414435,-1181202.108324434,-1399279.578700225,0.0,-444180.9961217871,-459275.9780797033,1236356841.4585252,212.20339271961348,11.49026079988107,-1478589.761,5.464775,4.691863202403577,True
55,PCy3,0.5,600,5.619841332081705,15.778245627414435,-1181202.108324434,-1399279.578700225,0.0,-444180.9961217871,-459275.9780797033,1236356841.4585252,212.20339271961348,11.49026079988107,-1478589.761,5.464775,4.217866858979848,True
30,PPh3,1.25,150,5.546570197911933,8.663133368827403,-1174558.500460632,-1392639.217443101,0.0,-444179.0608992771,-459272.7749729833,633717362.8033094,3590274.895457588,8.940080769825727,-1471945.331,5.3868093,2.43601314012606,False
50,PCy3,0.5,300,5.386629912303761,15.799888427136466,-1181201.1570659538,-1399278.250306785,0.0,-444180.6053534971,-459275.3273325533,1532091224.1574798,138.94977900613742,11.470260799862444,-1478588.598,5.3597813,4.575169541251484,True
30,PCy3,1.25,150,4.4530532620847225,15.885117047233507,-1181197.4428872638,-1399273.0812285552,0.0,-444179.0608992771,-459272.7749729833,3892468690.0232854,22.32095324514046,11.430260799825191,-1478584.075,5.350931,8.361223903077436,True
30,SPhos,2.5,60,11.902778218034655,13.066860674181953,-1467633.8615928562,-1685711.1166239858,0.0,-444179.0608992771,-459272.7749729833,16581.687839939757,2401.196382335609,11.213033209787682,-1765022.138,5.3363876,1.4662502446100816,False
55,PCy3,0.5,300,5.619841332081705,15.778245627414435,-1181202.108324434,-1399279.578700225,0.0,-444180.9961217871,-459275.9780797033,1236356841.4585252,212.20339271961348,11.49026079988107,-1478589.761,5.322627,3.989967685908276,True
70,PCy3,0.5,60,6.319060322130099,15.71258249715902,-1181205.016602844,-1399283.6503425653,0.0,-444182.1795447971,-459277.9604423933,675840900.3850187,703.5944032201774,11.510260799899696,-1478593.323,5.319828,3.1564905700313495,True
70,PPh3,0.5,900,6.480207113549113,8.61222734907642,-1174565.5943675318,-1392649.199093221,0.0,-444182.1795447971,-459277.9604423933,533597417.7956562,23408748.13137755,8.870080770226195,-1471954.208,5.2508616,3.7691094733174744,True
70,PPh3,0.5,600,6.480207113549113,8.61222734907642,-1174565.5943675318,-1392649.199093221,0.0,-444182.1795447971,-459277.9604423933,533597417.7956562,23408748.13137755,8.870080770226195,-1471954.208,5.2508616,2.9003071432483973,True
70,tBu3,0.5,300,6.179822250269353,2.315115221310407,-1035504.4619395554,-1253583.4098521166,0.0,-444182.1795447971,-459277.9604423933,828938009.0305806,239809655560.4083,10.211022860137746,-1332882.704,5.2054214,5.256653824805799,True
60,tBu3,0.5,300,6.171404530410655,2.302256571361795,-1035502.6585613552,-1253580.8633121066,0.0,-444181.3887453471,-459276.6338575833,620956520.0066035,214387766911.03442,10.191022859886289,-1332880.435,5.1981926,5.347802209762163,True
60,PCy3,0.5,60,5.852982591837645,15.756477617193013,-1181203.068667194,-1399280.9215138752,0.0,-444181.3887453471,-459276.6338575833,1004486610.0706717,320.11672982123156,11.49026079988107,-1478590.935,5.1280556,3.61228490451922,True
60,tBu3,0.5,600,6.171404530410655,2.302256571361795,-1035502.6585613552,-1253580.8633121066,0.0,-444181.3887453471,-459276.6338575833,620956520.0066035,214387766911.03442,10.191022859886289,-1332880.435,5.1240764,5.496451351915214,True
60,tBu3,0.5,900,6.171404530410655,2.302256571361795,-1035502.6585613552,-1253580.8633121066,0.0,-444181.3887453471,-459276.6338575833,620956520.0066035,214387766911.03442,10.191022859886289,-1332880.435,5.1240764,5.968327132069118,True
40,PCy3,0.5,900,4.919990771915764,15.842780746985227,-1181199.281804224,-1399275.6368391253,0.0,-444179.8293960271,-459274.0409944233,2404161775.521523,57.28616532257743,11.450260799843818,-1478586.312,5.061507,6.7011554719231885,True
40,PCy3,0.5,600,4.919990771915764,15.842780746985227,-1181199.281804224,-1399275.6368391253,0.0,-444179.8293960271,-459274.0409944233,2404161775.521523,57.28616532257743,11.450260799843818,-1478586.312,5.061507,6.2338218069409495,True
70,PPh3,0.5,300,6.480207113549113,8.61222734907642,-1174565.5943675318,-1392649.199093221,0.0,-444182.1795447971,-459277.9604423933,533597417.7956562,23408748.13137755,8.870080770226195,-1471954.208,5.026727,2.1663427048270156,False
60,PPh3,0.5,300,6.036349423462525,8.62581462902017,-1174563.774626812,-1392646.625033041,0.0,-444181.3887453471,-459276.6338575833,761476604.9771326,15239905.796493253,8.870080770226195,-1471951.922,4.95415,2.4177237938565534,False
60,PPh3,0.5,900,6.036349423462525,8.62581462902017,-1174563.774626812,-1392646.625033041,0.0,-444181.3887453471,-459276.6338575833,761476604.9771326,15239905.796493253,8.870080770226195,-1471951.922,4.9494467,3.914109542534438,True
60,PPh3,0.5,600,6.036349423462525,8.62581462902017,-1174563.774626812,-1392646.625033041,0.0,-444181.3887453471,-459276.6338575833,761476604.9771326,15239905.796493253,8.870080770226195,-1471951.922,4.9494467,3.1316399563265875,True
40,PCy3,0.5,300,4.919990771915764,15.842780746985227,-1181199.281804224,-1399275.6368391253,0.0,-444179.8293960271,-459274.0409944233,2404161775.521523,57.28616532257743,11.450260799843818,-1478586.312,4.915345,5.973327126678046,True
65,PCy3,0.5,600,6.086055132094771,15.734588577179238,-1181204.038093594,-1399282.2787329652,0.0,-444181.7832208271,-459277.2946503733,821396234.204737,477.2639619023922,11.500260800123216,-1478592.123,4.8873734,3.5113110507882594,True
65,PCy3,0.5,900,6.086055132094771,15.734588577179238,-1181204.038093594,-1399282.2787329652,0.0,-444181.7832208271,-459277.2946503733,821396234.204737,477.2639619023922,11.500260800123216,-1478592.123,4.8873734,3.9260799127624315,True
30,SPhos,1.25,600,11.902778218034655,13.066860674181953,-1467633.8615928562,-1685711.1166239858,0.0,-444179.0608992771,-459272.7749729833,16581.687839939757,2401.196382335609,11.213033209787682,-1765022.138,4.6557417,1.691579732020223,False
30,SPhos,1.25,900,11.902778218034655,13.066860674181953,-1467633.8615928562,-1685711.1166239858,0.0,-444179.0608992771,-459272.7749729833,16581.687839939757,2401.196382335609,11.213033209787682,-1765022.138,4.6557417,2.1632418196795205,False
65,PCy3,0.5,300,6.086055132094771,15.734588577179238,-1181204.038093594,-1399282.2787329652,0.0,-444181.7832208271,-459277.2946503733,821396234.204737,477.2639619023922,11.500260800123216,-1478592.123,4.6535463,3.302412259314285,True
45,PCy3,0.5,60,5.153346881968901,15.821401657303795,-1181200.214892354,-1399276.9363482052,0.0,-444180.2164438071,-459274.68163209327,1912087618.2914307,89.821001633762,11.460260800085962,-1478587.449,4.621058,5.323135723806809,True
50,tBu3,0.5,300,6.16323757043574,2.2897344515658915,-1035500.8883155952,-1253578.3712087064,0.0,-444180.6053534971,-459275.3273325533,457161172.77260697,190413260782.13626,10.201022860128433,-1332878.214,4.5771003,4.963058034827135,True
55,tBu3,0.5,300,6.167289770208299,2.295953571330756,-1035501.7692845054,-1253579.6104363366,0.0,-444180.9961217871,-459275.9780797033,534009367.5307043,202217382164.11255,10.201022859895602,-1332879.319,4.5771003,5.199558598250681,True
70,PCy3,0.5,150,6.319060322130099,15.71258249715902,-1181205.016602844,-1399283.6503425653,0.0,-444182.1795447971,-459277.9604423933,675840900.3850187,703.5944032201774,11.510260799899696,-1478593.323,4.510067,3.099820930053803,True
55,PPh3,0.5,300,5.814250693656504,8.632404329022393,-1174562.876297962,-1392645.357603761,0.0,-444180.9961217871,-459275.9780797033,917633426.8703434,12184514.826142734,8.890080770011991,-1471950.795,4.413597,2.6819768524235124,False
55,tBu3,0.5,600,6.167289770208299,2.295953571330756,-1035501.7692845054,-1253579.6104363366,0.0,-444180.9961217871,-459275.9780797033,534009367.5307043,202217382164.11255,10.201022859895602,-1332879.319,4.411304,5.36468851938765,True
50,tBu3,0.5,600,6.16323757043574,2.2897344515658915,-1035500.8883155952,-1253578.3712087064,0.0,-444180.6053534971,-459275.3273325533,457161172.77260697,190413260782.13626,10.201022860128433,-1332878.214,4.411304,5.119259870652929,True
55,tBu3,0.5,900,6.167289770208299,2.295953571330756,-1035501.7692845054,-1253579.6104363366,0.0,-444180.9961217871,-459275.9780797033,534009367.5307043,202217382164.11255,10.201022859895602,-1332879.319,4.411304,5.827374035814596,True
50,tBu3,0.5,900,6.16323757043574,2.2897344515658915,-1035500.8883155952,-1253578.3712087064,0.0,-444180.6053534971,-459275.3273325533,457161172.77260697,190413260782.13626,10.201022860128433,-1332878.214,4.411304,5.607317435527006,True
50,PPh3,0.5,300,5.592035913607106,8.638852349016815,-1174561.985676912,-1392644.103274711,0.0,-444180.6053534971,-459275.3273325533,1112678584.0380094,9678884.787019413,8.89008076977916,-1471949.68,4.3773026,3.076721592489707,True
55,PPh3,0.5,900,5.814250693656504,8.632404329022393,-1174562.876297962,-1392645.357603761,0.0,-444180.9961217871,-459275.9780797033,917633426.8703434,12184514.826142734,8.890080770011991,-1471950.795,4.3172135,4.075469936397317,True
55,PPh3,0.5,600,5.814250693656504,8.632404329022393,-1174562.876297962,-1392645.357603761,0.0,-444180.9961217871,-459275.9780797033,917633426.8703434,12184514.826142734,8.890080770011991,-1471950.795,4.3172135,3.351554673959194,True
50,PPh3,0.5,900,5.592035913607106,8.638852349016815,-1174561.985676912,-1392644.103274711,0.0,-444180.6053534971,-459275.3273325533,1112678584.0380094,9678884.787019413,8.89008076977916,-1471949.68,4.280919,4.336877948414158,True
50,PPh3,0.5,600,5.592035913607106,8.638852349016815,-1174561.985676912,-1392644.103274711,0.0,-444180.6053534971,-459275.3273325533,1112678584.0380094,9678884.787019413,8.89008076977916,-1471949.68,4.280919,3.6671497673895006,True
45,tBu3,0.5,300,6.15924774040468,2.283598941517994,-1035500.0156799252,-1253577.1456686163,0.0,-444180.2164438071,-459274.68163209327,389521622.2397609,178979395272.5775,10.19102286011912,-1332877.121,4.248784,4.750114848748314,True
45,PPh3,0.5,300,5.528604427585378,8.645154149038717,-1174561.102773392,-1392642.862070221,0.0,-444180.2164438071,-459274.68163209327,1056172440.5549848,7636701.529295807,8.910080770263448,-1471948.576,4.236606,3.007001871128402,True
60,PCy3,0.5,150,5.852982591837645,15.756477617193013,-1181203.068667194,-1399280.9215138752,0.0,-444181.3887453471,-459276.6338575833,1004486610.0706717,320.11672982123156,11.49026079988107,-1478590.935,4.2266884,3.565227816356285,True
35,PCy3,0.5,600,4.686560082016513,15.864020887063816,-1181198.357802244,-1399274.3517942752,0.0,-444179.4442134271,-459273.4054358833,3046579497.204595,36.02416633009954,11.440260799834505,-1478585.187,4.1777177,7.20672812514718,True
35,PCy3,0.5,900,4.686560082016513,15.864020887063816,-1181198.357802244,-1399274.3517942752,0.0,-444179.4442134271,-459273.4054358833,3046579497.204595,36.02416633009954,11.440260799834505,-1478585.187,4.1777177,7.670935166815157,True
45,PPh3,0.5,900,5.528604427585378,8.645154149038717,-1174561.102773392,-1392642.862070221,0.0,-444180.2164438071,-459274.68163209327,1056172440.5549848,7636701.529295807,8.910080770263448,-1471948.576,4.140222,4.277742292147856,True
45,PPh3,0.5,600,5.528604427585378,8.645154149038717,-1174561.102773392,-1392642.862070221,0.0,-444180.2164438071,-459274.68163209327,1056172440.5549848,7636701.529295807,8.910080770263448,-1471948.576,4.140222,3.6139080210061736,True
40,PPh3,0.5,300,5.53451706818305,8.651304949074984,-1174560.227596782,-1392641.634014321,0.0,-444179.8293960271,-459274.0409944233,895553382.6856965,5982932.32201439,8.92008076957427,-1471947.483,4.117975,2.7796215903254238,True
45,tBu3,0.5,900,6.15924774040468,2.283598941517994,-1035500.0156799252,-1253577.1456686163,0.0,-444180.2164438071,-459274.68163209327,389521622.2397609,178979395272.5775,10.19102286011912,-1332877.121,4.0829883,5.404862887585164,True
45,tBu3,0.5,600,6.15924774040468,2.283598941517994,-1035500.0156799252,-1253577.1456686163,0.0,-444180.2164438071,-459274.68163209327,389521622.2397609,178979395272.5775,10.19102286011912,-1332877.121,4.0829883,4.897062933861546,True
35,PCy3,0.5,300,4.686560082016513,15.864020887063816,-1181198.357802244,-1399274.3517942752,0.0,-444179.4442134271,-459273.4054358833,3046579497.204595,36.02416633009954,11.440260799834505,-1478585.187,4.031556,6.923368413629049,True
40,PPh3,0.5,900,5.53451706818305,8.651304949074984,-1174560.227596782,-1392641.634014321,0.0,-444179.8293960271,-459274.0409944233,895553382.6856965,5982932.32201439,8.92008076957427,-1471947.483,4.021591,4.111139688521321,True
40,PPh3,0.5,600,5.53451706818305,8.651304949074984,-1174560.227596782,-1392641.634014321,0.0,-444179.8293960271,-459274.0409944233,895553382.6856965,5982932.32201439,8.92008076957427,-1471947.483,4.021591,3.4298621416412147,True
60,tBu3,0.5,60,6.171404530410655,2.302256571361795,-1035502.6585613552,-1253580.8633121066,0.0,-444181.3887453471,-459276.6338575833,620956520.0066035,214387766911.03442,10.191022859886289,-1332880.435,4.0133147,5.471280840229712,True
30,SPhos,1.25,300,11.902778218034655,13.066860674181953,-1467633.8615928562,-1685711.1166239858,0.0,-444179.0608992771,-459272.7749729833,16581.687839939757,2401.196382335609,11.213033209787682,-1765022.138,3.991055,1.9526049012332778,False
50,PCy3,0.5,60,5.386629912303761,15.799888427136466,-1181201.1570659538,-1399278.250306785,0.0,-444180.6053534971,-459275.3273325533,1532091224.1574798,138.94977900613742,11.470260799862444,-1478588.598,3.9441803,4.595453032664944,True
30,SPhos,2.5,150,11.902778218034655,13.066860674181953,-1467633.8615928562,-1685711.1166239858,0.0,-444179.0608992771,-459272.7749729833,16581.687839939757,2401.196382335609,11.213033209787682,-1765022.138,3.9150612,1.4670369708552708,False
55,PCy3,0.5,60,5.619841332081705,15.778245627414435,-1181202.108324434,-1399279.578700225,0.0,-444180.9961217871,-459275.9780797033,1236356841.4585252,212.20339271961348,11.49026079988107,-1478589.761,3.9070256,4.0151484012055905,True
55,tBu3,0.5,60,6.167289770208299,2.295953571330756,-1035501.7692845054,-1253579.6104363366,0.0,-444180.9961217871,-459275.9780797033,534009367.5307043,202217382164.11255,10.201022859895602,-1332879.319,3.7994916,5.310414824884129,True
50,tBu3,0.5,60,6.16323757043574,2.2897344515658915,-1035500.8883155952,-1253578.3712087064,0.0,-444180.6053534971,-459275.3273325533,457161172.77260697,190413260782.13626,10.201022860128433,-1332878.214,3.7994916,5.08913816489521,True
35,PPh3,0.5,300,5.540505847893655,8.657299769110978,-1174559.3601562318,-1392640.419130761,0.0,-444179.4442134271,-459273.4054358833,755408202.733524,4652709.00782714,8.930080770049244,-1471946.401,3.79735,2.6330147039169867,False
40,PCy3,0.5,60,4.919990771915764,15.842780746985227,-1181199.281804224,-1399275.6368391253,0.0,-444179.8293960271,-459274.0409944233,2404161775.521523,57.28616532257743,11.450260799843818,-1478586.312,3.7900643,5.9756451934494565,True
40,tBu3,0.5,300,6.155320030171424,2.277546701254323,-1035499.1514032354,-1253575.9338558966,0.0,-444179.8293960271,-459274.0409944233,330246970.6527969,167919419980.16046,10.19102286011912,-1332876.039,3.7259097,4.557914166059184,True
35,PPh3,0.5,600,5.540505847893655,8.657299769110978,-1174559.3601562318,-1392640.419130761,0.0,-444179.4442134271,-459273.4054358833,755408202.733524,4652709.00782714,8.930080770049244,-1471946.401,3.7009656,3.3044165334272835,True
35,PPh3,0.5,900,5.540505847893655,8.657299769110978,-1174559.3601562318,-1392640.419130761,0.0,-444179.4442134271,-459273.4054358833,755408202.733524,4652709.00782714,8.930080770049244,-1471946.401,3.7009656,4.01017525893886,True
45,PCy3,0.5,150,5.153346881968901,15.821401657303795,-1181200.214892354,-1399276.9363482052,0.0,-444180.2164438071,-459274.68163209327,1912087618.2914307,89.821001633762,11.460260800085962,-1478587.449,3.621211,5.292825510659748,True
45,tBu3,0.5,60,6.15924774040468,2.283598941517994,-1035500.0156799252,-1253577.1456686163,0.0,-444180.2164438071,-459274.68163209327,389521622.2397609,178979395272.5775,10.19102286011912,-1332877.121,3.5696557,4.884597272009158,True
40,tBu3,0.5,600,6.155320030171424,2.277546701254323,-1035499.1514032354,-1253575.9338558966,0.0,-444179.8293960271,-459274.0409944233,330246970.6527969,167919419980.16046,10.19102286011912,-1332876.039,3.560114,4.690682187809006,True
40,tBu3,0.5,900,6.155320030171424,2.277546701254323,-1035499.1514032354,-1253575.9338558966,0.0,-444179.8293960271,-459274.0409944233,330246970.6527969,167919419980.16046,10.19102286011912,-1332876.039,3.560114,5.234063065884277,True
60,PPh3,0.5,60,6.036349423462525,8.62581462902017,-1174563.774626812,-1392646.625033041,0.0,-444181.3887453471,-459276.6338575833,761476604.9771326,15239905.796493253,8.870080770226195,-1471951.922,3.5541244,2.2610886315969987,False
35,tBu3,0.5,300,6.151454170234501,2.2715773314703256,-1035498.2955117354,-1253574.7358108363,0.0,-444179.4442134271,-459273.4054358833,278540413.7586242,157236576653.66492,10.181022860109806,-1332874.97,3.5165443,4.397897374523502,True
55,PPh3,0.5,60,5.814250693656504,8.632404329022393,-1174562.876297962,-1392645.357603761,0.0,-444180.9961217871,-459275.9780797033,917633426.8703434,12184514.826142734,8.890080770011991,-1471950.795,3.498765,2.5346957135969572,False
45,PPh3,0.5,60,5.528604427585378,8.645154149038717,-1174561.102773392,-1392642.862070221,0.0,-444180.2164438071,-459274.68163209327,1056172440.5549848,7636701.529295807,8.910080770263448,-1471948.576,3.4794748,2.8698306726023963,True
50,PPh3,0.5,60,5.592035913607106,8.638852349016815,-1174561.985676912,-1392644.103274711,0.0,-444180.6053534971,-459275.3273325533,1112678584.0380094,9678884.787019413,8.89008076977916,-1471949.68,3.4624705,2.949475610861269,True
65,tBu3,0.5,300,6.175581990275532,2.308643721509725,-1035503.5561212254,-1253582.1297969464,0.0,-444181.7832208271,-459277.2946503733,718938914.6743594,226920072320.44778,10.211022859904917,-1332881.564,3.445328,5.371227012255163,True
70,tBu3,0.5,60,6.179822250269353,2.315115221310407,-1035504.4619395554,-1253583.4098521166,0.0,-444182.1795447971,-459277.9604423933,828938009.0305806,239809655560.4083,10.211022860137746,-1332882.704,3.3812566,5.353326800854316,True
65,tBu3,0.5,900,6.175581990275532,2.308643721509725,-1035503.5561212254,-1253582.1297969464,0.0,-444181.7832208271,-459277.2946503733,718938914.6743594,226920072320.44778,10.211022859904917,-1332881.564,3.3712122,6.016169205751515,True
65,tBu3,0.5,600,6.175581990275532,2.308643721509725,-1035503.5561212254,-1253582.1297969464,0.0,-444181.7832208271,-459277.2946503733,718938914.6743594,226920072320.44778,10.211022859904917,-1332881.564,3.3712122,5.531775988511287,True
35,tBu3,0.5,600,6.151454170234501,2.2715773314703256,-1035498.2955117354,-1253574.7358108363,0.0,-444179.4442134271,-459273.4054358833,278540413.7586242,157236576653.66492,10.181022860109806,-1332874.97,3.3507485,4.495100857983479,True
35,tBu3,0.5,900,6.151454170234501,2.2715773314703256,-1035498.2955117354,-1253574.7358108363,0.0,-444179.4442134271,-459273.4054358833,278540413.7586242,157236576653.66492,10.181022860109806,-1332874.97,3.3507485,5.094531701295999,True
40,PPh3,0.5,60,5.53451706818305,8.651304949074984,-1174560.227596782,-1392641.634014321,0.0,-444179.8293960271,-459274.0409944233,895553382.6856965,5982932.32201439,8.92008076957427,-1471947.483,3.2548306,2.601870398010953,False
65,PPh3,0.5,300,6.258334213634953,8.619087598985061,-1174564.680653462,-1392647.905537871,0.0,-444181.7832208271,-459277.2946503733,635637755.097788,18943828.98664844,8.880080770235509,-1471953.059,3.2466028,2.2544181812536634,False
65,PPh3,0.5,600,6.258334213634953,8.619087598985061,-1174564.680653462,-1392647.905537871,0.0,-444181.7832208271,-459277.2946503733,635637755.097788,18943828.98664844,8.880080770235509,-1471953.059,3.2418995,2.989373417990836,True
65,PPh3,0.5,900,6.258334213634953,8.619087598985061,-1174564.680653462,-1392647.905537871,0.0,-444181.7832208271,-459277.2946503733,635637755.097788,18943828.98664844,8.880080770235509,-1471953.059,3.2418995,3.8165638101829495,True
30,SPhos,5.0,150,11.902778218034655,13.066860674181953,-1467633.8615928562,-1685711.1166239858,0.0,-444179.0608992771,-459272.7749729833,16581.687839939757,2401.196382335609,11.213033209787682,-1765022.138,3.1270487,3.805655586253972,True
60,tBu3,0.5,150,6.171404530410655,2.302256571361795,-1035502.6585613552,-1253580.8633121066,0.0,-444181.3887453471,-459276.6338575833,620956520.0066035,214387766911.03442,10.191022859886289,-1332880.435,3.1245239,5.4019469853913025,True
35,PPh3,0.5,60,5.540505847893655,8.657299769110978,-1174559.3601562318,-1392640.419130761,0.0,-444179.4442134271,-459273.4054358833,755408202.733524,4652709.00782714,8.930080770049244,-1471946.401,3.099909,2.4039216811989994,False
40,tBu3,0.5,60,6.155320030171424,2.277546701254323,-1035499.1514032354,-1253575.9338558966,0.0,-444179.8293960271,-459274.0409944233,330246970.6527969,167919419980.16046,10.19102286011912,-1332876.039,3.0816846,4.705036880569106,True
50,PCy3,0.5,150,5.386629912303761,15.799888427136466,-1181201.1570659538,-1399278.250306785,0.0,-444180.6053534971,-459275.3273325533,1532091224.1574798,138.94977900613742,11.470260799862444,-1478588.598,3.0428157,4.559364298028492,True
35,tBu3,0.5,60,6.151454170234501,2.2715773314703256,-1035498.2955117354,-1253574.7358108363,0.0,-444179.4442134271,-459273.4054358833,278540413.7586242,157236576653.66492,10.181022860109806,-1332874.97,3.0111728,4.550917912151246,True
55,PCy3,0.5,150,5.619841332081705,15.778245627414435,-1181202.108324434,-1399279.578700225,0.0,-444180.9961217871,-459275.9780797033,1236356841.4585252,212.20339271961348,11.49026079988107,-1478589.761,3.005662,3.9734884808636957,True
35,PCy3,0.5,60,4.686560082016513,15.864020887063816,-1181198.357802244,-1399274.3517942752,0.0,-444179.4442134271,-459273.4054358833,3046579497.204595,36.02416633009954,11.440260799834505,-1478585.187,2.917387,6.900790080436087,True
50,tBu3,0.5,150,6.16323757043574,2.2897344515658915,-1035500.8883155952,-1253578.3712087064,0.0,-444180.6053534971,-459275.3273325533,457161172.77260697,190413260782.13626,10.201022860128433,-1332878.214,2.9107018,5.0189314724192275,True
55,tBu3,0.5,150,6.167289770208299,2.295953571330756,-1035501.7692845054,-1253579.6104363366,0.0,-444180.9961217871,-459275.9780797033,534009367.5307043,202217382164.11255,10.201022859895602,-1332879.319,2.9107018,5.245840494514253,True
65,PCy3,0.5,60,6.086055132094771,15.734588577179238,-1181204.038093594,-1399282.2787329652,0.0,-444181.7832208271,-459277.2946503733,821396234.204737,477.2639619023922,11.500260800123216,-1478592.123,2.861187,3.340120961491536,True
60,PPh3,0.5,150,6.036349423462525,8.62581462902017,-1174563.774626812,-1392646.625033041,0.0,-444181.3887453471,-459276.6338575833,761476604.9771326,15239905.796493253,8.870080770226195,-1471951.922,2.7746036,2.249769697790577,False
40,PCy3,0.5,150,4.919990771915764,15.842780746985227,-1181199.281804224,-1399275.6368391253,0.0,-444179.8293960271,-459274.0409944233,2404161775.521523,57.28616532257743,11.450260799843818,-1478586.312,2.7655184,5.951982849760602,True
55,PPh3,0.5,150,5.814250693656504,8.632404329022393,-1174562.876297962,-1392645.357603761,0.0,-444180.9961217871,-459275.9780797033,917633426.8703434,12184514.826142734,8.890080770011991,-1471950.795,2.7192433,2.5282466621454693,False
50,PPh3,0.5,150,5.592035913607106,8.638852349016815,-1174561.985676912,-1392644.103274711,0.0,-444180.6053534971,-459275.3273325533,1112678584.0380094,9678884.787019413,8.89008076977916,-1471949.68,2.6829488,2.9459195835844016,True
45,PPh3,0.5,150,5.528604427585378,8.645154149038717,-1174561.102773392,-1392642.862070221,0.0,-444180.2164438071,-459274.68163209327,1056172440.5549848,7636701.529295807,8.910080770263448,-1471948.576,2.6014729,2.867678547878739,True
70,tBu3,0.5,150,6.179822250269353,2.315115221310407,-1035504.4619395554,-1253583.4098521166,0.0,-444182.1795447971,-459277.9604423933,828938009.0305806,239809655560.4083,10.211022860137746,-1332882.704,2.591716,5.292920897447354,True
45,tBu3,0.5,150,6.15924774040468,2.283598941517994,-1035500.0156799252,-1253577.1456686163,0.0,-444180.2164438071,-459274.68163209327,389521622.2397609,178979395272.5775,10.19102286011912,-1332877.121,2.5823855,4.811708319937678,True
30,XPhos,0.5,300,6.959117609541863,10.523091319017112,-1545773.373035411,-1763856.482803141,0.0,-444179.0608992771,-459272.7749729833,60753761.84242585,163780.2869910142,10.609905860153958,-1843158.462,2.3963923,2.2086567105543766,False
40,PPh3,0.5,150,5.53451706818305,8.651304949074984,-1174560.227596782,-1392641.634014321,0.0,-444179.8293960271,-459274.0409944233,895553382.6856965,5982932.32201439,8.92008076957427,-1471947.483,2.2131865,2.608590630190383,False
70,PPh3,0.5,60,6.480207113549113,8.61222734907642,-1174565.5943675318,-1392649.199093221,0.0,-444182.1795447971,-459277.9604423933,533597417.7956562,23408748.13137755,8.870080770226195,-1471954.208,2.1649961,2.0094643934391714,False
40,tBu3,0.5,150,6.155320030171424,2.277546701254323,-1035499.1514032354,-1253575.9338558966,0.0,-444179.8293960271,-459274.0409944233,330246970.6527969,167919419980.16046,10.19102286011912,-1332876.039,2.0944154,4.6280569444230535,True
65,PCy3,0.5,150,6.086055132094771,15.734588577179238,-1181204.038093594,-1399282.2787329652,0.0,-444181.7832208271,-459277.2946503733,821396234.204737,477.2639619023922,11.500260800123216,-1478592.123,2.069083,3.288028686665991,True
35,PPh3,0.5,150,5.540505847893655,8.657299769110978,-1174559.3601562318,-1392640.419130761,0.0,-444179.4442134271,-459273.4054358833,755408202.733524,4652709.00782714,8.930080770049244,-1471946.401,2.0582654,2.426611360713718,False
35,tBu3,0.5,150,6.151454170234501,2.2715773314703256,-1035498.2955117354,-1253574.7358108363,0.0,-444179.4442134271,-459273.4054358833,278540413.7586242,157236576653.66492,10.181022860109806,-1332874.97,2.0239036,4.473597978255142,True
30,AmPhos,0.5,300,7.747103866189718,5.87242125114426,-1448645.7249341998,-1666724.7866256689,0.0,-444179.0608992771,-459272.7749729833,16424962.890415384,368965415.2199011,10.014754140051082,-1746024.933,2.0096877,2.765731067891074,True
30,XPhos,0.5,900,6.959117609541863,10.523091319017112,-1545773.373035411,-1763856.482803141,0.0,-444179.0608992771,-459272.7749729833,60753761.84242585,163780.2869910142,10.609905860153958,-1843158.462,1.963153,2.410082952295786,False
30,XPhos,0.5,600,6.959117609541863,10.523091319017112,-1545773.373035411,-1763856.482803141,0.0,-444179.0608992771,-459272.7749729833,60753761.84242585,163780.2869910142,10.609905860153958,-1843158.462,1.963153,1.8486577570147518,False
35,PCy3,0.5,150,4.686560082016513,15.864020887063816,-1181198.357802244,-1399274.3517942752,0.0,-444179.4442134271,-459273.4054358833,3046579497.204595,36.02416633009954,11.440260799834505,-1478585.187,1.9583443,6.8857231257067895,True
30,SPhos,1.25,60,11.902778218034655,13.066860674181953,-1467633.8615928562,-1685711.1166239858,0.0,-444179.0608992771,-459272.7749729833,16581.687839939757,2401.196382335609,11.213033209787682,-1765022.138,1.9493052,1.9595328459279635,False
70,PPh3,0.5,150,6.480207113549113,8.61222734907642,-1174565.5943675318,-1392649.199093221,0.0,-444182.1795447971,-459277.9604423933,533597417.7956562,23408748.13137755,8.870080770226195,-1471954.208,1.8621397,1.994768167524946,False
65,tBu3,0.5,60,6.175581990275532,2.308643721509725,-1035503.5561212254,-1253582.1297969464,0.0,-444181.7832208271,-459277.2946503733,718938914.6743594,226920072320.44778,10.211022859904917,-1332881.564,1.7167947,5.481544894075896,True
30,SPhos,5.0,60,11.902778218034655,13.066860674181953,-1467633.8615928562,-1685711.1166239858,0.0,-444179.0608992771,-459272.7749729833,16581.687839939757,2401.196382335609,11.213033209787682,-1765022.138,1.5295495,3.836357924466676,True
30,AmPhos,0.5,600,7.747103866189718,5.87242125114426,-1448645.7249341998,-1666724.7866256689,0.0,-444179.0608992771,-459272.7749729833,16424962.890415384,368965415.2199011,10.014754140051082,-1746024.933,1.4238878,2.5980856339139606,False
30,AmPhos,0.5,900,7.747103866189718,5.87242125114426,-1448645.7249341998,-1666724.7866256689,0.0,-444179.0608992771,-459272.7749729833,16424962.890415384,368965415.2199011,10.014754140051082,-1746024.933,1.4238878,2.933426488337838,True
30,XPhos,0.5,60,6.959117609541863,10.523091319017112,-1545773.373035411,-1763856.482803141,0.0,-444179.0608992771,-459272.7749729833,60753761.84242585,163780.2869910142,10.609905860153958,-1843158.462,1.0583787,2.5360880331300213,False
65,tBu3,0.5,150,6.175581990275532,2.308643721509725,-1035503.5561212254,-1253582.1297969464,0.0,-444181.7832208271,-459277.2946503733,718938914.6743594,226920072320.44778,10.211022859904917,-1332881.564,0.96226996,5.416815039505526,True
30,XPhos,0.5,150,6.959117609541863,10.523091319017112,-1545773.373035411,-1763856.482803141,0.0,-444179.0608992771,-459272.7749729833,60753761.84242585,163780.2869910142,10.609905860153958,-1843158.462,0.93364865,2.394480351533738,False
65,PPh3,0.5,60,6.258334213634953,8.619087598985061,-1174564.680653462,-1392647.905537871,0.0,-444181.7832208271,-459277.2946503733,635637755.097788,18943828.98664844,8.880080770235509,-1471953.059,0.8220247,2.0968349786007074,False
30,SPhos,1.25,150,11.902778218034655,13.066860674181953,-1467633.8615928562,-1685711.1166239858,0.0,-444179.0608992771,-459272.7749729833,16581.687839939757,2401.196382335609,11.213033209787682,-1765022.138,0.7314246,1.9332496165698347,False
30,PPh3,0.5,300,5.546570197911933,8.663133368827403,-1174558.500460632,-1392639.217443101,0.0,-444179.0608992771,-459272.7749729833,633717362.8033094,3590274.895457588,8.940080769825727,-1471945.331,0.70634747,2.574437591665872,False
30,PPh3,0.5,900,5.546570197911933,8.663133368827403,-1174558.500460632,-1392639.217443101,0.0,-444179.0608992771,-459272.7749729833,633717362.8033094,3590274.895457588,8.940080769825727,-1471945.331,0.60996497,3.9330774541466056,True
30,PPh3,0.5,600,5.546570197911933,8.663133368827403,-1174558.500460632,-1392639.217443101,0.0,-444179.0608992771,-459272.7749729833,633717362.8033094,3590274.895457588,8.940080769825727,-1471945.331,0.60996497,3.2438963320474925,True
30,PCy3,0.5,600,4.4530532620847225,15.885117047233507,-1181197.4428872638,-1399273.0812285552,0.0,-444179.0608992771,-459272.7749729833,3892468690.0232854,22.32095324514046,11.430260799825191,-1478584.075,0.51939046,8.746507746513476,True
30,PCy3,0.5,900,4.4530532620847225,15.885117047233507,-1181197.4428872638,-1399273.0812285552,0.0,-444179.0608992771,-459272.7749729833,3892468690.0232854,22.32095324514046,11.430260799825191,-1478584.075,0.51939046,9.215110855956361,True
65,PPh3,0.5,150,6.258334213634953,8.619087598985061,-1174564.680653462,-1392647.905537871,0.0,-444181.7832208271,-459277.2946503733,635637755.097788,18943828.98664844,8.880080770235509,-1471953.059,0.46942326,2.0819795502506686,False
30,PCy3,0.5,300,4.4530532620847225,15.885117047233507,-1181197.4428872638,-1399273.0812285552,0.0,-444179.0608992771,-459272.7749729833,3892468690.0232854,22.32095324514046,11.430260799825191,-1478584.075,0.42814153,8.37983188732068,True
30,tBu3,0.5,300,6.147649810183793,2.265690451487899,-1035497.4480321554,-1253573.5515742365,0.0,-444179.0608992771,-459272.7749729833,233652309.75449052,146933663595.88953,10.171022860333323,-1332873.912,0.35867876,4.25935747888653,True
30,AmPhos,0.5,150,7.747103866189718,5.87242125114426,-1448645.7249341998,-1666724.7866256689,0.0,-444179.0608992771,-459272.7749729833,16424962.890415384,368965415.2199011,10.014754140051082,-1746024.933,0.3242852,2.8754354833672244,True
30,tBu3,0.5,900,6.147649810183793,2.265690451487899,-1035497.4480321554,-1253573.5515742365,0.0,-444179.0608992771,-459272.7749729833,233652309.75449052,146933663595.88953,10.171022860333323,-1332873.912,0.19288403,4.9716445180089845,True
30,tBu3,0.5,600,6.147649810183793,2.265690451487899,-1035497.4480321554,-1253573.5515742365,0.0,-444179.0608992771,-459272.7749729833,233652309.75449052,146933663595.88953,10.171022860333323,-1332873.912,0.19288403,4.319944665109206,True
30,RuPhos,0.5,60,15.535058305133134,15.847831758670509,-1566233.6661690748,-1784314.3483192113,0.0,-444179.0608992771,-459272.7749729833,39.90931729186957,23.74609227495922,10.311576659791172,-1863624.601,0.18385369,2.3043863165801985,False
30,AmPhos,0.5,60,7.747103866189718,5.87242125114426,-1448645.7249341998,-1666724.7866256689,0.0,-444179.0608992771,-459272.7749729833,16424962.890415384,368965415.2199011,10.014754140051082,-1746024.933,0.11590104,2.9798517750018068,True
30,tBu3,0.5,60,6.147649810183793,2.265690451487899,-1035497.4480321554,-1253573.5515742365,0.0,-444179.0608992771,-459272.7749729833,233652309.75449052,146933663595.88953,10.171022860333323,-1332873.912,-0.01854596,4.406238464705937,True
30,PPh3,0.5,60,5.546570197911933,8.663133368827403,-1174558.500460632,-1392639.217443101,0.0,-444179.0608992771,-459272.7749729833,633717362.8033094,3590274.895457588,8.940080769825727,-1471945.331,-0.17540376,2.2789973725399078,False
30,RuPhos,0.5,150,15.535058305133134,15.847831758670509,-1566233.6661690748,-1784314.3483192113,0.0,-444179.0608992771,-459272.7749729833,39.90931729186957,23.74609227495922,10.311576659791172,-1863624.601,-0.6279928,2.2814761343453167,False
30,PCy3,0.5,60,4.4530532620847225,15.885117047233507,-1181197.4428872638,-1399273.0812285552,0.0,-444179.0608992771,-459272.7749729833,3892468690.0232854,22.32095324514046,11.430260799825191,-1478584.075,-0.63252044,8.18416295139585,True
30,RuPhos,0.5,300,15.535058305133134,15.847831758670509,-1566233.6661690748,-1784314.3483192113,0.0,-444179.0608992771,-459272.7749729833,39.90931729186957,23.74609227495922,10.311576659791172,-1863624.601,-1.0704038,2.3721366339182457,False
30,PPh3,0.5,150,5.546570197911933,8.663133368827403,-1174558.500460632,-1392639.217443101,0.0,-444179.0608992771,-459272.7749729833,633717362.8033094,3590274.895457588,8.940080769825727,-1471945.331,-1.110925,2.348837940557133,False
30,tBu3,0.5,150,6.147649810183793,2.265690451487899,-1035497.4480321554,-1253573.5515742365,0.0,-444179.0608992771,-459272.7749729833,233652309.75449052,146933663595.88953,10.171022860333323,-1332873.912,-1.1339641,4.329555618350874,True
30,RuPhos,0.5,900,15.535058305133134,15.847831758670509,-1566233.6661690748,-1784314.3483192113,0.0,-444179.0608992771,-459272.7749729833,39.90931729186957,23.74609227495922,10.311576659791172,-1863624.601,-1.2331812,2.877967338135215,True
30,RuPhos,0.5,600,15.535058305133134,15.847831758670509,-1566233.6661690748,-1784314.3483192113,0.0,-444179.0608992771,-459272.7749729833,39.90931729186957,23.74609227495922,10.311576659791172,-1863624.601,-1.2331812,2.4456621397806257,False
30,PCy3,0.5,150,4.4530532620847225,15.885117047233507,-1181197.4428872638,-1399273.0812285552,0.0,-444179.0608992771,-459272.7749729833,3892468690.0232854,22.32095324514046,11.430260799825191,-1478584.075,-1.6000174,8.248288939584988,True
30,SPhos,0.5,600,11.902778218034655,13.066860674181953,-1467633.8615928562,-1685711.1166239858,0.0,-444179.0608992771,-459272.7749729833,16581.687839939757,2401.196382335609,11.213033209787682,-1765022.138,-1.9182179,1.8900997392179395,False
30,SPhos,0.5,900,11.902778218034655,13.066860674181953,-1467633.8615928562,-1685711.1166239858,0.0,-444179.0608992771,-459272.7749729833,16581.687839939757,2401.196382335609,11.213033209787682,-1765022.138,-1.9182179,2.3159044584405377,False
30,SPhos,0.5,300,11.902778218034655,13.066860674181953,-1467633.8615928562,-1685711.1166239858,0.0,-444179.0608992771,-459272.7749729833,16581.687839939757,2401.196382335609,11.213033209787682,-1765022.138,-2.5728948,2.241488396064621,False
30,SPhos,0.5,60,11.902778218034655,13.066860674181953,-1467633.8615928562,-1685711.1166239858,0.0,-444179.0608992771,-459272.7749729833,16581.687839939757,2401.196382335609,11.213033209787682,-1765022.138,-4.3128157,2.404030696343894,False
30,SPhos,0.5,150,11.902778218034655,13.066860674181953,-1467633.8615928562,-1685711.1166239858,0.0,-444179.0608992771,-459272.7749729833,16581.687839939757,2401.196382335609,11.213033209787682,-1765022.138,-5.0001554,2.3716118598598763,False
